Date,Open,High,Low,Close,Adj Close,Volume
10/9/1997,5.646039963,6.562691212,5.646039963,6.323565006,3.122904539,10201979
10/10/1997,7.014373779,7.040944099,6.363419056,6.615829945,3.267239809,10669148
10/13/1997,6.629115105,6.629115105,6.443128109,6.469697952,3.195072889,3044363
10/14/1997,6.416557789,6.429842949,6.031299114,6.204001904,3.063857317,2549907
10/15/1997,5.818741798,6.044583797,5.805458069,6.031299114,2.978568077,3167153
10/16/1997,6.031299114,6.031299114,5.818741798,5.845312119,2.886717081,1770821
10/17/1997,5.57961607,5.59290123,5.327205181,5.340489864,2.637411356,3287121
10/20/1997,4.463693142,4.782527924,4.450407982,4.676249981,2.309374332,11499985
10/21/1997,4.888805866,5.340489864,4.862236977,5.340489864,2.637411356,6924737
10/22/1997,4.915376186,4.92866087,4.702818871,4.716104031,2.329056501,4458573
10/23/1997,4.569971085,4.569971085,4.251135826,4.437122822,2.191281796,12494072
10/24/1997,4.543402195,4.569971085,4.091718197,4.197997093,2.073188543,9498638
10/27/1997,4.091718197,4.091718197,3.626749992,3.640034914,1.797638297,4905042
10/28/1997,3.347769976,4.463693142,3.321199894,4.463693142,2.204404116,10417921
10/29/1997,4.091718197,4.211281776,4.038578987,4.051864147,2.001020908,7548100
10/30/1997,3.82602191,3.985440016,3.812737942,3.945585966,1.948534369,2797370
10/31/1997,4.091718197,4.290989876,4.07843399,4.197997093,2.073188543,3611270
11/3/1997,4.569971085,4.888805866,4.569971085,4.822381973,2.381542444,6205871
11/4/1997,4.782527924,4.875522137,4.689534187,4.822381973,2.381542444,3145042
11/5/1997,4.915376186,5.247496128,4.915376186,5.207642078,2.571804047,3979642
11/6/1997,5.393629074,5.420197964,5.127933025,5.181072235,2.558682442,3649848
11/7/1997,4.809097767,5.088078022,4.782527924,5.061509132,2.499635696,4470805
11/10/1997,5.260780811,5.287350178,5.074793816,5.088078022,2.512757301,2435114
11/11/1997,4.995084763,5.074793816,4.968514919,4.981800079,2.460271358,2194707
11/12/1997,4.822381973,4.822381973,4.689534187,4.702818871,2.322495461,3905309
11/13/1997,4.75595808,4.92866087,4.596540928,4.662964821,2.302813292,2482160
11/14/1997,4.75595808,4.822381973,4.596540928,4.662964821,2.302813292,2205999
11/17/1997,4.981800079,4.995084763,4.888805866,4.995084763,2.466831446,3290415
11/18/1997,4.835667133,4.835667133,4.649680138,4.676249981,2.309374332,2240813
11/19/1997,4.623109818,4.623109818,4.490262032,4.543402195,2.2437675,1442908
11/20/1997,4.450407982,4.516831875,4.423838139,4.437122822,2.191281796,2578134
11/21/1997,4.463693142,4.662964821,4.463693142,4.662964821,2.302813292,4223342
11/24/1997,4.437122822,4.569971085,4.437122822,4.556685925,2.250328064,2254927
11/25/1997,4.583255768,4.742673874,4.583255768,4.676249981,2.309374332,1083946
11/26/1997,4.623109818,4.636394978,4.543402195,4.596540928,2.270011187,1136637
11/28/1997,4.676249981,4.676249981,4.662964821,4.676249981,2.309374332,1083475
12/1/1997,4.463693142,4.463693142,4.397268772,4.463693142,2.204404116,2365485
12/2/1997,4.503547192,4.543402195,4.450407982,4.463693142,2.204404116,2203176
12/3/1997,4.543402195,4.543402195,4.423838139,4.490262032,2.21752429,2783727
12/4/1997,4.702818871,4.742673874,4.676249981,4.676249981,2.309374332,2721625
12/5/1997,4.676249981,4.729389191,4.649680138,4.689534187,2.315934658,1796226
12/8/1997,4.862236977,4.995084763,4.862236977,4.888805866,2.414345741,2020166
12/9/1997,4.782527924,4.782527924,4.676249981,4.676249981,2.309374332,1487132
12/10/1997,4.742673874,4.742673874,4.463693142,4.476977825,2.210963488,1393980
12/11/1997,4.277706146,4.290989876,4.211281776,4.277706146,2.112552643,3128576
12/12/1997,4.264420986,4.330844879,4.237851143,4.237851143,2.092870951,2271863
12/15/1997,4.211281776,4.211281776,3.879162073,3.879162073,1.915731192,5162855
12/16/1997,3.879162073,4.06514883,3.852591991,3.998724937,1.974777222,3736884
12/17/1997,4.012010098,4.051864147,3.852591991,3.865876913,1.909170866,3310174
12/18/1997,3.83930707,3.83930707,3.719743967,3.719743967,1.837002158,1023256
12/19/1997,3.693173885,3.998724937,3.666604996,3.945585966,1.948534369,3056124
12/22/1997,3.919015884,3.985440016,3.865876913,3.905730963,1.928852558,1266485
12/23/1997,3.83930707,3.83930707,3.772882938,3.786168098,1.869806051,813430
12/24/1997,3.786168098,3.83930707,3.759598017,3.772882938,1.863245368,742860
12/26/1997,3.772882938,3.83930707,3.772882938,3.82602191,1.889487624,292628
12/29/1997,3.879162073,3.905730963,3.83930707,3.852591991,1.902609229,951275
12/30/1997,3.879162073,3.985440016,3.879162073,3.985440016,1.968217015,1465491
12/31/1997,3.985440016,3.985440016,3.82602191,3.865876913,1.909170866,917402
1/2/1998,3.852591991,3.919015884,3.83930707,3.919015884,1.935413241,568789
1/5/1998,3.919015884,3.945585966,3.83930707,3.905730963,1.928852558,1749650
1/6/1998,3.865876913,3.865876913,3.812737942,3.82602191,1.889487624,1504069
1/7/1998,3.746314049,3.746314049,3.454047918,3.454047918,1.705788493,1337054
1/8/1998,3.400908947,3.414194107,3.294630051,3.294630051,1.627059817,4584186
1/9/1998,3.294630051,3.307914972,3.082073927,3.095357895,1.528648257,5332692
1/12/1998,3.028934002,3.241491079,2.842947006,3.20163703,1.581134319,3469190
1/13/1998,3.334485054,3.600181103,3.321199894,3.573611021,1.764834642,2123668
1/14/1998,3.786168098,3.786168098,3.547041893,3.640034914,1.797638297,2803486
1/15/1998,3.613466024,3.640034914,3.533756971,3.586895943,1.771395206,1833863
1/16/1998,3.733028889,3.733028889,3.693173885,3.706459045,1.830442429,2319380
1/20/1998,3.79945302,3.972155094,3.79945302,3.919015884,1.935413241,3270655
1/21/1998,3.905730963,4.012010098,3.892446041,3.998724937,1.974777222,2871233
1/22/1998,3.998724937,4.11828804,3.932301044,4.10500288,2.027263165,1798578
1/23/1998,4.211281776,4.224565983,4.11828804,4.197997093,2.073188543,1195445
1/26/1998,4.490262032,4.516831875,4.397268772,4.516831875,2.230645657,3288062
1/27/1998,4.543402195,4.676249981,4.530117035,4.649680138,2.296253443,2171655
1/28/1998,4.676249981,4.888805866,4.676249981,4.888805866,2.414345741,3175151
1/29/1998,4.888805866,4.888805866,4.676249981,4.676249981,2.309374332,3233489
1/30/1998,4.729389191,5.074793816,4.716104031,5.048223972,2.493074656,4949265
2/2/1998,5.127933025,5.260780811,5.114647865,5.207642078,2.571804047,2354194
2/3/1998,5.420197964,5.56633091,5.353774071,5.553046227,2.742381811,5174617
2/4/1998,5.473338127,5.473338127,5.181072235,5.247496128,2.591485739,2420059
2/5/1998,5.473338127,5.52647686,5.274065971,5.287350178,2.611167669,1634387
2/6/1998,5.247496128,5.287350178,5.114647865,5.260780811,2.598046541,1084886
2/9/1998,5.260780811,5.287350178,5.061509132,5.074793816,2.506196022,1854563
2/10/1998,5.154501915,5.300634861,5.141218185,5.234210968,2.584924698,1728950
2/11/1998,5.406914234,5.406914234,5.287350178,5.393629074,2.663653612,3018958
2/12/1998,5.513192177,5.632754803,5.486621857,5.632754803,2.781746626,3442374
2/13/1998,5.553046227,5.553046227,5.473338127,5.499907017,2.716139078,1759530
2/17/1998,5.712463856,5.765603065,5.672609806,5.699179173,2.814549923,2100145
2/18/1998,5.712463856,5.805458069,5.699179173,5.792172909,2.860475063,1625918
2/19/1998,5.925021172,5.925021172,5.871881962,5.925021172,2.926082611,1120642
2/20/1998,5.951590061,5.951590061,5.752317905,5.765603065,2.847352982,1716718
2/23/1998,5.739034176,5.765603065,5.606185913,5.632754803,2.781746626,1026549
2/24/1998,5.685894012,5.792172909,5.646039963,5.752317905,2.840792418,2524972
2/25/1998,5.845312119,6.257141113,5.832026958,6.17743206,3.050736189,3695012
2/26/1998,6.456412792,6.456412792,6.296995163,6.323565006,3.122904539,1549703
2/27/1998,6.243855953,6.243855953,6.031299114,6.097723007,3.011371374,980914
3/2/1998,6.097723007,6.111008167,5.991445065,5.991445065,2.958885908,777204
3/3/1998,5.925021172,6.004730225,5.818741798,5.938305855,2.932643652,2350431
3/4/1998,5.685894012,5.739034176,5.632754803,5.646039963,2.788306475,1772232
3/5/1998,5.300634861,5.313920021,5.114647865,5.127933025,2.532439232,2942272
3/6/1998,5.327205181,5.699179173,5.327205181,5.606185913,2.768624306,2974264
3/9/1998,5.367059231,5.513192177,5.313920021,5.446767807,2.689896822,866592
3/10/1998,5.473338127,5.56633091,5.473338127,5.56633091,2.748942375,1178038
3/11/1998,5.792172909,5.845312119,5.778888226,5.792172909,2.860475063,1091002
3/12/1998,5.792172909,5.792172909,5.632754803,5.712463856,2.821110487,471874
3/13/1998,5.765603065,5.778888226,5.659325123,5.712463856,2.821110487,891056
3/16/1998,5.792172909,5.792172909,5.685894012,5.685894012,2.807989359,1242491
3/17/1998,5.699179173,5.699179173,5.446767807,5.460052967,2.696457624,2250222
3/18/1998,5.393629074,5.393629074,5.327205181,5.340489864,2.637411356,2122256
3/19/1998,5.393629074,5.499907017,5.393629074,5.473338127,2.703018665,1310238
3/20/1998,5.486621857,5.52647686,5.433483124,5.460052967,2.696457624,1988174
3/23/1998,5.300634861,5.340489864,5.287350178,5.313920021,2.624289513,727335
3/24/1998,5.420197964,5.52647686,5.420197964,5.499907017,2.716139078,931045
3/25/1998,5.739034176,5.792172909,5.685894012,5.739034176,2.834232569,2439818
3/26/1998,5.685894012,5.712463856,5.659325123,5.699179173,2.814549923,907522
3/27/1998,5.739034176,5.765603065,5.659325123,5.685894012,2.807989359,705694
3/30/1998,5.659325123,5.672609806,5.553046227,5.59290123,2.762064457,666175
3/31/1998,5.59290123,5.59290123,5.486621857,5.499907017,2.716139078,3265951
4/1/1998,5.473338127,5.473338127,5.406914234,5.460052967,2.696457624,1167217
4/2/1998,5.446767807,5.460052967,5.327205181,5.446767807,2.689896822,1446672
4/3/1998,5.446767807,5.446767807,5.367059231,5.393629074,2.663653612,600310
4/6/1998,5.406914234,5.446767807,5.380343914,5.380343914,2.657092571,330735
4/7/1998,5.313920021,5.313920021,5.207642078,5.207642078,2.571804047,1165336
4/8/1998,5.247496128,5.313920021,5.247496128,5.260780811,2.598046541,1172863
4/9/1998,5.154501915,5.260780811,5.154501915,5.220925808,2.578364134,829425
4/13/1998,5.114647865,5.114647865,4.94194603,4.981800079,2.460271358,1350227
4/14/1998,4.955230236,5.074793816,4.915376186,5.074793816,2.506196022,1475370
4/15/1998,5.114647865,5.154501915,5.074793816,5.127933025,2.532439232,1158749
4/16/1998,5.034938812,5.034938812,4.915376186,4.968514919,2.453710079,1011494
4/17/1998,4.862236977,4.875522137,4.809097767,4.835667133,2.388103008,1130521
4/20/1998,4.822381973,4.835667133,4.729389191,4.809097767,2.374981642,1067950
4/21/1998,4.862236977,5.021654129,4.862236977,4.995084763,2.466831446,1178979
4/22/1998,5.101363182,5.287350178,5.034938812,5.274065971,2.604607821,2119904
4/23/1998,5.181072235,5.220925808,5.154501915,5.167787075,2.552121162,2294916
4/24/1998,5.207642078,5.287350178,5.207642078,5.274065971,2.604607821,1254253
4/27/1998,5.141218185,5.141218185,4.995084763,5.034938812,2.486513853,882117
4/28/1998,5.154501915,5.207642078,5.154501915,5.194356918,2.565243006,1609452
4/29/1998,5.141218185,5.181072235,5.074793816,5.181072235,2.558682442,819075
4/30/1998,5.260780811,5.260780811,5.207642078,5.220925808,2.578364134,1226025
5/1/1998,5.181072235,5.194356918,5.114647865,5.154501915,2.545561075,359433
5/4/1998,5.127933025,5.274065971,5.127933025,5.220925808,2.578364134,926811
5/5/1998,5.088078022,5.127933025,5.088078022,5.127933025,2.532439232,715103
5/6/1998,5.154501915,5.207642078,5.088078022,5.141218185,2.539000273,850596
5/7/1998,5.141218185,5.141218185,5.088078022,5.114647865,2.525878668,399423
5/8/1998,5.101363182,5.127933025,5.074793816,5.114647865,2.525878668,371665
5/11/1998,5.154501915,5.247496128,5.154501915,5.167787075,2.552121162,1157808
5/12/1998,5.167787075,5.167787075,5.101363182,5.101363182,2.519317389,1122994
5/13/1998,5.141218185,5.141218185,5.101363182,5.101363182,2.519317389,746624
5/14/1998,5.114647865,5.127933025,5.101363182,5.114647865,2.525878668,2121315
5/15/1998,5.101363182,5.101363182,5.021654129,5.034938812,2.486513853,1482427
5/18/1998,4.92866087,4.92866087,4.888805866,4.902091026,2.420906544,828484
5/19/1998,4.862236977,4.862236977,4.848951817,4.848951817,2.394663572,895761
5/20/1998,4.862236977,4.888805866,4.795813084,4.809097767,2.374981642,2110024
5/21/1998,4.809097767,4.809097767,4.782527924,4.782527924,2.361860752,780027
5/22/1998,4.795813084,4.822381973,4.782527924,4.822381973,2.381542444,1144635
5/26/1998,4.304275036,4.410553932,4.251135826,4.251135826,2.099431515,3804160
5/27/1998,4.012010098,4.144857883,4.012010098,4.051864147,2.001020908,4008340
5/28/1998,4.1315732,4.144857883,4.038578987,4.051864147,2.001020908,1392569
5/29/1998,4.038578987,4.06514883,4.012010098,4.012010098,1.981338382,708987
6/1/1998,3.733028889,3.79945302,3.733028889,3.772882938,1.863245368,1521946
6/2/1998,3.679889917,3.719743967,3.666604996,3.666604996,1.810759783,1113114
6/3/1998,3.719743967,3.852591991,3.719743967,3.79945302,1.876367092,1964181
6/4/1998,3.706459045,3.746314049,3.613466024,3.746314049,1.850123763,2058744
6/5/1998,3.79945302,3.879162073,3.786168098,3.865876913,1.909170866,1428324
6/8/1998,3.852591991,3.852591991,3.812737942,3.82602191,1.889487624,485047
6/9/1998,3.79945302,3.79945302,3.653320074,3.719743967,1.837002158,837423
6/10/1998,3.560326099,3.560326099,3.467333078,3.50718689,1.732030869,2057332
6/11/1998,3.50718689,3.533756971,3.387624025,3.440762997,1.699227095,2420059
6/12/1998,3.467333078,3.480618,3.374339104,3.480618,1.71890986,1160160
6/15/1998,3.347769976,3.480618,3.347769976,3.467333078,1.712349296,809666
6/16/1998,3.480618,3.693173885,3.480618,3.666604996,1.810759783,1420326
6/17/1998,3.82602191,4.038578987,3.82602191,3.958869934,1.95509541,2269041
6/18/1998,3.958869934,3.958869934,3.905730963,3.919015884,1.935413241,558439
6/19/1998,3.905730963,4.025293827,3.879162073,3.998724937,1.974777222,1015729
6/22/1998,3.786168098,3.83930707,3.746314049,3.82602191,1.889487624,652061
6/23/1998,3.733028889,3.905730963,3.733028889,3.879162073,1.915731192,1544528
6/24/1998,3.879162073,3.879162073,3.719743967,3.83930707,1.8960495,1180861
6/25/1998,3.865876913,3.985440016,3.83930707,3.83930707,1.8960495,1187918
6/26/1998,3.865876913,3.932301044,3.852591991,3.919015884,1.935413241,884940
6/29/1998,3.693173885,3.706459045,3.666604996,3.693173885,1.823880911,1479134
6/30/1998,3.640034914,3.640034914,3.573611021,3.586895943,1.771395206,1034547
7/1/1998,3.640034914,3.706459045,3.640034914,3.693173885,1.823880911,2183416
7/2/1998,3.666604996,3.666604996,3.626749992,3.626749992,1.791077495,608308
7/6/1998,3.573611021,3.573611021,3.52047205,3.533756971,1.745153069,894349
7/7/1998,3.533756971,3.719743967,3.52047205,3.719743967,1.837002158,1214264
7/8/1998,3.719743967,3.879162073,3.693173885,3.852591991,1.902609229,1397744
7/9/1998,3.865876913,3.932301044,3.812737942,3.932301044,1.941974044,1223202
7/10/1998,3.79945302,3.79945302,3.719743967,3.733028889,1.843563557,2306678
7/13/1998,3.666604996,3.666604996,3.533756971,3.560326099,1.758273482,2275157
7/14/1998,3.547041893,3.653320074,3.547041893,3.613466024,1.784516931,2037573
7/15/1998,3.653320074,3.759598017,3.613466024,3.746314049,1.850123763,3286651
7/16/1998,3.879162073,4.197997093,3.852591991,4.197997093,2.073188543,6345598
7/17/1998,4.197997093,4.197997093,4.11828804,4.1315732,2.040385723,1444790
7/20/1998,4.1315732,4.184711933,4.1315732,4.144857883,2.046945333,934809
7/21/1998,4.051864147,4.06514883,4.038578987,4.051864147,2.001020908,747565
7/22/1998,4.038578987,4.038578987,3.985440016,4.012010098,1.981338382,2061096
7/23/1998,3.972155094,3.972155094,3.879162073,3.879162073,1.915731192,1383630
7/24/1998,3.958869934,4.038578987,3.958869934,3.998724937,1.974777222,445058
7/27/1998,3.998724937,3.998724937,3.905730963,3.945585966,1.948534369,1040663
7/28/1998,3.945585966,3.945585966,3.892446041,3.905730963,1.928852558,676996
7/29/1998,3.905730963,3.972155094,3.905730963,3.945585966,1.948534369,1097119
7/30/1998,3.945585966,4.025293827,3.945585966,3.985440016,1.968217015,1337054
7/31/1998,3.958869934,3.972155094,3.905730963,3.905730963,1.928852558,604074
8/3/1998,3.879162073,3.879162073,3.640034914,3.706459045,1.830442429,1775055
8/4/1998,3.82602191,3.82602191,3.733028889,3.733028889,1.843563557,1380337
8/5/1998,3.746314049,3.852591991,3.719743967,3.759598017,1.856684446,684993
8/6/1998,3.746314049,3.932301044,3.746314049,3.905730963,1.928852558,1489014
8/7/1998,4.038578987,4.038578987,3.932301044,3.972155094,1.961656332,851067
8/10/1998,3.958869934,3.958869934,3.772882938,3.772882938,1.863245368,1239669
8/11/1998,3.746314049,3.746314049,3.613466024,3.626749992,1.791077495,1431147
8/12/1998,3.666604996,3.852591991,3.666604996,3.852591991,1.902609229,1200620
8/13/1998,3.83930707,3.852591991,3.79945302,3.812737942,1.882927775,641711
8/14/1998,3.905730963,3.972155094,3.905730963,3.972155094,1.961656332,1967945
8/17/1998,3.892446041,3.972155094,3.865876913,3.972155094,1.961656332,1356343
8/18/1998,3.82602191,3.972155094,3.82602191,3.972155094,1.961656332,1937835
8/19/1998,3.972155094,4.012010098,3.932301044,3.945585966,1.948534369,793670
8/20/1998,3.82602191,3.83930707,3.82602191,3.82602191,1.889487624,685464
8/21/1998,3.719743967,3.733028889,3.693173885,3.693173885,1.823880911,585726
8/24/1998,3.573611021,3.586895943,3.560326099,3.560326099,1.758273482,724983
8/25/1998,3.613466024,3.719743967,3.613466024,3.719743967,1.837002158,705223
8/26/1998,3.544384956,3.64069891,3.467333078,3.544384956,1.750400782,1463625
8/27/1998,3.525121927,3.525121927,3.390280962,3.42880702,1.693322778,1047671
8/28/1998,3.390280962,3.42880702,3.216913939,3.42880702,1.693322778,975317
8/31/1998,3.409543991,3.467333078,3.274703026,3.274703026,1.617218137,416278
9/1/1998,3.293966055,3.293966055,3.178388119,3.197650909,1.579166293,1879903
9/2/1998,3.197650909,3.274703026,3.178388119,3.178388119,1.569652915,2026558
9/3/1998,3.15912509,3.15912509,3.082073927,3.101336956,1.531600833,1403276
9/4/1998,3.120599985,3.197650909,3.120599985,3.120599985,1.541113734,1047996
9/8/1998,3.448070049,3.544384956,3.409543991,3.467333078,1.712349296,2580406
9/9/1998,3.42880702,3.448070049,3.351754904,3.390280962,1.674296379,757931
9/10/1998,3.313229084,3.351754904,3.293966055,3.313229084,1.636244178,516211
9/11/1998,3.390280962,3.659961939,3.351754904,3.563647985,1.75991416,1990867
9/14/1998,3.563647985,3.698487997,3.563647985,3.659961939,1.807478905,2340632
9/15/1998,3.659961939,3.737014055,3.621436119,3.679224968,1.816992402,1809172
9/16/1998,3.679224968,3.737014055,3.621436119,3.659961939,1.807478905,614197
9/17/1998,3.602174044,3.679224968,3.544384956,3.679224968,1.816992402,408491
9/18/1998,3.621436119,3.737014055,3.602174044,3.698487997,1.826504588,756309
9/21/1998,3.563647985,3.717751026,3.544384956,3.698487997,1.826504588,861757
9/22/1998,3.756277084,3.775540113,3.679224968,3.698487997,1.826504588,373450
9/23/1998,3.737014055,3.910381079,3.737014055,3.871855021,1.912122488,1207953
9/24/1998,3.871855021,3.871855021,3.737014055,3.775540113,1.864557743,459755
9/25/1998,3.794802904,3.89111805,3.756277084,3.871855021,1.912122488,887390
9/28/1998,3.852591991,4.006696224,3.847775936,3.968169928,1.959687948,1308535
9/29/1998,4.006696224,4.025959015,3.910381079,3.929644108,1.940662265,734570
9/30/1998,3.871855021,3.910381079,3.775540113,3.775540113,1.864557743,3648842
10/1/1998,3.698487997,3.698487997,3.409543991,3.409543991,1.683810115,1345847
10/2/1998,3.409543991,3.42880702,3.082073927,3.178388119,1.569652915,7057262
10/5/1998,3.178388119,3.236176968,3.082073927,3.082073927,1.522087455,1775104
10/6/1998,3.216913939,3.390280962,3.197650909,3.313229084,1.636244178,824769
10/7/1998,3.293966055,3.409543991,3.293966055,3.371017933,1.664782643,1192379
10/8/1998,3.390280962,3.505858898,3.390280962,3.409543991,1.683810115,712832
10/9/1998,3.698487997,3.717751026,3.64069891,3.717751026,1.836018562,1846484
10/12/1998,3.814065933,3.929644108,3.814065933,3.910381079,1.931149125,999652
10/13/1998,3.871855021,3.871855021,3.737014055,3.775540113,1.864557743,521078
10/14/1998,3.698487997,3.852591991,3.582911015,3.717751026,1.836018562,1791975
10/15/1998,3.737014055,3.89111805,3.698487997,3.852591991,1.902609229,718672
10/16/1998,3.852591991,3.968169928,3.852591991,3.929644108,1.940662265,1687176
10/19/1998,3.852591991,3.89111805,3.775540113,3.833328962,1.893096447,408491
10/20/1998,3.871855021,3.948906898,3.833328962,3.871855021,1.912122488,1165774
10/21/1998,3.89111805,3.929644108,3.698487997,3.775540113,1.864557743,1415605
10/22/1998,3.737014055,3.756277084,3.659961939,3.659961939,1.807478905,1044751
10/23/1998,3.621436119,3.698487997,3.505858898,3.505858898,1.731374741,1511969
10/26/1998,3.544384956,3.794802904,3.544384956,3.737014055,1.845531583,1240074
10/27/1998,3.775540113,3.814065933,3.737014055,3.756277084,1.855044603,1082064
10/28/1998,3.737014055,3.794802904,3.737014055,3.794802904,1.874070048,494797
10/29/1998,3.814065933,4.006696224,3.794802904,4.006696224,1.978715181,2697859
10/30/1998,4.122272968,4.603847027,4.122272968,4.603847027,2.27361846,6619894
11/2/1998,4.584584236,4.77721405,4.391954899,4.757950783,2.349723101,2396114
11/3/1998,4.700161934,4.757950783,4.546059132,4.584584236,2.264105558,2725438
11/4/1998,4.603847027,4.680899143,4.565321922,4.584584236,2.264105558,1565504
11/5/1998,4.603847027,4.603847027,4.430480957,4.507533073,2.226053953,2696886
11/6/1998,4.391954899,4.469007015,4.257113934,4.33416605,2.140435219,1804305
11/9/1998,4.314902782,4.353428841,4.218587875,4.257113934,2.102383375,819254
11/10/1998,4.141536236,4.160799026,4.064485073,4.064485073,2.007253408,1825719
11/11/1998,4.045221806,4.237851143,4.045221806,4.103010178,2.026278973,4605341
11/12/1998,4.083747864,4.33416605,4.083747864,4.314902782,2.130922556,2330574
11/13/1998,4.430480957,4.623109818,4.391954899,4.526795864,2.235566616,1615795
11/16/1998,4.603847027,5.085421085,4.584584236,5.085421085,2.511444569,3845463
11/17/1998,5.066157818,5.066157818,4.892792225,5.008369923,2.473392487,2208254
11/18/1998,5.008369923,5.008369923,4.931317806,4.969843864,2.454366446,1737467
11/19/1998,5.104683876,5.586257935,5.104683876,5.432155132,2.682680368,3586546
11/20/1998,5.008369923,5.123947144,4.969843864,5.066157818,2.501931667,11671363
11/23/1998,5.104683876,5.104683876,4.931317806,5.02763319,2.482905865,3563186
11/24/1998,5.008369923,5.02763319,4.854266167,4.912055016,2.425827742,5037193
11/25/1998,4.835002899,4.873528957,4.546059132,4.757950783,2.349723101,4066094
11/27/1998,4.77721405,4.854266167,4.77721405,4.796476841,2.368748188,506477
11/30/1998,4.700161934,4.719425201,4.603847027,4.623109818,2.283131838,1336438
12/1/1998,4.623109818,4.700161934,4.507533073,4.700161934,2.32118392,2410066
12/2/1998,4.700161934,4.854266167,4.661635876,4.77721405,2.359235287,2912974
12/3/1998,4.623109818,5.008369923,4.623109818,4.835002899,2.387774229,6401210
12/4/1998,5.085421085,5.239524841,5.008369923,5.239524841,2.587548733,4416507
12/7/1998,5.220262051,5.239524841,4.931317806,5.066157818,2.501931667,1930843
12/8/1998,4.989107132,5.066157818,4.835002899,4.912055016,2.425827742,921458
12/9/1998,4.642373085,4.815740108,4.565321922,4.584584236,2.264105558,2228694
12/10/1998,4.584584236,4.584584236,4.33416605,4.353428841,2.149948835,2005144
12/11/1998,4.314902782,4.391954899,4.199325085,4.295639992,2.121409416,2552178
12/14/1998,4.237851143,4.276377201,4.122272968,4.122272968,2.035792112,1868872
12/15/1998,4.160799026,4.507533073,4.141536236,4.488269806,2.216540337,4787037
12/16/1998,4.391954899,4.391954899,4.276377201,4.295639992,2.121409416,1990219
12/17/1998,4.257113934,4.526795864,4.199325085,4.526795864,2.235566616,2753990
12/18/1998,4.700161934,4.854266167,4.642373085,4.835002899,2.387774229,3291615
12/21/1998,4.77721405,4.77721405,4.700161934,4.757950783,2.349723101,1670304
12/22/1998,4.835002899,4.835002899,4.680899143,4.738687992,2.340210199,649563
12/23/1998,4.757950783,4.757950783,4.661635876,4.680899143,2.31167078,450671
12/24/1998,4.719425201,4.719425201,4.642373085,4.661635876,2.30215764,160282
12/28/1998,4.661635876,4.661635876,4.469007015,4.507533073,2.226053953,343600
12/29/1998,4.507533073,4.507533073,4.353428841,4.430480957,2.188001156,1201788
12/30/1998,4.430480957,4.469007015,4.391954899,4.430480957,2.188001156,443208
12/31/1998,4.391954899,4.488269806,4.353428841,4.372692108,2.159462214,718023
1/4/1999,4.469007015,4.584584236,4.430480957,4.430480957,2.188001156,1972049
1/5/1999,4.391954899,4.391954899,4.180061817,4.391954899,2.168974876,4110544
1/6/1999,4.469007015,4.950581074,4.469007015,4.835002899,2.387774229,8977398
1/7/1999,4.873528957,5.008369923,4.815740108,4.950581074,2.444853544,2373402
1/8/1999,5.393629074,5.952254772,5.355103016,5.605521202,2.768297672,14079482
1/11/1999,5.566995144,5.586257935,5.412891865,5.47068119,2.701705933,7098468
1/12/1999,5.509206772,5.547731876,5.47068119,5.528470039,2.730245352,8473840
1/13/1999,5.258788109,5.663310051,5.162473202,5.663310051,2.796836376,7953412
1/14/1999,5.759624958,6.106358051,5.740362167,6.106358051,3.01563549,7397293
1/15/1999,6.106358051,6.953928947,6.106358051,6.934666157,3.424698591,8724970
1/19/1999,6.472354889,6.85761404,6.395302773,6.85761404,3.386645555,5921014
1/20/1999,6.973192215,7.050242901,6.607194901,6.742035866,3.329565287,6156894
1/21/1999,6.549406052,6.664984226,6.318251133,6.472354889,3.196384907,4765947
1/22/1999,6.241199017,6.241199017,6.087094784,6.144884109,3.034662724,3429509
1/25/1999,5.894465923,5.97151804,5.855939865,5.913729191,2.920506477,2226099
1/26/1999,6.010044098,6.41456604,6.010044098,6.376039982,3.148819923,3154694
1/27/1999,6.453092098,6.491618156,6.202672958,6.221936226,3.072715282,2071008
1/28/1999,6.221936226,6.337513924,6.125620842,6.241199017,3.082226992,2934388
1/29/1999,6.221936226,6.221936226,6.067831993,6.1641469,3.044174671,2887342
2/1/1999,5.97151804,5.99078083,5.778888226,5.932991982,2.930019379,4225726
2/2/1999,5.855939865,5.875203133,5.701836109,5.836677074,2.882453918,3845787
2/3/1999,5.894465923,6.491618156,5.894465923,6.41456604,3.167846441,5719526
2/4/1999,6.260461807,6.279725075,6.048569202,6.048569202,2.987097025,1935710
2/5/1999,5.99078083,6.087094784,5.875203133,5.913729191,2.920506477,2779622
2/8/1999,6.1641469,6.260461807,6.010044098,6.048569202,2.987097025,1578158
2/9/1999,5.97151804,5.97151804,5.586257935,5.663310051,2.796836376,2355557
2/10/1999,5.624783993,5.682572842,5.47068119,5.644046783,2.78732276,1849729
2/11/1999,5.644046783,6.202672958,5.644046783,6.202672958,3.063200951,3959347
2/12/1999,5.97151804,5.99078083,5.836677074,5.855939865,2.89196682,3693617
2/16/1999,5.855939865,5.932991982,5.836677074,5.836677074,2.882453918,407518
2/17/1999,5.855939865,5.875203133,5.778888226,5.836677074,2.882453918,1163178
2/18/1999,5.836677074,5.952254772,5.759624958,5.759624958,2.844401121,1021066
2/19/1999,5.836677074,5.97151804,5.836677074,5.894465923,2.910993576,2560938
2/22/1999,6.087094784,6.318251133,6.087094784,6.202672958,3.063200951,1931816
2/23/1999,6.1641469,6.221936226,6.087094784,6.202672958,3.063200951,2734523
2/24/1999,6.298987865,6.703509808,6.298987865,6.453092098,3.186871767,4004771
2/25/1999,6.395302773,6.491618156,6.202672958,6.298987865,3.110767841,3649167
2/26/1999,6.337513924,6.337513924,5.932991982,6.010044098,2.968070745,6250986
3/1/1999,5.97151804,6.048569202,5.855939865,5.97151804,2.949044943,2850354
3/2/1999,5.913729191,5.913729191,5.740362167,5.778888226,2.853914261,1355581
3/3/1999,5.836677074,5.836677074,5.682572842,5.740362167,2.834888458,1485364
3/4/1999,5.932991982,6.048569202,5.778888226,5.894465923,2.910993576,3444759
3/5/1999,6.048569202,6.125620842,6.010044098,6.087094784,3.006123066,1167071
3/8/1999,6.087094784,6.260461807,6.087094784,6.202672958,3.063200951,1174209
3/9/1999,6.221936226,6.433828831,6.067831993,6.067831993,2.996609688,1790029
3/10/1999,6.202672958,6.549406052,6.183410168,6.549406052,3.234436274,3098563
3/11/1999,6.703509808,6.819087982,6.626458168,6.722773075,3.320053816,3502837
3/12/1999,6.703509808,6.819087982,6.626458168,6.780561924,3.348592758,1039884
3/15/1999,7.242873192,7.242873192,7.108032227,7.185083866,3.548368216,2503834
3/16/1999,7.185083866,7.396976948,7.088768959,7.35845089,3.633985281,3347746
3/17/1999,7.396976948,8.013390541,7.396976948,7.97486496,3.938402176,5259446
3/18/1999,7.97486496,8.013390541,7.743710041,7.917077065,3.90986371,3207905
3/19/1999,7.994128227,8.24454689,7.994128227,8.051917076,3.976454258,2439267
3/22/1999,7.955602169,7.97486496,7.647395134,7.705183983,3.805218458,879603
3/23/1999,7.551080227,7.551080227,7.204347134,7.204347134,3.557880163,1168045
3/24/1999,7.242873192,7.377714157,7.185083866,7.262135983,3.586419106,2149527
3/25/1999,7.454765797,7.570343018,7.35845089,7.396976948,3.653009653,2067115
3/26/1999,7.377714157,7.377714157,7.185083866,7.204347134,3.557880163,1888015
3/29/1999,7.165821075,7.242873192,7.127295017,7.204347134,3.557880163,956823
3/30/1999,7.146557808,7.204347134,7.03098011,7.03098011,3.472262383,1035017
3/31/1999,7.069506168,7.300662041,7.050242901,7.281398773,3.595932961,1654730
4/1/1999,7.396976948,7.743710041,7.396976948,7.724446774,3.814733505,2664115
4/5/1999,7.724446774,7.97486496,7.685921192,7.897813797,3.900349379,1081415
4/6/1999,7.955602169,8.109705925,7.878551006,7.955602169,3.928887844,1892881
4/7/1999,7.994128227,7.994128227,7.80149889,7.859288216,3.88132453,974668
4/8/1999,8.090442657,8.14823246,7.97486496,7.97486496,3.938402176,1564856
4/9/1999,8.051917076,8.321599007,7.97486496,8.321599007,4.109637737,2262762
4/12/1999,7.97486496,8.360124588,7.97486496,8.225283623,4.062072754,3250409
4/13/1999,8.206021309,8.225283623,7.936339855,7.936339855,3.919375896,3723143
4/14/1999,7.936339855,7.936339855,7.705183983,7.820762157,3.86229825,5186443
4/15/1999,7.840024948,8.051917076,7.551080227,7.820762157,3.86229825,6332749
4/16/1999,7.820762157,8.109705925,7.762972832,7.878551006,3.890836477,4246816
4/19/1999,8.013390541,8.013390541,7.416240215,7.435503006,3.672037363,7368416
4/20/1999,7.666657925,7.685921192,7.454765797,7.570343018,3.738627911,5729584
4/21/1999,7.705183983,7.994128227,7.705183983,7.782236099,3.843272209,3106675
4/22/1999,7.97486496,7.994128227,7.820762157,7.917077065,3.90986371,1227420
4/23/1999,7.994128227,8.552754402,7.994128227,8.533491135,4.214280128,2540822
4/26/1999,8.706857681,8.726120949,8.4949646,8.591279984,4.242818832,1891584
4/27/1999,8.552754402,8.552754402,8.206021309,8.302335739,4.100122929,2639132
4/28/1999,8.283073425,8.283073425,7.936339855,7.936339855,3.919375896,1622933
4/29/1999,7.628131866,7.705183983,7.377714157,7.396976948,3.653009653,7252260
4/30/1999,7.396976948,7.454765797,7.262135983,7.396976948,3.653009653,3157290
5/3/1999,7.377714157,7.377714157,7.242873192,7.35845089,3.633985281,965584
5/4/1999,7.589605808,7.628131866,7.435503006,7.570343018,3.738627911,5423621
5/5/1999,7.570343018,7.936339855,7.551080227,7.936339855,3.919375896,6918070
5/6/1999,7.859288216,7.859288216,7.608869076,7.628131866,3.767167807,2996359
5/7/1999,7.512554169,7.512554169,7.146557808,7.146557808,3.529341221,3852601
5/10/1999,7.146557808,7.146557808,6.992454052,6.992454052,3.453235865,3225750
5/11/1999,6.703509808,6.915402889,6.549406052,6.780561924,3.348592758,9290498
5/12/1999,6.819087982,6.973192215,6.742035866,6.934666157,3.424698591,5775008
5/13/1999,7.050242901,7.377714157,7.050242901,7.185083866,3.548368216,2981110
5/14/1999,7.165821075,7.319924831,7.050242901,7.281398773,3.595932961,3331199
5/17/1999,7.204347134,7.204347134,7.050242901,7.069506168,3.491288662,1857191
5/18/1999,7.165821075,7.396976948,7.108032227,7.396976948,3.653009653,2595006
5/19/1999,7.474028111,7.474028111,7.165821075,7.242873192,3.576907158,3602445
5/20/1999,7.319924831,7.551080227,7.281398773,7.377714157,3.643497467,2957100
5/21/1999,7.493290901,7.551080227,7.377714157,7.416240215,3.6625247,1886068
5/24/1999,7.416240215,7.512554169,7.416240215,7.474028111,3.691063166,1382186
5/25/1999,7.454765797,7.589605808,7.35845089,7.396976948,3.653009653,2809472
5/26/1999,7.474028111,7.570343018,7.474028111,7.551080227,3.729115486,1260839
5/27/1999,7.531816959,8.14823246,7.512554169,8.109705925,4.004993916,4805206
5/28/1999,8.051917076,8.109705925,8.013390541,8.071180344,3.985966444,812764
6/1/1999,8.071180344,8.071180344,7.994128227,8.032653809,3.96694088,514913
6/2/1999,8.225283623,8.417914391,8.225283623,8.398651123,4.147689342,3630997
6/3/1999,8.475702286,8.783909798,8.398651123,8.745384216,4.318924427,3072931
6/4/1999,8.783909798,8.976538658,8.783909798,8.918749809,4.404541969,1669655
6/7/1999,9.284747124,9.573691368,9.207695007,9.573691368,4.727984905,1812741
6/8/1999,9.78558445,10.05526543,9.631480217,9.689269066,4.785063744,1739738
6/9/1999,9.843373299,10.38273525,9.843373299,10.30568409,5.0894804,1904562
6/10/1999,10.01673889,10.03600216,9.727794647,9.920424461,4.899220943,4168622
6/11/1999,9.727794647,9.862635612,9.631480217,9.631480217,4.756523609,1503858
6/14/1999,9.592953682,9.862635612,9.592953682,9.843373299,4.861166,942547
6/15/1999,9.958950043,10.17084312,9.958950043,10.09379101,4.984836578,827041
6/16/1999,10.38273525,10.61389065,10.36347198,10.51757622,5.194124699,2193004
6/17/1999,10.71020603,10.74873161,10.51757622,10.59462833,5.232177734,2300075
6/18/1999,10.61389065,10.67168045,10.47904968,10.63315392,5.251202583,935409
6/21/1999,10.63315392,10.71020603,10.5561018,10.67168045,5.270228863,2043754
6/22/1999,10.65241718,10.69094276,10.36347198,10.38273525,5.127531052,948063
6/23/1999,10.19010639,10.28642082,10.13231659,10.20936871,5.041915894,980833
6/24/1999,10.38273525,10.63315392,10.32494736,10.59462833,5.232177734,1540846
6/25/1999,10.09379101,10.17084312,10.05526543,10.09379101,4.984836578,1179401
6/28/1999,10.09379101,10.19010639,10.09379101,10.09379101,4.984836578,794919
6/29/1999,10.32494736,10.63315392,10.28642082,10.63315392,5.251202583,1168694
6/30/1999,10.36347198,10.5561018,10.19010639,10.47904968,5.175097466,1669980
7/1/1999,10.51757622,10.69094276,10.47904968,10.67168045,5.270228863,1526894
7/2/1999,10.67168045,10.67168045,10.47904968,10.5561018,5.213150978,647940
7/6/1999,10.61389065,10.61389065,10.34420967,10.4405241,5.156071663,2057057
7/7/1999,10.36347198,10.40199757,10.05526543,10.09379101,4.984836578,2145958
7/8/1999,10.05526543,10.07452774,9.862635612,9.920424461,4.899220943,1781593
7/9/1999,9.997475624,10.09379101,9.708532333,9.939686775,4.908731937,1666086
7/12/1999,9.862635612,9.901161194,9.689269066,9.689269066,4.785063744,1964911
7/13/1999,9.554428101,9.554428101,9.265483856,9.284747124,4.585290909,4178680
7/14/1999,9.342535973,9.862635612,9.323272705,9.843373299,4.861166,3148530
7/15/1999,9.862635612,10.24789524,9.824110031,10.03600216,4.956298828,8948196
7/16/1999,9.554428101,9.862635612,9.496639252,9.78558445,4.832629681,5070612
7/19/1999,9.939686775,9.939686775,9.631480217,9.78558445,4.832629681,3625157
7/20/1999,9.901161194,10.03600216,9.689269066,9.689269066,4.785063744,4214370
7/21/1999,9.708532333,9.997475624,9.708532333,9.939686775,4.908731937,739762
7/22/1999,9.824110031,9.862635612,9.342535973,9.342535973,4.613828659,1772832
7/23/1999,9.438850403,9.515901566,9.246220589,9.304010391,4.59480238,2355881
7/26/1999,9.284747124,9.477375984,9.18843174,9.342535973,4.613828659,1786784
7/27/1999,9.419587135,9.592953682,9.265483856,9.573691368,4.727984905,2122597
7/28/1999,9.747057915,9.881897926,9.727794647,9.843373299,4.861166,2377945
7/29/1999,9.78558445,9.78558445,9.246220589,9.265483856,4.575777054,2139793
7/30/1999,9.400323868,9.592953682,9.400323868,9.573691368,4.727984905,2194626
8/2/1999,9.323272705,9.419587135,9.284747124,9.36179924,4.623342037,881874
8/3/1999,9.36179924,9.381061554,8.995801926,9.053590775,4.471132278,3131982
8/4/1999,8.995801926,8.995801926,8.610543251,8.629805565,4.261845112,2902591
8/5/1999,8.649068832,8.6683321,8.437175751,8.610543251,4.252333641,2187813
8/6/1999,8.552754402,8.860961914,8.514227867,8.822436333,4.356976986,802706
8/9/1999,9.072854042,9.400323868,9.015065193,9.400323868,4.64236784,1824421
8/10/1999,9.804846764,10.01673889,9.554428101,9.862635612,4.870679855,1746551
8/11/1999,10.05526543,10.67168045,10.05526543,10.4405241,5.156071663,3236133
8/12/1999,11.48072433,11.53851318,10.94136143,11.19178009,5.527081013,4358429
8/13/1999,11.48072433,11.48072433,10.63315392,10.82578373,5.346334934,1961017
8/16/1999,11.46762466,11.51501179,11.13591671,11.3254652,5.593100548,2577981
8/17/1999,11.27807808,11.3254652,11.08852959,11.25438404,5.557997227,1306269
8/18/1999,11.20699787,11.23069096,10.80420876,10.85159588,5.359081268,1850987
8/19/1999,10.97006321,10.99375725,10.63835526,10.73312855,5.300575256,2309711
8/20/1999,10.87528896,10.99375725,10.75682163,10.85159588,5.359081268,3144330
8/23/1999,10.898983,10.99375725,10.85159588,10.898983,5.382482529,3971563
8/24/1999,10.85159588,10.99375725,10.75682163,10.78051567,5.32397747,3762117
8/25/1999,11.18330383,11.25438404,10.94637012,10.97006321,5.41758585,5155963
8/26/1999,10.97006321,11.23069096,10.94637012,10.97006321,5.41758585,2690090
8/27/1999,11.08852959,11.13591671,10.87528896,10.898983,5.382482529,1490655
8/30/1999,10.94637012,10.97006321,10.78051567,10.87528896,5.370780468,1011620
8/31/1999,10.898983,11.04114342,10.80420876,10.97006321,5.41758585,2193118
9/1/1999,11.42023754,11.42023754,11.23069096,11.23069096,5.546297073,2833063
9/2/1999,11.15961075,11.18330383,10.97006321,10.99375725,5.429289341,1591949
9/3/1999,11.46762466,11.82302666,11.39654541,11.82302666,5.838821888,2184413
9/7/1999,11.72825336,12.08365536,11.70456028,11.98888111,5.920731068,2576135
9/8/1999,12.10734844,12.5101366,12.08365536,12.27320194,6.061142921,3422097
9/9/1999,12.32058907,12.41536331,12.13104153,12.32058907,6.084545135,1914823
9/10/1999,12.65229702,12.7707653,12.5101366,12.7707653,6.306866646,1422862
9/13/1999,12.74707127,12.7707653,11.94149399,12.10734844,5.979235649,1716456
9/14/1999,11.89410686,12.41536331,11.7519474,12.3442831,6.096247673,2372228
9/15/1999,12.36797619,12.41536331,11.94149399,11.94149399,5.897328854,2961263
9/16/1999,12.29689598,12.29689598,11.65717316,11.89410686,5.87392664,2103166
9/17/1999,12.03626823,12.20212173,12.03626823,12.20212173,6.026039124,879463
9/20/1999,12.15473461,12.60491085,11.37285233,11.56239891,5.710113049,3300755
9/21/1999,11.51501179,11.82302666,11.30177116,11.72825336,5.792020321,3313153
9/22/1999,11.65717316,11.70456028,11.18330383,11.3254652,5.593100548,3906408
9/23/1999,11.44393158,11.53870583,11.08852959,11.08852959,5.476090908,3267518
9/24/1999,11.18330383,11.18330383,10.73312855,10.99375725,5.429289341,2232685
9/27/1999,11.23069096,11.56239891,11.18330383,11.30177116,5.581400394,3368285
9/28/1999,11.3254652,11.42023754,11.01745033,11.18330383,5.522894382,3192603
9/29/1999,11.56239891,11.98888111,11.56239891,11.7519474,5.803720951,2941742
9/30/1999,11.65717316,11.70456028,11.18330383,11.18330383,5.522894382,4417098
10/1/1999,11.15961075,11.60978603,11.13591671,11.58609295,5.721811771,2867619
10/4/1999,11.53870583,11.94149399,11.53870583,11.9178009,5.885627747,2104485
10/5/1999,11.7519474,12.17842865,11.70456028,12.17842865,6.014338493,2958889
10/6/1999,12.13104153,12.3442831,12.10734844,12.27320194,6.061142921,3078120
10/7/1999,12.32058907,12.32058907,11.70456028,11.89410686,5.87392664,3147232
10/8/1999,11.7519474,11.7519474,11.42023754,11.46762466,5.663309097,3517851
10/11/1999,11.7519474,12.03626823,11.7519474,11.96518803,5.909030437,1586410
10/12/1999,12.27320194,12.32058907,11.87041378,11.89410686,5.87392664,2952030
10/13/1999,11.82302666,12.08365536,11.76971722,11.76971722,5.812495708,2270934
10/14/1999,12.03626823,12.17842865,11.96518803,12.05996132,5.955833435,1436843
10/15/1999,11.7519474,11.87041378,11.65717316,11.7519474,5.803720951,1637584
10/18/1999,11.7519474,11.7519474,11.39654541,11.44393158,5.651608467,3230061
10/19/1999,11.7519474,11.84671974,11.46762466,11.46762466,5.663309097,2312876
10/20/1999,11.4913187,11.89410686,11.44393158,11.84671974,5.850523949,1432886
10/21/1999,11.70456028,11.87041378,11.4913187,11.82302666,5.838821888,1151162
10/22/1999,11.79933357,12.10734844,11.65717316,11.94149399,5.897328854,1456627
10/25/1999,12.20212173,12.27320194,12.15473461,12.27320194,6.061142921,1756815
10/26/1999,12.27320194,12.62860394,12.27320194,12.5101366,6.178154945,1529959
10/27/1999,12.53382969,12.55752373,12.20212173,12.27320194,6.061142921,790567
10/28/1999,12.24950886,12.65229702,12.17842865,12.62860394,6.236658573,1311808
10/29/1999,12.72337818,13.22093964,12.72337818,13.12616634,6.482380867,3267254
11/1/1999,13.0313921,13.36310101,12.69968414,12.91292477,6.377071857,3106873
11/2/1999,13.26832676,13.4578743,13.22093964,13.36310101,6.599393368,2467983
11/3/1999,13.26832676,13.43418121,13.22093964,13.43418121,6.634496689,1577968
11/4/1999,13.43418121,13.55264759,13.17355347,13.26832676,6.552587986,1109484
11/5/1999,13.36310101,13.69480896,13.31571388,13.4578743,6.646196365,2345322
11/8/1999,13.36310101,13.78958321,13.33940697,13.69480896,6.763207436,2602514
11/9/1999,13.83696938,13.97912979,13.69480896,13.69480896,6.763207436,2168585
11/10/1999,13.67111492,14.59515953,13.64742184,14.45299911,7.137638569,3012173
11/11/1999,14.87948132,14.87948132,14.31083775,14.35822487,7.090836048,2782152
11/12/1999,14.40561199,14.45299911,13.64742184,13.83696938,6.833413601,2960207
11/15/1999,14.02651691,14.12129116,13.95543671,13.97912979,6.903618336,1794537
11/16/1999,14.14498425,14.40561199,14.02651691,14.40561199,7.114239693,1495667
11/17/1999,14.28714466,14.31083775,13.88435555,14.00282383,6.915321827,2151176
11/18/1999,14.02651691,14.19237137,14.00282383,14.14498425,6.985528469,1858901
11/19/1999,14.14498425,14.35822487,13.97912979,14.07390404,6.950422287,1609095
11/22/1999,14.07390404,14.19237137,13.83696938,14.12129116,6.973826885,2259328
11/23/1999,13.97912979,14.19237137,13.76588917,14.12129116,6.973826885,1329746
11/24/1999,14.16867828,14.16867828,13.74219608,14.12129116,6.973826885,1599071
11/26/1999,13.64742184,13.78958321,13.60003471,13.78958321,6.81001091,1055408
11/29/1999,13.86066341,13.88435555,13.71850204,13.74219608,6.78660965,1140611
11/30/1999,13.74219608,13.83696938,13.57634163,13.57634163,6.704702854,675820
12/1/1999,13.6237278,13.78958321,13.57634163,13.71850204,6.774909019,1494612
12/2/1999,14.00282383,14.80840111,13.97912979,14.80840111,7.313157082,3680607
12/3/1999,15.25857639,15.54289722,15.0690279,15.42442989,7.617383003,3041717
12/6/1999,14.83209419,15.18749619,14.68993282,15.16380215,7.488673687,2548965
12/7/1999,15.0690279,15.11641502,14.87948132,15.02164078,7.418463707,1042219
12/8/1999,14.83209419,14.83209419,14.45299911,14.4766922,7.149341583,1454516
12/9/1999,14.59515953,14.68993282,14.50038624,14.6425457,7.231249332,1764729
12/10/1999,14.6425457,14.78470707,14.23975754,14.59515953,7.207849026,1252720
12/13/1999,14.59515953,14.73731995,14.21606445,14.38191891,7.102537155,1382239
12/14/1999,14.40561199,14.40561199,13.95543671,13.95543671,6.891917706,1881850
12/15/1999,13.93174267,14.19237137,13.86066341,13.86066341,6.845112801,1861538
12/16/1999,13.93174267,14.21606445,13.93174267,14.21606445,7.020630836,4116118
12/17/1999,14.59515953,14.68993282,14.42930508,14.42930508,7.125936985,1043010
12/20/1999,14.4766922,14.85578728,14.4766922,14.78470707,7.301454067,974162
12/21/1999,15.02164078,15.44812298,14.99794769,15.37704277,7.593981743,1903217
12/22/1999,15.40073681,15.40073681,15.0690279,15.14010906,7.476969719,616204
12/23/1999,15.25857639,15.51920414,15.21118927,15.51920414,7.664187431,752054
12/27/1999,16.39586067,16.39586067,16.15892792,16.30108643,8.050319672,808504
12/28/1999,16.20631409,16.77495575,16.15892792,16.6801815,8.237540245,1002651
12/29/1999,16.7038765,17.34359932,16.7038765,16.89342308,8.34284687,798480
12/30/1999,17.0355835,17.05927658,16.79865074,16.82234383,8.307744026,474287
12/31/1999,16.84603691,17.15405083,16.79865074,17.05927658,8.42475605,428125
1/3/2000,17.91224098,18.00701523,17.46206665,17.95962715,8.86939621,2062807
1/4/2000,17.95962715,18.67043114,17.91224098,18.07809448,8.927901268,2557142
1/5/2000,18.24394989,18.36241722,18.07809448,18.19656372,8.98640728,2295467
1/6/2000,17.77008057,17.79377365,17.05927658,17.43837166,8.611973763,1539456
1/7/2000,18.0544014,18.19656372,17.81746674,18.10178947,8.939601898,1511230
1/10/2000,18.69412422,18.83628464,18.43349648,18.83628464,9.302333832,1102626
1/11/2000,18.81259155,18.81259155,18.52827072,18.5756588,9.173624992,2573761
1/12/2000,19.00214005,19.00214005,18.78889847,18.88367271,9.325736046,1407826
1/13/2000,18.95475388,19.28646088,18.95475388,19.26276779,9.512953758,1751803
1/14/2000,19.52339554,20.99238968,19.52339554,20.92130852,10.33202553,4445851
1/18/2000,20.04465103,20.56590652,20.04465103,20.40005302,10.07460499,2009786
1/19/2000,20.40005302,20.51852036,20.23419762,20.25789261,10.0043993,1653939
1/20/2000,20.68437386,20.70806694,19.94987679,19.94987679,9.852283478,3375671
1/21/2000,20.9450016,21.22932243,20.66068077,20.70806694,10.2267189,2109234
1/24/2000,21.37148476,23.21957207,21.32409668,22.62723541,11.17450333,3403896
1/25/2000,22.62723541,24.92550087,22.60354233,24.83072662,12.26269817,3588546
1/26/2000,25.49414253,27.29484367,23.78821564,23.97776222,11.84146214,7180257
1/27/2000,22.88786316,22.91155624,21.89273834,22.3192215,11.0223875,5966841
1/28/2000,21.797966,21.84535217,20.49482536,20.58959961,10.16821194,2885028
1/31/2000,20.18681145,20.18681145,19.28646088,19.66555595,9.711870193,5711760
2/1/2000,19.90249062,22.05859375,19.83140945,22.03490067,10.88197708,3431066
2/2/2000,22.05859375,22.93525124,21.41887093,21.9638195,10.84687519,2395969
2/3/2000,23.31434631,26.15755844,23.26695824,26.01539803,12.84775448,5274930
2/4/2000,26.20494652,26.7262001,25.11504745,25.3756752,12.53182125,2517311
2/7/2000,25.3756752,25.3756752,24.83072662,25.23351479,12.46161747,1274351
2/8/2000,23.74082756,24.42793655,23.6697464,24.26208305,11.98187256,2094989
2/9/2000,23.83560181,23.85929489,22.50876808,23.12479782,11.4202261,2509925
2/10/2000,22.55615616,24.59379196,22.03490067,24.5227108,12.11058903,3035123
2/11/2000,23.88298798,24.26208305,23.07741165,23.31434631,11.51382828,1776599
2/14/2000,22.93525124,24.26208305,22.84047699,23.5038929,11.60744095,1560295
2/15/2000,23.5038929,23.59866714,23.1721859,23.45650673,11.58404064,1512286
2/16/2000,23.48019981,23.97776222,23.3380394,23.52758789,11.61914444,1560558
2/17/2000,23.52758789,23.76452065,23.40912056,23.74082756,11.72445107,1383030
2/18/2000,22.74570274,22.84047699,22.41399574,22.6509285,11.1862011,2233741
2/22/2000,21.70319176,22.12967491,21.25301552,21.41887093,10.57775116,2169113
2/23/2000,21.22932243,21.39517784,20.85022736,20.85022736,10.29692364,10828683
2/24/2000,21.03977585,21.32409668,20.63698769,21.22932243,10.4841404,3039079
2/25/2000,21.4662571,22.36660767,21.41887093,22.10597992,10.91707993,6144633
2/28/2000,22.20075417,22.36660767,21.72688484,21.75057983,10.74156189,2190743
2/29/2000,22.3192215,22.72200966,22.17706108,22.67462349,11.19790745,3062293
3/1/2000,23.07741165,23.45650673,22.6509285,23.31434631,11.51382828,2967330
3/2/2000,23.21957207,23.40912056,22.6509285,22.93525124,11.3266201,2227410
3/3/2000,23.21957207,24.64117813,23.07741165,24.64117813,12.16909027,6426884
3/6/2000,23.90668106,23.97776222,22.6509285,23.31434631,11.51382828,1922209
3/7/2000,23.36173248,23.40912056,21.91643333,21.9638195,10.84687519,997903
3/8/2000,22.17706108,23.31434631,21.84535217,22.69831657,11.20960236,1222385
3/9/2000,22.93525124,23.21957207,22.08228683,22.34291458,11.034091,1904272
3/10/2000,22.41399574,22.6509285,20.66068077,21.08716202,10.41393471,7170233
3/13/2000,19.99726486,20.85022736,19.45231438,20.85022736,10.29692364,3268573
3/14/2000,20.28158569,21.03977585,19.99726486,20.0920372,9.922492027,2343212
3/15/2000,19.99726486,20.0920372,19.14430046,19.23907471,9.501253128,3456389
3/16/2000,20.0920372,21.03977585,19.57078171,20.85022736,10.29692364,3658713
3/17/2000,21.27671051,23.03002357,21.03977585,22.55615616,11.13939953,4302351
3/20/2000,20.37635994,20.80284119,19.04952621,19.52339554,9.641665459,12210394
3/21/2000,20.89761543,21.41887093,20.28158569,21.20562935,10.47243977,9370209
3/22/2000,21.1108551,21.86904526,21.03977585,21.32409668,10.53094292,4180746
3/23/2000,21.75057983,22.34291458,21.65580559,22.01120758,10.8702774,4402590
3/24/2000,22.12967491,22.12967491,21.56103134,21.56103134,10.64795494,2924333
3/27/2000,22.6509285,23.1721859,22.57984924,22.79309082,11.2564106,2431580
3/28/2000,22.88786316,23.00633049,22.57984924,22.6509285,11.1862011,1304422
3/29/2000,22.60354233,22.6509285,21.34778976,21.72688484,10.72986317,2030098
3/30/2000,21.41887093,21.84535217,20.85022736,21.08716202,10.41393471,1887389
3/31/2000,21.60841751,21.75057983,20.87392044,21.60841751,10.67135715,2042759
4/3/2000,21.98751259,22.03490067,20.6132946,20.66068077,10.20331287,3255120
4/4/2000,21.37148476,21.41887093,19.09691238,19.71294212,9.735271454,7899338
4/5/2000,19.71294212,21.39517784,19.71294212,20.44743919,10.09800434,2829897
4/6/2000,20.6132946,21.4662571,20.56590652,21.27671051,10.50754356,3536844
4/7/2000,21.4662571,21.70319176,20.66068077,20.82653427,10.28522301,5655310
4/10/2000,21.32409668,21.37148476,20.13942528,20.30527878,10.02779961,2267769
4/11/2000,19.94987679,20.32897186,19.71294212,19.9261837,9.840581894,2960207
4/12/2000,19.64186287,19.64186287,17.81746674,18.00701523,8.89279747,12369721
4/13/2000,18.29133606,18.52827072,16.63279533,17.05927658,8.42475605,8636620
4/14/2000,15.56659126,16.91711617,14.85578728,15.09272194,7.453568935,7031482
4/17/2000,15.16380215,17.34359932,15.16380215,16.77495575,8.284342766,6777983
4/18/2000,17.39098549,18.67043114,17.24882507,18.5756588,9.173624992,5738403
4/19/2000,18.5756588,18.5756588,17.5331459,17.60422707,8.693881989,3183107
4/20/2000,17.91224098,18.12548256,17.43837166,17.65161324,8.717278481,1494084
4/24/2000,17.43837166,17.6989994,16.6801815,16.94080925,8.366249084,2207098
4/25/2000,18.5756588,19.61816978,17.84116173,18.95475388,9.360842705,5241693
4/26/2000,18.95475388,18.95475388,18.24394989,18.38611031,9.080014229,2808267
4/27/2000,17.62792015,19.19168663,17.62792015,19.16799355,9.466148376,2373020
4/28/2000,19.80771637,19.99726486,19.52339554,19.83140945,9.793776512,2070457
5/1/2000,19.97357178,20.18681145,19.26276779,19.35754013,9.559758186,2111344
5/2/2000,19.31015396,19.31015396,18.5756588,18.5756588,9.173624992,1697463
5/3/2000,18.48088455,18.48088455,17.29621124,17.62792015,8.705581665,3723077
5/4/2000,17.62792015,17.91224098,17.10666466,17.43837166,8.611973763,2139305
5/5/2000,17.65161324,18.5756588,17.65161324,18.19656372,8.98640728,1948060
5/8/2000,18.14917564,18.14917564,17.7226944,18.0544014,8.916200638,2059378
5/9/2000,18.0544014,18.19656372,17.62792015,17.7226944,8.752384186,1132961
5/10/2000,17.34359932,17.39098549,16.32478142,16.39586067,8.097126961,3201572
5/11/2000,16.6801815,16.94080925,16.37216759,16.72756958,8.260943413,2622561
5/12/2000,16.72756958,17.24882507,16.58540916,16.63279533,8.214136124,2926707
5/15/2000,17.04411316,17.46870041,16.58919907,17.46870041,8.626950264,2156657
5/16/2000,18.77278709,19.71294212,18.46951103,19.71294212,9.735271454,3985231
5/17/2000,19.40966606,19.40966606,18.43918228,18.74245834,9.255999565,2549039
5/18/2000,18.62114906,18.65147781,18.01459694,18.34820175,9.061294556,1715022
5/19/2000,18.19656372,18.25721741,17.65066528,18.10557938,8.941472054,1802607
5/22/2000,18.43918228,18.43918228,17.22607994,17.46870041,8.626950264,2722561
5/23/2000,17.22607994,17.37771606,16.49821663,16.83181953,8.312427521,3303096
5/24/2000,16.49821663,16.64985466,15.16380215,16.01297569,7.908035755,4368751
5/25/2000,16.37690544,16.71051025,16.04330254,16.04330254,7.92301321,2234557
5/26/2000,16.07362938,16.07362938,15.37609482,15.83100891,7.818172932,1817857
5/30/2000,17.16542435,17.74164772,16.98345757,17.74164772,8.761745453,2242388
5/31/2000,17.83263016,17.83263016,17.04411316,17.1350956,8.462198257,2163458
6/1/2000,17.1350956,18.04492569,17.10476875,17.77197647,8.776721954,4799052
6/2/2000,18.19656372,18.68180466,17.71132088,18.13590622,8.956450462,11749815
6/5/2000,18.16623497,18.25721741,17.77197647,18.22689056,9.00138092,4367721
6/6/2000,18.07525253,18.07525253,17.46870041,17.59000969,8.686860085,3029006
6/7/2000,17.55968285,18.19656372,17.55968285,18.19656372,8.98640728,2730804
6/8/2000,18.19656372,18.65147781,18.01459694,18.46951103,9.121204376,5290560
6/9/2000,18.92442513,19.92523575,18.92442513,19.77359772,9.765228271,7268131
6/12/2000,19.89490891,19.89490891,18.40885544,18.56049347,9.166134834,4369781
6/13/2000,18.59082031,18.80311584,18.01459694,18.317873,9.046312332,2745024
6/14/2000,18.83344269,18.86376953,18.49983978,18.49983978,9.136179924,2479177
6/15/2000,17.95394135,18.04492569,17.71132088,17.80230331,8.791701317,2525340
6/16/2000,17.77197647,17.89328766,17.46870041,17.49902725,8.641925812,1501520
6/19/2000,17.5293541,18.74245834,17.49902725,18.68180466,9.226043701,3017259
6/20/2000,18.59082031,19.13671875,18.25721741,18.65147781,9.211070061,3632005
6/21/2000,18.53016663,18.56049347,17.98426819,18.19656372,8.98640728,1719143
6/22/2000,18.317873,18.37852859,17.77197647,17.95394135,8.866587639,2129454
6/23/2000,18.19656372,18.19656372,17.55968285,17.86295891,8.82165432,5211218
6/26/2000,17.86295891,18.01459694,17.71132088,17.98426819,8.881566048,3649316
6/27/2000,18.07525253,18.46951103,18.01459694,18.19656372,8.98640728,3036013
6/28/2000,18.317873,18.89409637,18.28754425,18.43918228,9.10622406,2108434
6/29/2000,18.43918228,18.46951103,17.98426819,18.07525253,8.926495552,1781999
6/30/2000,18.68180466,19.34901237,18.62114906,18.7121315,9.241019249,2279483
7/3/2000,18.92442513,18.98508072,18.65147781,18.80311584,9.285954475,933968
7/5/2000,18.25721741,18.40885544,17.77197647,17.77197647,8.776721954,3300211
7/6/2000,17.89328766,18.16623497,17.89328766,18.13590622,8.956450462,2220749
7/7/2000,18.13590622,18.13590622,17.62033844,17.80230331,8.791701317,2330179
7/10/2000,17.25640678,17.40804482,16.92280388,16.98345757,8.387312889,4183276
7/11/2000,17.22607994,17.77197647,16.98345757,17.77197647,8.776721954,2486802
7/12/2000,17.40804482,17.62033844,17.19575119,17.43837166,8.611973763,2177472
7/13/2000,17.43837166,17.43837166,17.1350956,17.1350956,8.462198257,2023116
7/14/2000,17.25640678,17.71132088,17.25640678,17.59000969,8.686860085,2328530
7/17/2000,17.77197647,17.80230331,17.59000969,17.71132088,8.746768951,2625290
7/18/2000,17.19575119,17.28673363,17.04411316,17.19575119,8.49215126,2165313
7/19/2000,17.07444191,17.28673363,17.04411316,17.16542435,8.477178574,4139587
7/20/2000,16.95313072,16.95313072,16.31625175,16.46788979,8.132697105,3076817
7/21/2000,16.01297569,16.01297569,15.46707821,15.49740601,7.65342474,2812001
7/24/2000,15.28511333,15.34576797,14.70888805,14.73921585,7.278989315,4604304
7/25/2000,15.04249191,15.22445679,14.73921585,14.98183632,7.398808956,3485274
7/26/2000,15.16380215,15.16380215,14.70888805,15.04249191,7.428762913,2573151
7/27/2000,14.79987144,14.79987144,13.37447262,13.52611065,6.679894447,6442357
7/28/2000,14.3146286,14.3146286,13.49578381,13.70807743,6.769759178,5364543
7/31/2000,14.37528419,14.73921585,13.9506979,14.73921585,7.278989315,4064573
8/1/2000,14.55725002,14.86052608,14.34495735,14.37528419,7.099260807,2854660
8/2/2000,14.40561199,14.67856026,14.37528419,14.46626663,7.144191265,2073194
8/3/2000,14.25397396,14.46626663,13.5867672,14.19331932,7.009396076,3187896
8/4/2000,14.61790466,14.76954269,14.22364616,14.52692223,7.174147129,2822717
8/7/2000,14.52692223,14.55725002,14.3146286,14.49659538,7.159170628,2129660
8/8/2000,14.61790466,14.79987144,14.43593979,14.52692223,7.174147129,1848976
8/9/2000,15.04249191,15.04249191,14.55725002,14.55725002,7.189126968,3829432
8/10/2000,14.67856026,14.79987144,14.13266373,14.22364616,7.024374485,3771317
8/11/2000,14.3146286,15.16380215,14.07200813,15.16380215,7.488673687,2170465
8/14/2000,15.07281876,15.46707821,14.92118073,15.43675137,7.623467922,2374281
8/15/2000,15.37609482,15.49740601,15.22445679,15.40642262,7.608491421,3233440
8/16/2000,15.74002743,16.49821663,15.64904404,16.49821663,8.147673607,4448093
8/17/2000,16.86214828,17.22607994,16.55887222,17.22607994,8.507129669,3210771
8/18/2000,17.46870041,17.71132088,17.34738922,17.71132088,8.746768951,4030981
8/21/2000,17.46870041,17.65066528,17.28673363,17.65066528,8.716812134,3119064
8/22/2000,17.59000969,18.04492569,16.98345757,16.98345757,8.387312889,2613955
8/23/2000,17.16542435,17.46870041,16.77116585,17.40804482,8.596997261,2120799
8/24/2000,17.80230331,18.19656372,17.59000969,18.19656372,8.98640728,3623143
8/25/2000,18.10557938,18.13590622,17.31706238,17.34738922,8.567041397,2501228
8/28/2000,17.37771606,17.89328766,17.34738922,17.71132088,8.746768951,3195315
8/29/2000,17.65066528,17.65066528,17.43837166,17.59000969,8.686860085,1661440
8/30/2000,17.37771606,17.37771606,16.6801815,16.6801815,8.237540245,1777259
8/31/2000,16.92280388,17.19575119,16.86214828,16.98345757,8.387312889,1996119
9/1/2000,16.49821663,16.92280388,15.74002743,15.80068207,7.80319643,4723007
9/5/2000,15.80068207,16.22526741,15.80068207,15.80068207,7.80319643,3627059
9/6/2000,15.22445679,15.49740601,14.86052608,15.01216412,7.413785458,4609456
9/7/2000,15.01216412,15.1334753,14.55725002,15.07281876,7.443739891,3166876
9/8/2000,15.25478458,15.25478458,14.37528419,14.37528419,7.099260807,2056089
9/11/2000,14.55725002,14.76954269,14.46626663,14.49659538,7.159170628,1732745
9/12/2000,14.58757782,14.61790466,13.82938766,13.89004326,6.859624863,2722561
9/13/2000,13.64742184,14.07200813,13.61709404,13.85971546,6.844645977,2423535
9/14/2000,14.07200813,14.52692223,13.76873207,13.82938766,6.829669476,2827869
9/15/2000,13.9506979,13.9810257,13.1318531,13.25316334,6.545098782,5172886
9/18/2000,13.31381798,13.40480137,12.07038593,12.43431759,6.140708923,10746192
9/19/2000,12.37366295,12.98021507,12.25235176,12.91955853,6.380348682,7793024
9/20/2000,12.85890388,12.94988728,12.25235176,12.94988728,6.395327091,4664480
9/21/2000,12.85890388,13.04086971,10.91793823,10.91793823,5.391842365,3060331
9/22/2000,12.13104153,12.46464539,11.67612839,12.43431759,6.140708923,3014374
9/25/2000,12.58595562,12.79824924,12.25235176,12.28267956,6.065824986,3773171
9/26/2000,12.37366295,12.55562782,11.16055775,11.46383381,5.661437035,7117484
9/27/2000,12.13104153,12.13104153,10.67531681,11.16055775,5.511660099,6307167
9/28/2000,10.70564365,11.40317917,10.58433437,10.67531681,5.272025108,8011472
9/29/2000,10.43269634,10.67531681,9.886798859,9.917126656,4.897592068,5657387
10/2/2000,10.06876469,10.31138515,9.371230125,9.431884766,4.657952785,5987326
10/3/2000,10.03843689,10.03843689,9.431884766,9.613850594,4.747818947,10720637
10/4/2000,9.583522797,9.947454453,9.401556969,9.947454453,4.912568569,10432740
10/5/2000,10.19007492,10.7359724,9.947454453,10.58433437,5.22709322,12118085
10/6/2000,11.22121429,11.85809326,11.00891972,11.03924847,5.451754093,7063697
10/9/2000,10.91793823,10.94826508,9.947454453,10.40236759,5.137229919,3098456
10/10/2000,10.40236759,10.40236759,9.977782249,10.00810909,4.942523956,2928644
10/11/2000,9.644178391,10.00810909,9.462212563,9.735160828,4.80772543,4421096
10/12/2000,9.826144218,9.886798859,9.158935547,9.158935547,4.523155212,5001425
10/13/2000,9.462212563,10.25072956,9.340902328,10.19007492,5.032389164,8488760
10/16/2000,9.886798859,10.19007492,9.249918938,9.310574532,4.598044872,5354651
10/17/2000,9.158935547,9.249918938,8.734350204,8.976970673,4.433293819,8855175
10/18/2000,8.552384377,8.764678001,7.824522018,8.400746346,4.148724556,6549314
10/19/2000,9.158935547,10.67531681,8.916316032,10.31138515,5.092299461,13299765
10/20/2000,10.00810909,11.28186893,9.947454453,11.06957626,5.466728687,8650123
10/23/2000,11.09990311,11.1302309,10.7359724,10.88761044,5.376867294,4800907
10/24/2000,11.40317917,11.5548172,11.09990311,11.22121429,5.541616917,4757217
10/25/2000,10.85728168,11.06957626,10.46302319,10.52367878,5.197138309,4090127
10/26/2000,10.64498901,11.37285233,10.61466122,11.22121429,5.541616917,3391300
10/27/2000,10.91793823,10.94826508,10.49335098,10.52367878,5.197138309,3289083
10/30/2000,10.12942028,10.22040272,9.795816422,10.22040272,5.047366142,3558433
10/31/2000,10.31138515,11.00891972,10.22040272,11.00891972,5.4367733,2532965
11/1/2000,10.43269634,10.67531681,10.31138515,10.37204075,5.122252464,3091243
11/2/2000,11.40317917,11.64579964,11.16055775,11.43350697,5.646460533,3166670
11/3/2000,11.73678303,11.88842106,11.34252357,11.61547184,5.73632288,3716293
11/6/2000,11.82776642,12.04005909,11.61547184,11.88842106,5.871117592,3375844
11/7/2000,12.13104153,12.34333515,12.04005909,12.16136932,6.005916119,3470436
11/8/2000,12.37366295,12.49497318,11.79743767,11.85809326,5.85614109,6720569
11/9/2000,11.5548172,11.585145,11.25154114,11.40317917,5.631480217,4869532
11/10/2000,11.00891972,11.03924847,10.19007492,10.34171295,5.107274532,6890175
11/13/2000,9.947454453,10.67531681,9.826144218,10.43269634,5.152206421,4183482
11/14/2000,10.7663002,11.43350697,10.7663002,11.28186893,5.571572781,2482474
11/15/2000,11.09990311,11.40317917,10.91793823,11.16055775,5.511660099,2754916
11/16/2000,10.22040272,10.37204075,9.704833031,9.856471062,4.867635727,4617699
11/17/2000,9.795816422,10.12942028,9.644178391,9.856471062,4.867635727,2285871
11/20/2000,9.219592094,9.613850594,8.734350204,8.825332642,4.358406067,4168232
11/21/2000,9.098280907,9.401556969,9.037626266,9.219592094,4.553112507,3637363
11/22/2000,8.976970673,9.098280907,8.734350204,8.946642876,4.418317318,1972831
11/24/2000,9.947454453,9.947454453,9.553195,9.856471062,4.867635727,1870820
11/27/2000,9.856471062,9.977782249,9.189264297,9.462212563,4.672932625,2371808
11/28/2000,9.280246735,9.310574532,8.885988235,8.885988235,4.388360977,3275275
11/29/2000,8.855660439,8.976970673,8.61303997,8.825332642,4.358406067,6010819
11/30/2000,8.491728783,8.552384377,8.12779808,8.158125877,4.028904915,4882722
12/1/2000,8.855660439,8.885988235,8.491728783,8.582712173,4.238589287,3360594
12/4/2000,8.491728783,8.552384377,8.309763908,8.370418549,4.133746624,1777671
12/5/2000,8.552384377,9.189264297,8.552384377,9.158935547,4.523155212,3725154
12/6/2000,8.855660439,8.946642876,8.370418549,8.795004845,4.343430042,2409521
12/7/2000,8.734350204,8.764678001,8.552384377,8.734350204,4.313475132,3104226
12/8/2000,9.067954063,9.674506187,8.885988235,9.613850594,4.747818947,4754950
12/11/2000,9.613850594,9.765488625,9.462212563,9.735160828,4.80772543,3559257
12/12/2000,9.704833031,9.704833031,9.371230125,9.371230125,4.628000736,2584485
12/13/2000,9.462212563,9.462212563,9.067954063,9.067954063,4.478226185,1415789
12/14/2000,8.885988235,9.037626266,8.764678001,9.037626266,4.463247776,3509385
12/15/2000,9.037626266,9.037626266,8.855660439,9.037626266,4.463247776,3449827
12/18/2000,8.976970673,9.00729847,8.61303997,8.61303997,4.253564835,2673719
12/19/2000,8.461401939,8.946642876,8.340090752,8.764678001,4.328453064,3400574
12/20/2000,8.370418549,8.370418549,8.12779808,8.309763908,4.103792667,4990091
12/21/2000,8.06714344,8.279436111,8.03681469,8.06714344,3.983974218,3488983
12/22/2000,8.06714344,8.340090752,8.06714344,8.309763908,4.103792667,2733277
12/26/2000,8.249108315,8.279436111,8.12779808,8.218781471,4.058860302,2609834
12/27/2000,8.097470284,8.400746346,8.06714344,8.340090752,4.118770123,3708667
12/28/2000,8.491728783,8.795004845,8.249108315,8.400746346,4.148724556,2554397
12/29/2000,8.309763908,8.491728783,8.158125877,8.370418549,4.133746624,2611276
1/2/2001,8.795004845,8.795004845,8.431074142,8.552384377,4.223611355,2782737
1/3/2001,8.340090752,9.583522797,8.188452721,9.371230125,4.628000736,6085215
1/4/2001,9.371230125,9.522868156,9.280246735,9.371230125,4.628000736,6000309
1/5/2001,9.704833031,10.00810909,9.704833031,9.765488625,4.822704792,5165880
1/8/2001,9.704833031,9.704833031,9.462212563,9.644178391,4.762794971,3272802
1/9/2001,9.765488625,10.37204075,9.765488625,10.19007492,5.032389164,2632091
1/10/2001,10.19007492,10.67531681,10.03843689,10.67531681,5.272025108,6104381
1/11/2001,10.37204075,10.7359724,10.12942028,10.67531681,5.272025108,5024095
1/12/2001,10.85728168,10.97859287,10.67531681,10.85728168,5.361886501,3190781
1/16/2001,10.94826508,10.94826508,10.49335098,10.58433437,5.22709322,4018204
1/17/2001,11.28186893,11.43350697,11.06957626,11.43350697,5.646460533,4698690
1/18/2001,11.37285233,12.46464539,11.37285233,12.25235176,6.050847054,5319411
1/19/2001,12.37366295,12.91955853,12.07038593,12.16136932,6.005916119,5659242
1/22/2001,12.00973129,12.10071373,11.61547184,11.64579964,5.751300335,2203644
1/23/2001,11.67612839,12.16136932,11.52449036,12.10071373,5.975959778,2292054
1/24/2001,12.19169712,12.34333515,12.00973129,12.00973129,5.931028366,1495337
1/25/2001,12.07038593,12.13104153,11.5548172,11.70645523,5.781256199,2416322
1/26/2001,11.03924847,11.06957626,10.67531681,10.82695484,5.346911907,6741383
1/29/2001,10.83059406,10.83059406,10.27741909,10.56856441,5.219305038,6380326
1/30/2001,10.74325085,11.3740654,10.74325085,11.19452477,5.528437614,6575486
1/31/2001,11.57301426,12.11163235,11.55360413,11.71373367,5.784848213,3775851
2/1/2001,11.40317917,11.7428484,11.29157352,11.57301426,5.715354919,3349465
2/2/2001,11.45655632,11.69432354,11.22364044,11.22364044,5.542814732,2991911
2/5/2001,10.67531681,10.78207016,10.55400562,10.67046356,5.269627571,3880335
2/6/2001,10.00568295,10.38417244,9.986273766,9.986273766,4.93173933,7650415
2/7/2001,9.777620316,9.860111237,9.646603584,9.729095459,4.804730892,4502293
2/8/2001,10.16581345,10.40843391,10.07846928,10.22404194,5.049161434,3500730
2/9/2001,10.18522263,10.18522263,9.962011337,9.962011337,4.91975832,1624345
2/12/2001,9.947454453,10.38417244,9.947454453,10.32108974,5.09708786,2033214
2/13/2001,10.67531681,10.86941338,10.52974415,10.55400562,5.212114811,3050439
2/14/2001,10.28712273,10.90823269,10.19007492,10.90338039,5.384655476,6172800
2/15/2001,11.16055775,11.46626091,11.04895306,11.29157352,5.576363087,3260437
2/16/2001,10.72384071,10.87911797,10.67531681,10.81118393,5.339122295,2901647
2/20/2001,10.81118393,10.88397121,10.19007492,10.24345207,5.058747768,2767693
2/21/2001,10.21433735,10.48122025,10.04935455,10.07846928,4.977269173,2998918
2/22/2001,10.00568295,10.19007492,9.724243164,10.02023983,4.948514938,3160075
2/23/2001,9.753357887,9.80188179,9.437950134,9.777620316,4.828697205,3137200
2/26/2001,9.947454453,9.947454453,9.60293293,9.826144218,4.852658272,1761596
2/27/2001,9.787323952,9.787323952,9.399130821,9.399130821,4.641777515,2114410
2/28/2001,9.399130821,9.462212563,9.132247925,9.137101173,4.512374401,2020643
3/1/2001,8.734350204,8.787727356,8.321894646,8.695530891,4.294304848,4545776
3/2/2001,8.588777542,9.549555779,8.559662819,9.025494576,4.457257271,3508767
3/5/2001,9.224444389,9.462212563,9.224444389,9.229296684,4.557905197,1854540
3/6/2001,9.753357887,10.47636795,9.714537621,10.41328621,5.142620564,7236806
3/7/2001,10.33564758,10.33564758,10.11243629,10.11243629,4.994043827,5045321
3/8/2001,9.753357887,9.947454453,9.627195358,9.6320467,4.756804466,2332240
3/9/2001,9.389426231,9.389426231,9.006085396,9.006085396,4.447671413,2597675
3/12/2001,8.976970673,9.243853569,8.744054794,8.744054794,4.318267822,2748321
3/13/2001,9.122543335,9.636899948,9.122543335,9.617489815,4.749615669,2246303
3/14/2001,8.879922867,9.559261322,8.879922867,9.486474991,4.684913158,5715709
3/15/2001,9.826144218,9.947454453,9.714537621,9.719390869,4.799939632,4300538
3/16/2001,9.656309128,9.753357887,9.510737419,9.60293293,4.742427826,2518333
3/19/2001,9.486474991,9.549555779,9.205034256,9.491327286,4.687309742,3709698
3/20/2001,9.413687706,9.447654724,9.166214943,9.171068192,4.529149532,2932765
3/21/2001,9.171068192,9.413687706,9.025494576,9.098280907,4.493203163,3135757
3/22/2001,9.14680481,9.704833031,9.12739563,9.656309128,4.768785477,4317642
3/23/2001,9.947454453,10.18522263,9.777620316,10.16581345,5.020404816,3615930
3/26/2001,10.14155102,10.14155102,9.874668121,9.894078255,4.886209011,2012605
3/27/2001,9.6320467,9.879520416,9.481621742,9.83099556,4.855054855,2801078
3/28/2001,9.753357887,9.753357887,9.496178627,9.496178627,4.689706326,2789332
3/29/2001,9.496178627,9.777620316,9.462212563,9.534998894,4.70887661,3577599
3/30/2001,9.534998894,9.534998894,9.3166399,9.462212563,4.672932625,2439815
4/2/2001,9.195329666,9.195329666,8.515991211,8.515991211,4.205637932,4307544
4/3/2001,8.530549049,8.579072952,8.161765099,8.161765099,4.030701637,3499493
4/4/2001,8.249108315,8.486877441,8.035601616,8.050159454,3.975585222,3775232
4/5/2001,8.61303997,8.92844677,8.554810524,8.92844677,4.409330845,4467052
4/6/2001,8.710087776,8.710087776,8.409237862,8.486877441,4.191260338,2211888
4/9/2001,8.588777542,8.637302399,8.161765099,8.317042351,4.107387543,1796012
4/10/2001,8.564515114,8.826545715,8.535401344,8.826545715,4.359005928,4819660
4/11/2001,9.583522797,9.743653297,9.462212563,9.612636566,4.747217178,7760051
4/12/2001,9.365163803,9.850405693,9.253559113,9.835848808,4.857452393,5181542
4/16/2001,9.680570602,9.680570602,9.292378426,9.326345444,4.605834961,3018908
4/17/2001,9.025494576,9.40398407,8.996380806,9.190477371,4.538734436,3583369
4/18/2001,9.656309128,11.05865765,9.627195358,10.78692245,5.327143192,13422590
4/19/2001,10.67531681,10.67531681,10.36476231,10.56856441,5.219305038,5596181
4/20/2001,10.4229908,10.46666336,9.981421471,10.14155102,5.008424282,5445328
4/23/2001,9.995978355,9.995978355,9.666013718,9.777620316,4.828697205,4475090
4/24/2001,9.80188179,10.09302711,9.758210182,9.80188179,4.840678215,3334833
4/25/2001,9.729095459,9.937748909,9.656309128,9.894078255,4.886209011,4793694
4/26/2001,9.923192024,10.06391239,9.826144218,9.918339729,4.898190975,3468993
4/27/2001,10.02023983,10.57826805,9.898929596,10.57826805,5.224096298,11742809
4/30/2001,11.03924847,11.88842106,10.99072361,11.76225758,5.808814526,13056999
5/1/2001,11.67006207,12.03399277,11.35465527,12.02914143,5.9406147,15228700
5/2/2001,11.83989716,12.12133694,11.67006207,11.91753483,5.885496616,8730495
5/3/2001,11.59727573,11.88842106,11.35465527,11.40317917,5.631480217,7867832
5/4/2001,10.72384071,11.34980297,10.70443058,11.16055775,5.511660099,5668310
5/7/2001,11.165411,11.44199944,11.03924847,11.03924847,5.451754093,2738429
5/8/2001,11.13629627,11.17026329,10.84515095,11.05380535,5.458941936,3581102
5/9/2001,10.84029865,10.98587132,10.73354626,10.77236462,5.319952488,5023064
5/10/2001,11.01498604,11.10232925,10.72384071,10.77236462,5.319952488,4777001
5/11/2001,10.77721691,10.77721691,10.37931919,10.43269634,5.152206421,5642961
5/14/2001,10.16581345,10.16581345,9.860111237,9.903781891,4.891001701,11792062
5/15/2001,9.947454453,9.947454453,9.709686279,9.767914772,4.823902607,7476069
5/16/2001,9.680570602,9.986273766,9.559261322,9.884372711,4.881415844,10381425
5/17/2001,9.947454453,10.3744669,9.942602158,10.32108974,5.09708786,8503186
5/18/2001,10.28712273,10.28712273,10.02023983,10.06876469,4.972478867,4265710
5/21/2001,9.6320467,10.23859882,9.583522797,10.23859882,5.056349754,9289392
5/22/2001,10.28712273,10.67046356,10.28712273,10.38417244,5.12824297,11670267
5/23/2001,10.50548172,10.50548172,10.26286125,10.26286125,5.068332672,6363839
5/24/2001,10.26771355,10.35505676,10.13669777,10.33564758,5.104279041,5375054
5/25/2001,10.26286125,10.40843391,10.09302711,10.11728859,4.996441841,4681585
5/29/2001,10.00083065,10.03479767,9.874668121,9.957159042,4.917361259,3514125
5/30/2001,9.559261322,9.646603584,9.462212563,9.476770401,4.680121899,5321678
5/31/2001,9.510737419,9.714537621,9.510737419,9.636899948,4.759202003,4378437
6/1/2001,9.656309128,9.753357887,9.510737419,9.651456833,4.766391277,3976575
6/4/2001,9.695129395,9.714537621,9.467064857,9.510737419,4.696894169,4274571
6/5/2001,9.656309128,10.28712273,9.656309128,10.18037033,5.027595997,7064315
6/6/2001,10.12214088,10.13669777,9.947454453,9.971715927,4.924551964,12601968
6/7/2001,9.995978355,10.94219971,9.995978355,10.82088947,5.343914986,13007539
6/8/2001,10.71413612,10.91308498,10.50548172,10.75295544,5.310368061,6320356
6/11/2001,10.75295544,10.80633163,10.44240093,10.4715147,5.171377182,4704460
6/12/2001,10.31138515,10.50548172,10.14640331,10.35991001,5.116259575,5315290
6/13/2001,10.38417244,10.49577713,10.19978046,10.34049988,5.106674671,2329355
6/14/2001,10.31138515,10.31138515,10.02023983,10.14155102,5.008424282,4400488
6/15/2001,10.14155102,10.32108974,9.995978355,10.29682827,5.085106373,6554466
6/18/2001,10.09302711,10.59282589,9.797028542,9.797028542,4.838280678,4431194
6/19/2001,9.947454453,10.05420685,9.641752243,9.675719261,4.778371811,6066462
6/20/2001,9.462212563,9.530145645,9.175919533,9.277820587,4.581868172,11151557
6/21/2001,9.243853569,9.243853569,9.064313889,9.098280907,4.493203163,5513335
6/22/2001,9.171068192,9.389426231,8.875069618,9.3166399,4.60103941,4234591
6/25/2001,9.583522797,9.583522797,9.42339325,9.481621742,4.682515621,5361864
6/26/2001,9.272968292,9.374869347,9.143894196,9.30693531,4.596248627,4991769
6/27/2001,9.476770401,9.578671455,9.436009407,9.503943443,4.693541527,4986175
6/28/2001,9.544704437,9.945512772,9.544704437,9.850405693,4.864640713,12659966
6/29/2001,9.986273766,10.54333115,9.952306747,10.31914902,5.096130848,6481159
7/2/2001,10.32594299,10.39387703,10.19686794,10.29197598,5.08271122,2611070
7/3/2001,10.29197598,10.38029003,10.20366192,10.33952904,5.106195927,2447823
7/5/2001,10.08817387,10.12214088,9.857198715,9.891165733,4.884770393,5451775
7/6/2001,9.891165733,9.891165733,9.469976425,9.517530441,4.700249672,4156250
7/9/2001,9.544704437,9.707744598,9.469976425,9.687364578,4.784122467,6517960
7/10/2001,9.904752731,9.925132751,9.605843544,9.605843544,4.743864536,6158934
7/11/2001,9.490357399,9.748504639,9.334109306,9.63301754,4.757283688,4358800
7/12/2001,9.918339729,10.26480198,9.884372711,10.21724892,5.045807362,6180278
7/13/2001,9.986273766,10.23083496,9.952306747,10.06100082,4.968643665,5373022
7/16/2001,10.06100082,10.07458782,9.660190582,9.660190582,4.770702839,4409143
7/17/2001,9.65339756,9.99985981,9.558289528,9.95909977,4.918320656,6661629
7/18/2001,9.612636566,9.870785713,9.558289528,9.558289528,4.720379353,4002424
7/19/2001,9.843611717,9.986273766,9.843611717,9.986273766,4.93173933,4410910
7/20/2001,9.748504639,9.748504639,9.476770401,9.551497459,4.717024326,4079558
7/23/2001,9.551497459,9.551497459,9.103134155,9.103134155,4.495599747,4460811
7/24/2001,9.130307198,9.150687218,8.933299065,8.940092087,4.415081024,3598501
7/25/2001,9.103134155,9.26617527,9.001233101,9.252588272,4.569408417,4754038
7/26/2001,9.510737419,9.843611717,9.395249367,9.782471657,4.831091404,10751049
7/27/2001,10.46181011,10.69957924,10.19686794,10.32594299,5.099484921,8593509
7/30/2001,10.32594299,10.54333115,10.32594299,10.40067005,5.136392117,6025275
7/31/2001,10.32594299,11.18870163,10.32594299,11.07321453,5.468527794,10831569
8/1/2001,11.37891674,11.67782593,11.3517437,11.58271885,5.720147133,11052666
8/2/2001,11.88842106,11.88842106,11.44685078,11.54195786,5.700018406,13317076
8/3/2001,11.2090826,11.2090826,10.90338039,11.17511559,5.51885128,6254763
8/6/2001,11.16832161,11.17511559,10.69957924,10.81506634,5.341040134,7077180
8/7/2001,10.7471323,10.75392628,10.42105007,10.6180582,5.243747234,5669634
8/8/2001,10.6316452,10.93734741,10.41425705,10.47539711,5.173294544,6439501
8/9/2001,10.42784309,10.59767818,10.24442196,10.52295113,5.196777821,6951323
8/10/2001,10.73354626,11.2090826,10.49577713,10.80827332,5.337684631,4574893
8/13/2001,10.91696739,11.07321453,10.71995926,10.82865334,5.347750187,4079705
8/14/2001,10.92376041,11.14114857,10.87620735,10.97131443,5.418202877,4220725
8/15/2001,10.97810745,11.00528145,10.67240524,10.67919922,5.273942947,3507972
8/16/2001,10.52974415,10.91017437,10.42784309,10.86941338,5.367880344,4367043
8/17/2001,10.42784309,10.55012417,10.08817387,10.13572788,5.005548,6668695
8/20/2001,10.19007492,10.19007492,10.02703381,10.10176086,4.988772869,3750708
8/21/2001,10.02023983,10.02023983,9.340902328,9.442803383,4.66334486,17759045
8/22/2001,9.510737419,9.714537621,8.423794746,8.423794746,4.160106182,24537552
8/23/2001,8.72949791,8.919712067,8.253960609,8.328687668,4.113137722,23277650
8/24/2001,8.328687668,8.450968742,8.043366432,8.152059555,4.025909901,19982385
8/27/2001,8.369447708,8.457761765,8.226786613,8.321894646,4.109783173,16305277
8/28/2001,8.287927628,8.851778984,8.253960609,8.74987793,4.321143627,19172037
8/29/2001,8.885745049,8.967266083,8.46455574,8.525695801,4.210431099,12699121
8/30/2001,8.457761765,8.627596855,8.328687668,8.505315781,4.20036602,6468500
8/31/2001,8.498522758,8.824604988,8.498522758,8.817811966,4.354691505,5541716
9/4/2001,8.865365028,9.177861214,8.593629837,8.661563873,4.277530193,6661923
9/5/2001,8.797430992,8.83139801,8.355861664,8.512108803,4.203721046,5945933
9/6/2001,8.321894646,8.641183853,8.253960609,8.627596855,4.260756016,4673518
9/7/2001,8.566455841,8.858572006,8.566455841,8.79063797,4.341272831,4095897
9/10/2001,8.79063797,8.817811966,8.525695801,8.607216835,4.250689507,2759303
9/17/2001,7.472722054,7.812390804,6.95642519,7.16701889,3.539445162,7450190
9/18/2001,6.929251194,7.031151772,6.623548985,6.691483021,3.304601669,6579343
9/19/2001,6.725450039,6.779797077,6.175185204,6.494473934,3.207308054,8791348
9/20/2001,6.080078125,6.290672779,6.066491127,6.134425163,3.029497385,5653442
9/21/2001,5.774375916,6.446920872,5.699648857,6.419746876,3.170403957,8776039
9/24/2001,6.691483021,6.97680521,6.691483021,6.97680521,3.44550848,8594392
9/25/2001,6.793383121,6.820557117,6.114045143,6.304259777,3.113370895,9280501
9/26/2001,6.385779858,6.50126791,6.277085781,6.35181284,3.136854887,3457482
9/27/2001,6.148012161,6.181979179,5.91703701,6.032524109,2.979173422,6145097
9/28/2001,6.249913216,6.446920872,6.127632141,6.446920872,3.183824539,5647554
10/1/2001,6.249913216,6.249913216,6.120838165,6.229533195,3.076466322,2467106
10/2/2001,6.012144089,6.039318085,5.930624008,6.012144089,2.969108105,3178387
10/3/2001,5.808342934,6.650722027,5.740408897,6.52164793,3.220727682,8595717
10/4/2001,6.453713894,6.630342007,6.263498783,6.290672779,3.106661081,10657723
10/5/2001,6.487680912,6.50126791,6.134425163,6.311052799,3.11672473,7778304
10/8/2001,6.311052799,6.752623081,6.229533195,6.548821926,3.234147787,6647939
10/9/2001,6.793383121,6.834144115,6.48088789,6.48088789,3.200597763,6148924
10/10/2001,6.426540852,6.813764095,6.392573833,6.793383121,3.354925156,6646026
10/11/2001,7.133052826,7.64255619,7.099085808,7.608589172,3.75751543,9768476
10/12/2001,7.404788017,7.574622154,7.200985909,7.404788017,3.656868935,4486719
10/15/2001,7.411581039,7.445548058,7.139845848,7.16701889,3.539445162,3792955
10/16/2001,7.628970146,7.907497883,7.479515076,7.887117863,3.895067692,7058780
10/17/2001,8.186026573,8.27434063,7.812390804,8.016192436,3.958812475,9237371
10/18/2001,7.982224941,7.982224941,7.608589172,7.669730186,3.78771019,7250584
10/19/2001,7.60179615,7.778423786,7.513482094,7.696903229,3.801128387,3810325
10/22/2001,7.764836788,8.240373611,7.683317184,8.240373611,4.069524288,4048204
10/23/2001,8.219993591,8.417001724,8.09771347,8.349067688,4.123203278,7596657
10/24/2001,8.525695801,8.817811966,8.491728783,8.763464928,4.327854633,6551375
10/25/2001,8.491728783,9.035200119,8.247166634,9.001233101,4.44527626,8835656
10/26/2001,9.205034256,9.558289528,9.191448212,9.442803383,4.66334486,12764038
10/29/2001,9.313729286,9.402043343,9.035200119,9.041993141,4.46540308,6238865
10/30/2001,8.797430992,8.83139801,8.518902779,8.532488823,4.213787079,5443090
10/31/2001,8.627596855,9.035200119,8.627596855,8.77025795,4.331208706,6050888
11/1/2001,8.83139801,9.1167202,8.593629837,9.014820099,4.45198679,8697728
11/2/2001,9.021613121,9.198241234,8.912919044,9.137101173,4.512374401,4187310
11/5/2001,9.408836365,9.782471657,9.381662369,9.6941576,4.787477493,7393959
11/6/2001,9.639810562,9.687364578,9.340902328,9.646603584,4.763992786,8308673
11/7/2001,9.544704437,10.21045494,9.544704437,9.850405693,4.864640713,9245172
11/8/2001,10.05420685,10.50936413,10.02023983,10.05420685,4.965287685,11271556
11/9/2001,9.884372711,10.02023983,9.700950623,9.843611717,4.86128521,6693278
11/12/2001,9.843611717,9.952306747,9.551497459,9.816438675,4.847866058,4669102
11/13/2001,10.05420685,10.42784309,10.05420685,10.42105007,5.146455765,10705858
11/14/2001,10.83544636,10.91017437,10.298769,10.32594299,5.099484921,10725731
11/15/2001,10.66561222,10.93734741,10.46181011,10.60447121,5.237038136,8883644
11/16/2001,10.86941338,11.05283546,10.78109932,11.03924847,5.451754093,5748682
11/19/2001,11.2090826,11.30418968,10.90338039,10.98490143,5.42491436,5144712
11/20/2001,10.6180582,10.73354626,10.33273602,10.33952904,5.106195927,8715687
11/21/2001,10.49577713,10.81506634,10.46860409,10.76751328,5.317556858,10276323
11/23/2001,10.46860409,10.82186031,10.33273602,10.66561222,5.267230034,1934824
11/26/2001,11.24304867,11.34494972,11.12076855,11.27701569,5.569173336,9572403
11/27/2001,11.00528145,11.37212372,10.95093441,11.11397457,5.488656521,6829587
11/28/2001,10.86941338,10.90338039,10.38708305,10.40746307,5.139744282,8177369
11/29/2001,10.44822407,11.01886845,10.39387703,10.93734741,5.401429176,20882231
11/30/2001,10.83544636,10.93055439,10.57050419,10.82186031,5.344395638,7774329
12/3/2001,11.14114857,11.16832161,10.86941338,11.07321453,5.468527794,6985326
12/4/2001,11.54875183,11.93597507,11.41288376,11.90880108,5.881183624,11133775
12/5/2001,12.90742779,13.24030399,12.70362663,12.96177483,6.401195049,15103520
12/6/2001,12.97536182,13.04329586,12.79873371,12.79873371,6.32067728,7503772
12/7/2001,12.87346077,13.13840294,12.69683266,12.72400665,6.283774376,8670054
12/10/2001,12.32999134,12.61531258,12.08542919,12.20771027,6.028799534,6880371
12/11/2001,12.30281734,12.79873371,12.30281734,12.50661945,6.176417828,5127784
12/12/2001,12.70362663,12.9549818,12.51341248,12.87346077,6.357583046,6048385
12/13/2001,12.21450329,12.39792538,12.09222221,12.16015625,6.005315781,5523316
12/14/2001,12.2756443,12.54737854,12.23488331,12.51341248,6.179771423,4268712
12/17/2001,12.22809029,12.56775856,12.22809029,12.50661945,6.176417828,7767853
12/18/2001,12.50661945,12.6085186,12.19412327,12.4183054,6.13280344,4225729
12/19/2001,12.12618923,12.19412327,11.85445404,11.88842106,5.871117592,9435063
12/20/2001,11.92238808,11.92238808,11.39929676,11.55554485,5.706726074,11824594
12/21/2001,11.3109827,11.50119781,10.82865334,11.00528145,5.434978962,13805345
12/24/2001,10.93734741,10.98490143,10.7743063,10.86941338,5.367880344,3144089
12/26/2001,10.97131443,11.27701569,10.93734741,11.10038757,5.481946945,5606338
12/27/2001,11.3109827,11.4672308,11.17511559,11.38570976,5.622853279,4027448
12/28/2001,11.41288376,11.84086704,11.37212372,11.51478481,5.686596394,6086658
12/31/2001,11.58271885,11.9155941,11.58271885,11.66423893,5.760405064,3947518
1/2/2002,11.88842106,11.88842106,11.73217297,11.87483406,5.86440897,5303837
1/3/2002,11.88162708,12.66965961,11.86804104,12.6221056,6.233449459,14104459
1/4/2002,12.73759365,13.1112299,12.73759365,13.02291584,6.431389809,14525163
1/7/2002,13.28106403,13.31503105,12.80552769,12.80552769,6.32403326,7267660
1/8/2002,12.82590771,13.24709797,12.65607262,13.24030399,6.538748741,9179373
1/9/2002,13.38296509,13.68187428,12.90742779,13.24709797,6.542103767,10260867
1/10/2002,13.14519691,13.14519691,12.6356926,12.6356926,6.240159512,7135620
1/11/2002,12.49982452,12.83270073,12.48623943,12.59493256,6.220032215,6041172
1/14/2002,12.59493256,12.70362663,12.37075138,12.37075138,6.10931921,4193787
1/15/2002,12.46585846,12.70362663,12.22809029,12.32319736,6.085834026,6579049
1/16/2002,11.99032211,12.02428913,11.75255299,11.79331303,5.824148178,9998700
1/17/2002,12.0582552,12.3775444,11.9155941,12.28923035,6.069059849,7762553
1/18/2002,12.02428913,12.21450329,11.86124706,11.94956112,5.901313782,7827764
1/22/2002,12.23488331,12.32999134,11.94956112,12.00390816,5.928151608,8587621
1/23/2002,12.02428913,12.39792538,12.02428913,12.28243732,6.065704823,4538681
1/24/2002,12.56775856,12.73079967,12.36395836,12.39792538,6.122737885,6620707
1/25/2002,12.0582552,12.4318924,12.0582552,12.4047184,6.126092434,8778689
1/28/2002,12.4047184,12.49303246,12.32319736,12.43868542,6.142866611,3009988
1/29/2002,12.2620573,12.49303246,12.02428913,12.09222221,5.971767426,5255408
1/30/2002,12.09901619,12.19412327,11.61668587,12.00390816,5.928151608,10015628
1/31/2002,12.02428913,12.06504917,11.4536438,11.52837181,5.693305492,14361621
2/1/2002,11.41288376,11.73896599,11.37891674,11.56233788,5.710082054,37969004
2/4/2002,11.61668587,11.69141293,11.41967678,11.43326378,5.646338463,9408567
2/5/2002,11.37891674,11.64385891,11.27701569,11.48081779,5.669824123,8435561
2/6/2002,11.65065193,11.77972698,11.51478481,11.72537994,5.790601254,7305491
2/7/2002,11.82048702,11.82728004,11.28380966,11.28380966,5.5725317,5231855
2/8/2002,11.34494972,11.40609074,10.93734741,11.29060268,5.575884342,11151439
2/11/2002,11.44685078,11.68461895,11.37891674,11.68461895,5.770471096,4858993
2/12/2002,11.61668587,11.78652,11.48081779,11.73896599,5.797309875,8019568
2/13/2002,11.88162708,12.0582552,11.800107,11.99032211,5.921443462,6663395
2/14/2002,12.25526428,12.56775856,12.22809029,12.46585846,6.15628767,11861689
2/15/2002,12.24847031,12.32999134,11.85445404,12.01070213,5.931507111,6674141
2/19/2002,11.58271885,11.71858597,11.29060268,11.3109827,5.585951328,5205506
2/20/2002,11.31777668,11.37891674,10.76751328,11.37212372,5.616145611,9315682
2/21/2002,11.2090826,11.21587563,10.84224033,10.87620735,5.37123394,7034050
2/22/2002,10.86941338,11.08680153,10.80148029,10.99169445,5.428268909,6710059
2/25/2002,10.99848843,11.39250374,10.99848843,11.30418968,5.582595348,5469881
2/26/2002,11.15473461,11.17511559,10.86941338,11.03245544,5.448399067,4827786
2/27/2002,11.41288376,11.41288376,10.97810745,11.24984264,5.555756569,8054749
2/28/2002,11.30418968,11.34494972,11.01886845,11.03924847,5.451754093,5689654
3/1/2002,11.03924847,11.88842106,11.03924847,11.82728004,5.840923786,7147101
3/4/2002,12.22129726,12.98894882,12.09222221,12.9821558,6.411262512,12734744
3/5/2002,12.80552769,13.34899807,12.78514671,13.24709797,6.542103767,10776957
3/6/2002,13.1112299,13.5867672,12.94139481,13.32861805,6.582365036,6946023
3/7/2002,13.49845314,13.63432026,13.1112299,13.35579205,6.595784187,9141542
3/8/2002,13.49845314,13.77698135,13.45089912,13.65470123,6.743399143,8544049
3/11/2002,13.75660133,13.98078346,13.48486614,13.79736233,6.813849926,5927238
3/12/2002,13.41693211,13.43731213,13.19954395,13.38296509,6.609202385,6191466
3/13/2002,13.21313095,13.31503105,12.83270073,12.85987473,6.350873947,6234007
3/14/2002,12.77156067,12.93460178,12.68324661,12.71721363,6.280418873,6462170
3/15/2002,12.69683266,13.06367588,12.49303246,12.97536182,6.407906055,6946023
3/18/2002,13.34899807,13.37617207,12.90742779,13.07046986,6.454876423,4737698
3/19/2002,13.24709797,13.28106403,13.04329586,13.21313095,6.52532959,3008368
3/20/2002,13.21992397,13.34899807,13.01612186,13.07726288,6.458230495,4364541
3/21/2002,13.04329586,13.55280018,13.03650284,13.55280018,6.693075657,4642164
3/22/2002,13.5460062,13.5867672,13.26747799,13.29465103,6.565587044,3318082
3/25/2002,13.4305191,13.53921318,13.17236996,13.19954395,6.518622398,3807528
3/26/2002,13.24709797,13.65470123,13.17916393,13.42372513,6.629332066,3940305
3/27/2002,13.34899807,13.53242016,13.28106403,13.47807312,6.656172752,5280432
3/28/2002,13.85850239,14.25931168,13.82453537,14.09626961,6.96146822,9659988
4/1/2002,13.92643642,14.06909657,13.82453537,13.99437046,6.911146164,5675817
4/2/2002,13.82453537,13.99437046,13.60714722,13.62073421,6.726624012,5799172
4/3/2002,13.55280018,13.67508125,13.27427101,13.42372513,6.629332066,5480627
4/4/2002,13.226717,13.5731802,13.20633698,13.47127914,6.652814388,4154925
4/5/2002,13.56638718,13.5731802,13.38975906,13.42372513,6.629332066,5495053
4/8/2002,13.04329586,13.34220505,12.97536182,13.30144501,6.568943501,5320766
4/9/2002,13.34899807,13.55280018,12.97536182,13.01612186,6.428036213,7244549
4/10/2002,13.00932884,13.4305191,12.47265244,12.73759365,6.290485382,10786820
4/11/2002,12.73079967,12.73759365,12.29602432,12.49303246,6.169707298,8963280
4/12/2002,12.83949471,12.90742779,12.6356926,12.90742779,6.374357224,4524697
4/15/2002,13.00932884,13.1112299,12.90742779,13.04329586,6.441455364,2716614
4/16/2002,13.5867672,13.72263432,13.38296509,13.72263432,6.776947975,7733260
4/17/2002,14.02833652,14.13023663,13.87208939,13.99437046,6.911146164,8404796
4/18/2002,13.88567638,13.89246941,13.38296509,13.62073421,6.726624012,6575369
4/19/2002,13.84491539,13.87888241,13.32861805,13.33541203,6.585717201,7998518
4/22/2002,13.226717,13.23351097,12.94818878,13.13840294,6.488424778,5132200
4/23/2002,13.17916393,13.34220505,13.07726288,13.15878391,6.498491764,3862729
4/24/2002,13.17916393,13.46448612,12.93460178,12.97536182,6.407906055,5963155
4/25/2002,12.77156067,12.80552769,12.44547844,12.56775856,6.206611156,9919652
4/26/2002,12.77156067,12.82590771,12.0582552,12.19412327,6.022089958,10522297
4/29/2002,12.16015625,12.37075138,11.97673512,12.03787518,5.944925785,8117457
4/30/2002,11.92238808,12.33678436,11.89521408,12.02428913,5.938216209,6899066
5/1/2002,12.02428913,12.42509842,11.83407402,12.36395836,6.105965137,7828058
5/2/2002,11.99032211,12.22809029,11.60309887,11.73217297,5.793955326,6676938
5/3/2002,11.73217297,11.77293301,11.15473461,11.17511559,5.51885128,14141996
5/6/2002,10.90338039,11.31777668,10.88300037,10.97131443,5.418202877,7094698
5/7/2002,11.24304867,11.37212372,10.93734741,11.33136272,5.596014023,9238695
5/8/2002,11.75255299,12.46585846,11.75255299,12.45906544,6.152932644,11205021
5/9/2002,12.12618923,12.56775856,11.95635509,11.96314812,5.908023357,10359050
5/10/2002,12.22809029,12.2756443,11.71858597,12.13298321,5.991895676,6269483
5/13/2002,12.19412327,12.35037136,12.11939621,12.22809029,6.038864613,7211134
5/14/2002,12.66965961,12.89384174,12.54737854,12.80552769,6.32403326,10263663
5/15/2002,12.69683266,12.96177483,12.46585846,12.46585846,6.15628767,6616732
5/16/2002,12.43868542,12.56775856,12.29602432,12.46585846,6.15628767,4635982
5/17/2002,12.77156067,12.87346077,12.54737854,12.80552769,6.32403326,4659828
5/20/2002,12.56775856,12.56775856,12.30281734,12.35716438,6.102608681,3544037
5/21/2002,12.3775444,12.3911314,11.94956112,12.02428913,5.938216209,5694659
5/22/2002,12.13298321,12.30281734,11.800107,11.95635509,5.904666424,6722718
5/23/2002,12.02428913,12.03108215,11.67782593,11.86124706,5.857698441,5849663
5/24/2002,11.82048702,11.84766102,11.67782593,11.813694,5.834215641,4835735
5/28/2002,12.09222221,12.09222221,11.65065193,11.73896599,5.797309875,3700660
5/29/2002,11.61668587,11.64385891,11.38570976,11.44685078,5.653048515,4709288
5/30/2002,11.37891674,11.61668587,11.31777668,11.34494972,5.602724552,7607697
5/31/2002,11.44685078,11.4672308,11.12756157,11.26342964,5.562464714,7071587
6/3/2002,11.17511559,11.21587563,10.50936413,10.52974415,5.200133324,10646830
6/4/2002,10.39387703,10.42784309,9.918339729,10.40067005,5.136392117,16332951
6/5/2002,10.50936413,10.55691814,10.1561079,10.42784309,5.149809837,9978091
6/6/2002,10.05420685,10.10855389,9.666984558,9.789264679,4.834445953,17669252
6/7/2002,9.123514175,9.816438675,9.069167137,9.748504639,4.814315796,14755681
6/10/2002,9.748504639,10.06100082,9.619430542,9.748504639,4.814315796,6056776
6/11/2002,9.884372711,9.972686768,9.510737419,9.612636566,4.747217178,5702902
6/12/2002,9.510737419,9.918339729,9.374869347,9.918339729,4.898190975,9008471
6/13/2002,9.918339729,10.34632301,9.884372711,10.12214088,4.998838425,9914059
6/14/2002,9.952306747,10.12214088,9.612636566,9.986273766,4.93173933,6816486
6/17/2002,9.986273766,10.27159595,9.986273766,10.08817387,4.982064247,5339019
6/18/2002,10.08817387,10.32594299,9.904752731,9.972686768,4.925030231,5375083
6/19/2002,9.901355743,9.95366478,9.370793343,9.408157349,4.646235466,5439116
6/20/2002,9.677174568,9.804210663,9.355848312,9.385738373,4.635165691,6759652
6/21/2002,9.639810562,9.684646606,9.206393242,9.236284256,4.561355114,7610346
6/24/2002,9.415629387,9.490357399,9.071884155,9.490357399,4.686829567,8231940
6/25/2002,9.863992691,9.946192741,9.497829437,9.707064629,4.793852329,6375589
6/26/2002,9.303538322,9.714537621,9.26617527,9.639810562,4.760638714,5648143
6/27/2002,9.938719749,10.01344681,9.527720451,9.639810562,4.760638714,8585894
6/28/2002,9.714537621,9.863992691,9.542666435,9.714537621,4.797543049,4720101
7/1/2002,9.527720451,9.639810562,8.944848061,9.004630089,4.44695425,6513156
7/2/2002,8.855175018,8.855175018,8.085485458,8.302193642,4.100053787,15476021
7/3/2002,8.406811714,9.213866234,8.3769207,9.079357147,4.483857155,9907100
7/5/2002,9.677174568,10.37961006,9.677174568,10.20026493,5.037419796,8912014
7/8/2002,10.20026493,10.25257397,9.901355743,10.08817387,4.982064247,4624018
7/9/2002,10.01344681,10.08817387,9.639810562,9.647283554,4.764328957,4465040
7/10/2002,9.69959259,9.744428635,9.355848312,9.497829437,4.69052124,5697656
7/11/2002,9.340902328,10.17037392,9.26617527,10.10311985,4.98944521,7671101
7/12/2002,10.10311985,10.53653812,9.931246758,10.05081081,4.963611126,7307512
7/15/2002,9.901355743,10.23015594,9.826628685,10.23015594,5.052181721,3668141
7/16/2002,9.946192741,10.42444706,9.938719749,10.11806488,4.996824265,7544239
7/17/2002,10.46181011,10.54401016,9.901355743,9.938719749,4.908255577,7544641
7/18/2002,9.789264679,9.834101677,9.012102127,9.191448212,4.539214611,8625104
7/19/2002,8.705720901,9.482884407,8.369447708,8.406811714,4.151719093,9025092
7/22/2002,8.406811714,8.608574867,8.152738571,8.369447708,4.133267403,6952353
7/23/2002,8.369447708,8.630993843,7.883720875,8.003285408,3.952438831,10309095
7/24/2002,7.472722054,8.481538773,7.472722054,8.324611664,4.111125469,13005971
7/25/2002,6.740395069,7.13644886,6.239723206,6.785231113,3.350898981,39002925
7/26/2002,6.613358974,6.762813091,6.35181284,6.613358974,3.266019821,15465450
7/29/2002,6.874904156,6.9197402,6.635776997,6.83754015,3.376732826,12247211
7/30/2002,6.845013142,7.084139824,6.777759075,6.800177097,3.358279705,8550700
7/31/2002,6.613358974,6.867431164,6.561049938,6.815122128,3.365661383,10530701
8/1/2002,6.613358974,6.762813091,6.575994968,6.620831013,3.269711256,5663265
8/2/2002,6.553576946,6.575994968,6.135105133,6.239723206,3.081498623,6787487
8/5/2002,5.768940926,5.828722954,5.268269062,5.305632114,2.620196581,10474229
8/6/2002,5.86608696,6.157523155,5.836195946,6.135105133,3.029833555,10538061
8/7/2002,6.299503803,6.463903904,5.978177071,6.314449787,3.118402958,8838814
8/8/2002,6.277085781,6.613358974,6.127632141,6.575994968,3.247566938,7239932
8/9/2002,6.568521976,6.912268162,6.314449787,6.815122128,3.365661383,5143106
8/12/2002,6.725450039,6.83754015,6.523685932,6.598412991,3.258638382,3798884
8/13/2002,6.523685932,6.83754015,6.493794918,6.643249989,3.280781746,6622754
8/14/2002,6.598412991,6.957104206,6.456431866,6.949631214,3.43208909,11278622
8/15/2002,7.024357796,7.233594894,6.845013142,7.181285858,3.546490669,6753497
8/16/2002,7.024357796,7.472722054,6.994466782,7.435358047,3.671964407,7072657
8/19/2002,7.397994041,7.614703178,7.256012917,7.480194092,3.694107294,5434165
8/20/2002,7.360630989,7.360630989,6.9197402,6.972049236,3.443159103,7993607
8/21/2002,7.024357796,7.158866882,6.912268162,7.061721802,3.487443686,4830502
8/22/2002,7.12150383,7.12150383,6.83754015,6.859959126,3.387803793,5818763
8/23/2002,6.859959126,6.859959126,6.35181284,6.538630962,3.229115248,9340773
8/26/2002,6.688086033,6.688086033,6.50126791,6.613358974,3.266019821,3674030
8/27/2002,6.538630962,6.538630962,6.239723206,6.336867809,3.129473448,4888982
8/28/2002,6.164995193,6.2023592,6.082795143,6.164995193,3.044593573,8586162
8/29/2002,6.105214119,6.35181284,6.097741127,6.239723206,3.081498623,5822243
8/30/2002,6.164995193,6.306976795,6.105214119,6.105214119,3.01507163,2561450
9/3/2002,5.753995895,5.828722954,5.686740875,5.761467934,2.845311403,5587790
9/4/2002,5.86608696,6.015541077,5.716631889,5.955759048,2.941261768,5431622
9/5/2002,5.753995895,5.783886909,5.612013817,5.612013817,2.771502972,3825514
9/6/2002,5.888504982,5.89597702,5.716631889,5.768940926,2.849003315,3885867
9/9/2002,5.821249962,5.940814018,5.761467934,5.89597702,2.911738873,3339346
9/10/2002,6.090268135,6.344340801,6.015541077,6.336867809,3.129473448,6098581
9/11/2002,6.336867809,6.43401289,6.090268135,6.090268135,3.007689953,3504613
9/12/2002,5.910923004,5.925868034,5.753995895,5.768940926,2.849003315,3928288
9/13/2002,5.641904831,5.783886909,5.619486809,5.641904831,2.78626585,3841037
9/16/2002,5.604540825,5.664322853,5.410251141,5.470032215,2.701385975,4226439
9/17/2002,5.753995895,5.783886909,5.320578098,5.395305157,2.664480925,9532002
9/18/2002,5.230905056,5.380360126,5.16365099,5.305632114,2.620196581,5690162
9/19/2002,5.201014042,5.305632114,5.156177998,5.193542004,2.56483984,4732011
9/20/2002,5.193542004,5.201014042,4.946941853,4.969359875,2.454127789,6390175
9/23/2002,4.894632816,4.894632816,4.745178223,4.819904804,2.380319118,8730822
9/24/2002,4.819904804,5.081450939,4.782542229,4.946941853,2.443056345,6802475
9/25/2002,4.969359875,5.201014042,4.782542229,5.141232967,2.539007425,11116699
9/26/2002,5.268269062,5.335523129,4.909577847,4.92452383,2.431985378,13811701
9/27/2002,4.85726881,4.92452383,4.730233192,4.752651215,2.347105265,9500555
9/30/2002,4.64056015,4.745178223,4.550888062,4.745178223,2.343414545,10646188
10/1/2002,4.745178223,4.917050838,4.633087158,4.872214794,2.40615201,7623862
10/2/2002,4.670451164,4.775069237,4.580778122,4.655506134,2.299130201,13761251
10/3/2002,4.498578072,4.498578072,4.296814919,4.401432991,2.173655748,7113606
10/4/2002,4.423851013,4.461215019,4.281869888,4.319232941,2.133061409,4819663
10/7/2002,4.124941826,4.162305832,3.99790597,4.035270214,1.99282527,10397818
10/8/2002,4.169778824,4.184723854,3.975487947,4.109996796,2.029729128,13550618
10/9/2002,4.035270214,4.22208786,3.982960939,3.99790597,1.974372625,17430463
10/10/2002,3.99790597,4.371541977,3.968014956,4.259450912,2.10353756,9267975
10/11/2002,4.334178925,4.580778122,4.259450912,4.491106033,2.217940569,12341956
10/14/2002,4.379014969,4.62561512,4.356596947,4.528469086,2.23639369,4234869
10/15/2002,5.193542004,5.761467934,5.17859602,5.410251141,2.671862841,16384392
10/16/2002,5.081450939,5.230905056,5.051559925,5.148705006,2.542697906,11511468
10/17/2002,5.604540825,5.612013817,5.402778149,5.492450237,2.712456703,10244326
10/18/2002,5.529813766,5.567177773,5.395305157,5.492450237,2.712456703,6386428
10/21/2002,5.380360126,5.619486809,5.268269062,5.589595795,2.760432243,8315310
10/22/2002,5.059032917,5.305632114,5.044086933,5.193542004,2.56483984,9655652
10/23/2002,5.305632114,5.806304932,5.298160076,5.79883194,2.863763571,10162027
10/24/2002,5.851140976,5.888504982,5.612013817,5.731577873,2.830550432,9289788
10/25/2002,5.753995895,6.045432091,5.731577873,5.993123055,2.95971489,6843290
10/28/2002,6.127632141,6.164995193,5.985650063,6.023014069,2.974476337,7482281
10/29/2002,5.978177071,6.008068085,5.649377823,5.731577873,2.830550432,4765064
10/30/2002,5.768940926,5.978177071,5.664322853,5.940814018,2.933881283,5882596
10/31/2002,5.993123055,6.060377121,5.791358948,5.843667984,2.885906458,4065052
11/1/2002,5.716631889,6.052905083,5.634431839,6.045432091,2.985547543,6671197
11/4/2002,6.239723206,6.800177097,6.127632141,6.613358974,3.266019821,15701107
11/5/2002,6.35181284,6.404121876,6.194886208,6.306976795,3.114712,10464996
11/6/2002,6.613358974,7.024357796,6.613358974,6.957104206,3.435778618,16713321
11/7/2002,6.732922077,6.777759075,6.605885983,6.613358974,3.266019821,9337294
11/8/2002,6.538630962,6.665668011,6.426540852,6.486321926,3.203282833,5547376
11/11/2002,6.142577171,6.142577171,5.828722954,5.851140976,2.889596701,6435540
11/12/2002,5.978177071,6.21730423,5.955759048,6.127632141,3.026143074,4933276
11/13/2002,6.052905083,6.052905083,5.768940926,5.86608696,2.89697814,7271246
11/14/2002,6.127632141,6.292031765,5.903450012,6.277085781,3.099950075,9378377
11/15/2002,6.277085781,6.41906786,6.008068085,6.381703854,3.151616573,8803887
11/18/2002,6.463903904,6.51621294,6.262141228,6.262141228,3.092570782,10527222
11/19/2002,6.142577171,6.194886208,5.948286057,5.978177071,2.952333212,10154935
11/20/2002,5.948286057,6.232250214,5.948286057,6.21730423,3.070426941,10553718
11/21/2002,6.561049938,6.815122128,6.493794918,6.575994968,3.247566938,24130298
11/22/2002,6.800177097,6.889849186,6.650722027,6.710504055,3.313995123,16084635
11/25/2002,6.717977047,6.889849186,6.575994968,6.620831013,3.269711256,16521022
11/26/2002,6.50126791,6.650722027,6.314449787,6.35181284,3.136854887,11955751
11/27/2002,6.478849888,6.822595119,6.478849888,6.792704105,3.354588985,12530642
11/29/2002,6.98699522,7.091612816,6.807649136,6.912268162,3.413635731,7278071
12/2/2002,7.173812866,7.248539925,6.949631214,7.05424881,3.483754158,11634851
12/3/2002,6.98699522,7.009412766,6.770286083,6.830068111,3.373040676,9781309
12/4/2002,6.538630962,6.725450039,6.411594868,6.710504055,3.313995123,13286458
12/5/2002,6.912268162,6.912268162,6.448958874,6.478849888,3.19959259,7593351
12/6/2002,6.389176846,6.643249989,6.314449787,6.575994968,3.247566938,3953713
12/9/2002,6.575994968,6.575994968,6.292031765,6.314449787,3.118402958,5634359
12/10/2002,6.314449787,6.493794918,6.262141228,6.389176846,3.155306816,6232803
12/11/2002,6.35181284,6.381703854,6.164995193,6.277085781,3.099950075,5480065
12/12/2002,6.239723206,6.239723206,5.978177071,6.037959099,2.981856108,7773339
12/13/2002,5.978177071,5.985650063,5.709158897,5.753995895,2.841621637,9922757
12/16/2002,5.903450012,5.933341026,5.79883194,5.933341026,2.930192232,6664372
12/17/2002,5.933341026,6.015541077,5.79883194,5.81377697,2.871144295,4704176
12/18/2002,5.81377697,5.81377697,5.447614193,5.492450237,2.712456703,12773258
12/19/2002,5.387832165,5.574649811,5.380360126,5.484978199,2.708766699,5796817
12/20/2002,5.492450237,5.701686859,5.492450237,5.559704781,2.745670795,4821135
12/23/2002,5.499923229,5.589595795,5.477505207,5.567177773,2.749361992,3328372
12/24/2002,5.529813766,5.559704781,5.492450237,5.514869213,2.723527431,754477
12/26/2002,5.567177773,5.641904831,5.499923229,5.544758797,2.738288879,1617617
12/27/2002,5.507396221,5.552231789,5.410251141,5.417723179,2.675552607,3161097
12/30/2002,5.305632114,5.34299612,5.201014042,5.223432064,2.579601526,4800661
12/31/2002,5.283214092,5.372887135,5.223432064,5.268269062,2.601743937,3080270
1/2/2003,5.34299612,5.470032215,5.26079607,5.440141201,2.68662405,6774506
1/3/2003,5.447614193,5.612013817,5.447614193,5.567177773,2.749361992,5766574
1/6/2003,5.589595795,5.791358948,5.559704781,5.716631889,2.823169231,7918400
1/7/2003,5.776413918,5.836195946,5.679267883,5.739049911,2.83424139,7438789
1/8/2003,5.679267883,5.686740875,5.477505207,5.492450237,2.712456703,5619907
1/9/2003,5.589595795,5.791358948,5.582122803,5.791358948,2.860073566,5988180
1/10/2003,5.79883194,6.067850113,5.649377823,5.978177071,2.952333212,12429073
1/13/2003,6.299503803,6.329394817,6.135105133,6.2023592,3.063046217,8989496
1/14/2003,6.239723206,6.247194767,6.090268135,6.179941177,3.051975727,6153849
1/15/2003,6.2023592,6.426540852,6.067850113,6.396649837,3.158996344,8745140
1/16/2003,6.262141228,6.404121876,6.023014069,6.052905083,2.989238501,7566587
1/17/2003,5.903450012,5.903450012,5.649377823,5.671795845,2.801027298,8409386
1/21/2003,5.739049911,5.873558998,5.626958847,5.641904831,2.78626585,4390904
1/22/2003,5.567177773,5.776413918,5.514869213,5.679267883,2.804716825,4535697
1/23/2003,6.015541077,6.135105133,5.940814018,6.127632141,3.026143074,8294301
1/24/2003,6.127632141,6.127632141,5.739049911,5.783886909,2.856383801,3681256
1/27/2003,5.649377823,5.791358948,5.582122803,5.597068787,2.764122725,7480809
1/28/2003,5.380360126,5.978177071,5.26079607,5.34299612,2.638648272,15055425
1/29/2003,5.268269062,5.402778149,5.156177998,5.380360126,2.657101154,10043061
1/30/2003,5.440141201,5.440141201,5.088922977,5.118813992,2.527935028,5942681
1/31/2003,5.006723881,5.096395969,4.931995869,5.006723881,2.472580194,7499677
2/3/2003,5.014195919,5.215960026,5.014195919,5.141232967,2.539007425,4204492
2/4/2003,5.148705006,5.148705006,5.029141903,5.081450939,2.509484053,3803969
2/5/2003,5.193542004,5.365414143,5.133759975,5.320578098,2.627577066,8189787
2/6/2003,5.044086933,5.16365099,5.006723881,5.073977947,2.505794048,6627304
2/7/2003,5.073977947,5.118813992,4.946941853,4.991777897,2.465198994,4853252
2/10/2003,4.931995869,4.969359875,4.775069237,4.834850788,2.387699842,5088775
2/11/2003,4.834850788,4.902104855,4.812432766,4.834850788,2.387699842,8853267
2/12/2003,4.84232378,4.946941853,4.812432766,4.864741802,2.402461052,4328008
2/13/2003,4.819904804,4.85726881,4.752651215,4.782542229,2.361866713,5423861
2/14/2003,4.834850788,5.17859602,4.834850788,5.118813992,2.527935028,8277305
2/18/2003,5.156177998,5.350469112,5.156177998,5.283214092,2.609125137,8318923
2/19/2003,5.26079607,5.290687084,5.171123028,5.215960026,2.575911283,3594674
2/20/2003,5.455087185,5.567177773,5.440141201,5.537287235,2.73459959,10634679
2/21/2003,5.529813766,5.634431839,5.395305157,5.582122803,2.756741285,5122498
2/24/2003,5.604540825,5.701686859,5.432669163,5.432669163,2.682933807,5506963
2/25/2003,5.230905056,5.410251141,5.201014042,5.380360126,2.657101154,5296196
2/26/2003,5.357941151,5.440141201,5.238378048,5.275742054,2.605434895,2519564
2/27/2003,5.283214092,5.357941151,5.17859602,5.223432064,2.579601526,5437109
2/28/2003,5.253323078,5.350469112,5.223432064,5.298160076,2.616507053,2967995
3/3/2003,5.440141201,5.522340775,5.387832165,5.432669163,2.682933807,6173253
3/4/2003,5.305632114,5.34299612,5.193542004,5.215960026,2.575911283,4899420
3/5/2003,5.193542004,5.201014042,5.021668911,5.059032917,2.498412371,6532827
3/6/2003,5.059032917,5.111341953,4.931995869,5.111341953,2.524245501,6312693
3/7/2003,5.051559925,5.24585104,4.999250889,5.201014042,2.56853056,5760819
3/10/2003,5.156177998,5.215960026,5.118813992,5.126286983,2.531626225,3669881
3/11/2003,5.156177998,5.290687084,5.156177998,5.238378048,2.586981535,3405185
3/12/2003,5.283214092,5.395305157,5.283214092,5.357941151,2.646029472,5703946
3/13/2003,5.492450237,5.768940926,5.470032215,5.768940926,2.849003315,10761942
3/14/2003,5.768940926,5.910923004,5.746522903,5.753995895,2.841621637,6179944
3/17/2003,5.529813766,5.910923004,5.514869213,5.88103199,2.904358864,8454751
3/18/2003,6.052905083,6.157523155,5.940814018,6.135105133,3.029833555,11964717
3/19/2003,6.150050163,6.157523155,5.993123055,6.120159149,3.022451639,6167231
3/20/2003,6.120159149,6.277085781,6.090268135,6.209832191,3.066736698,8216953
3/21/2003,6.299503803,6.359285831,6.21730423,6.344340801,3.133164406,8681843
3/24/2003,5.978177071,6.127632141,5.940814018,5.940814018,2.933881283,5893569
3/25/2003,5.903450012,6.112686157,5.903450012,6.045432091,2.985547543,7968181
3/26/2003,5.641904831,5.821249962,5.641904831,5.664322853,2.797336817,16098285
3/27/2003,5.612013817,5.753995895,5.544758797,5.716631889,2.823169231,6359396
3/28/2003,5.656849861,5.753995895,5.477505207,5.529813766,2.730909109,8037098
3/31/2003,5.230905056,5.230905056,5.073977947,5.111341953,2.524245501,13036616
4/1/2003,5.193542004,5.230905056,5.133759975,5.156177998,2.546387672,6138460
4/2/2003,5.492450237,5.597068787,5.081450939,5.574649811,2.753051758,10754315
4/3/2003,5.604540825,5.86608696,5.470032215,5.604540825,2.767812729,6561197
4/4/2003,5.686740875,5.686740875,5.567177773,5.597068787,2.764122725,4622412
4/7/2003,5.828722954,5.948286057,5.753995895,5.791358948,2.860073566,11147478
4/8/2003,5.709158897,5.806304932,5.649377823,5.694213867,2.812097311,6419883
4/9/2003,5.567177773,5.724104881,5.552231789,5.634431839,2.78257513,4277424
4/10/2003,5.574649811,5.664322853,5.492450237,5.574649811,2.753051758,5368860
4/11/2003,5.641904831,5.709158897,5.514869213,5.514869213,2.723527431,2922898
4/14/2003,5.552231789,5.649377823,5.470032215,5.649377823,2.789956093,3989176
4/15/2003,5.641904831,5.694213867,5.499923229,5.522340775,2.727218628,7717938
4/16/2003,5.753995895,5.81377697,5.664322853,5.761467934,2.845311403,11480422
4/17/2003,5.739049911,5.933341026,5.701686859,5.843667984,2.885906458,8085809
4/21/2003,5.978177071,5.985650063,5.86608696,5.948286057,2.937572002,5418775
4/22/2003,5.948286057,6.135105133,5.791358948,6.112686157,3.018760681,14139694
4/23/2003,6.120159149,6.164995193,5.993123055,6.164995193,3.044593573,6224506
4/24/2003,5.903450012,5.918395996,5.761467934,5.783886909,2.856383801,8249739
4/25/2003,5.604540825,5.701686859,5.462560177,5.664322853,2.797336817,8574252
4/28/2003,5.604540825,5.81377697,5.544758797,5.746522903,2.837931156,9172294
4/29/2003,6.015541077,6.43401289,6.015541077,6.426540852,3.173759937,26193134
4/30/2003,5.387832165,6.284558773,5.387832165,6.254668236,3.08887887,23862792
5/1/2003,6.262141228,6.404121876,6.194886208,6.359285831,3.140545368,10441042
5/2/2003,6.381703854,6.688086033,6.336867809,6.620831013,3.269711256,11817515
5/5/2003,6.620831013,6.695559025,6.43401289,6.58346796,3.251258135,6334907
5/6/2003,6.58346796,6.58346796,6.381703854,6.50126791,3.210663557,11487247
5/7/2003,6.389176846,6.456431866,6.306976795,6.381703854,3.151616573,7076137
5/8/2003,6.239723206,6.381703854,6.120159149,6.150050163,3.037213564,7952524
5/9/2003,6.389176846,6.575994968,6.284558773,6.523685932,3.221734047,11476809
5/12/2003,6.411594868,6.658195019,6.389176846,6.650722027,3.284471273,8373254
5/13/2003,6.650722027,6.717977047,6.50126791,6.703031063,3.310303926,9598377
5/14/2003,6.695559025,6.777759075,6.51621294,6.747868061,3.332446098,13936555
5/15/2003,6.703031063,6.874904156,6.688086033,6.874904156,3.395183563,10181832
5/16/2003,6.874904156,6.874904156,6.613358974,6.688086033,3.302923441,6259701
5/19/2003,6.463903904,6.546103954,6.321922779,6.35181284,3.136854887,7477195
5/20/2003,6.411594868,6.441485882,6.254668236,6.329394817,3.125782967,7852561
5/21/2003,6.2023592,6.329394817,6.2023592,6.292031765,3.107331753,7242475
5/22/2003,6.35181284,6.546103954,6.314449787,6.523685932,3.221734047,7810140
5/23/2003,6.575994968,6.58346796,6.404121876,6.456431866,3.188521147,5463337
5/27/2003,6.493794918,6.852486134,6.463903904,6.815122128,3.365661383,9041953
5/28/2003,6.762813091,7.13644886,6.762813091,7.076666832,3.494824171,12564498
5/29/2003,7.114030838,7.345685005,7.091612816,7.248539925,3.579704523,10365434
5/30/2003,7.435358047,7.60723114,7.338212967,7.577340126,3.742082596,19148713
6/2/2003,7.808993816,7.921084881,7.60723114,7.60723114,3.756845236,14051774
6/3/2003,7.001939774,7.383049011,7.001939774,7.128975868,3.520657301,17480110
6/4/2003,7.173812866,7.614703178,7.151394844,7.554922104,3.731012821,13585278
6/5/2003,7.554922104,7.921084881,7.472722054,7.898666859,3.900771141,12547503
6/6/2003,8.145266533,8.384393692,7.928557873,7.950975895,3.926604986,17860159
6/9/2003,7.883720875,7.883720875,7.592285156,7.659540176,3.782678127,11761444
6/10/2003,7.786575794,7.8239398,7.547449112,7.764157772,3.834342718,6271878
6/11/2003,7.472722054,7.644594193,7.368103981,7.614703178,3.760535002,12232357
6/12/2003,7.846357822,7.883720875,7.719322205,7.749211788,3.826962233,8607440
6/13/2003,7.75668478,7.75668478,7.45777607,7.472722054,3.69041872,6208447
6/16/2003,7.450304031,7.637122154,7.397994041,7.592285156,3.749464512,6366623
6/17/2003,7.592285156,7.943502903,7.547449112,7.921084881,3.911841869,8663510
6/18/2003,7.734267235,8.033176422,7.659540176,7.965920925,3.933984518,9066844
6/19/2003,7.965920925,8.122847557,7.846357822,7.958448887,3.930294752,6816793
6/20/2003,7.995811939,8.02570343,7.8239398,7.853829861,3.878628492,5172413
6/23/2003,7.779102802,7.808993816,7.517558098,7.569867134,3.73839283,7463278
6/24/2003,7.517558098,7.60723114,7.435358047,7.450304031,3.679347038,6363679
6/25/2003,7.495140076,7.659540176,7.472722054,7.487667084,3.697798014,6365285
6/26/2003,7.465249062,7.577340126,7.435358047,7.487667084,3.697798014,7810943
6/27/2003,7.487667084,7.52503109,7.397994041,7.442831039,3.675655365,5124907
6/30/2003,7.584813118,7.614703178,7.510085106,7.532503128,3.719940662,5367121
7/1/2003,7.532503128,7.771630764,7.532503128,7.771630764,3.838033915,6211124
7/2/2003,7.973393917,8.182629585,7.898666859,8.175157547,4.037316799,11385009
7/3/2003,8.130320549,8.175157547,8.040649414,8.09295845,3.996723175,5881124
7/7/2003,8.813029289,8.9340868,8.780747414,8.917945862,4.404145241,18337932
7/8/2003,8.635477066,8.691970825,8.417572975,8.449854851,4.172976971,25415897
7/9/2003,8.538631439,8.627407074,8.417572975,8.570913315,4.232763767,39266149
7/10/2003,8.231949806,8.248090744,8.070539474,8.070539474,3.985650063,24926215
7/11/2003,8.199667931,8.264231682,8.143174171,8.159315109,4.029493332,7818808
7/14/2003,8.457924843,8.619336128,8.377220154,8.377220154,4.137105942,13606030
7/15/2003,8.393361092,8.409502029,8.191597939,8.344938278,4.121162415,11370492
7/16/2003,8.474065781,8.474065781,8.25616169,8.409502029,4.153048515,9288846
7/17/2003,8.070539474,8.135104179,7.925270081,8.00597477,3.953765154,8975608
7/18/2003,8.062468529,8.070539474,7.852634907,7.957551956,3.929852962,8649112
7/21/2003,7.909129143,7.933340073,7.658942223,7.739646912,3.822240114,12761972
7/22/2003,7.94948101,7.973692894,7.796141148,7.973692894,3.937823296,8593230
7/23/2003,8.030186653,8.175456047,7.957551956,8.127033234,4.013550758,7295051
7/24/2003,8.474065781,8.474065781,7.909129143,7.957551956,3.929852962,17728307
7/25/2003,7.909129143,7.957551956,7.747717857,7.94948101,3.925864697,7486612
7/28/2003,7.94948101,8.151245117,7.473320007,8.014045715,3.957749605,9321682
7/29/2003,7.263484955,7.94948101,7.263484955,7.804212093,3.8541255,8486050
7/30/2003,7.747717857,7.747717857,7.610518932,7.6508708,3.778396606,9137679
7/31/2003,7.94948101,8.151245117,7.642800808,8.070539474,3.985650063,15780482
8/1/2003,8.151245117,8.159315109,8.062468529,8.151245117,4.025508404,7183411
8/4/2003,8.183526993,8.223879814,8.046327591,8.175456047,4.037465096,7798487
8/5/2003,7.981762886,8.118963242,7.957551956,7.997904778,3.949778795,9790300
8/6/2003,7.997904778,8.070539474,7.909129143,8.070539474,3.985650063,8345663
8/7/2003,8.062468529,8.07861042,7.989833832,8.070539474,3.985650063,8988619
8/8/2003,8.054397583,8.062468529,7.521742821,7.618588924,3.762454271,12824917
8/11/2003,7.667012215,7.739646912,7.634729862,7.683154106,3.794339657,6352611
8/12/2003,7.747717857,7.828423023,7.6508708,7.812282085,3.858109951,6619632
8/13/2003,7.94948101,8.159315109,7.917199135,8.07861042,3.989635944,8333892
8/14/2003,8.110892296,8.312656403,8.054397583,8.199667931,4.04942131,8762983
8/15/2003,8.433713913,8.433713913,8.151245117,8.272302628,4.085292339,5087764
8/18/2003,8.231949806,8.651618004,8.231949806,8.643548012,4.268632412,10127948
8/19/2003,8.643548012,8.804959297,8.611266136,8.788817406,4.340372562,11548794
8/20/2003,8.716182709,8.837241173,8.595124245,8.837241173,4.364287853,7049219
8/21/2003,8.917945862,9.2811203,8.901804924,9.20848465,4.547627926,11941209
8/22/2003,9.490954399,9.660435677,9.240768433,9.248838425,4.567555428,17250520
8/25/2003,9.248838425,9.394107819,9.087427139,9.240768433,4.563570976,6080634
8/26/2003,9.25690937,9.273050308,9.022863388,9.248838425,4.567555428,10082474
8/27/2003,9.248838425,9.603941917,9.216555595,9.523237228,4.70306778,10115309
8/28/2003,9.620082855,9.644294739,9.377966881,9.442530632,4.663211823,6703269
8/29/2003,9.523237228,9.571660042,9.482884407,9.507095337,4.695095539,4077051
9/2/2003,9.507095337,9.773423195,9.507095337,9.773423195,4.826624393,6775384
9/3/2003,9.765353203,9.765353203,9.482884407,9.490954399,4.68712616,5746456
9/4/2003,9.499025345,9.692717552,9.474813461,9.603941917,4.742923737,7172879
9/5/2003,9.684646606,10.12852669,9.660435677,9.918692589,4.898365021,8757903
9/8/2003,10.20923233,10.43520737,10.08817387,10.42713737,5.149460793,6580725
9/9/2003,10.35450172,10.36257267,9.975187302,10.07203293,4.97409153,9345100
9/10/2003,8.926016808,9.902551651,8.926016808,9.499025345,4.691112041,11042880
9/11/2003,9.482884407,9.926762581,9.45867157,9.829916954,4.854521275,8915265
9/12/2003,9.708859444,9.797635078,9.547448158,9.725000381,4.802708149,6267363
9/15/2003,9.442530632,9.466743469,9.087427139,9.119709969,4.503786564,21677114
9/16/2003,9.240768433,9.539378166,9.103568077,9.442530632,4.663211823,18842978
9/17/2003,9.442530632,9.547448158,9.369895935,9.410248756,4.647268295,6478501
9/18/2003,9.410248756,9.523237228,9.18427372,9.45867157,4.671182632,8324475
9/19/2003,9.45867157,9.45867157,9.240768433,9.345685005,4.615384579,6770675
9/22/2003,9.160061836,9.168132782,8.990580559,9.039004326,4.463928699,5682520
9/23/2003,9.103568077,9.200414658,9.079357147,9.111639023,4.499799728,4681967
9/24/2003,9.111639023,9.176202774,8.804959297,8.837241173,4.364287853,6491388
9/25/2003,8.87759304,8.966368675,8.683899879,8.748464584,4.320446014,5599006
9/26/2003,8.748464584,8.893733978,8.683899879,8.756534576,4.324432373,5563445
9/29/2003,8.893733978,8.958298683,8.724252701,8.901804924,4.396173,6533764
9/30/2003,8.28037262,8.796888351,8.28037262,8.740393639,4.316459656,9584489
10/1/2003,8.764606476,8.958298683,8.756534576,8.87759304,4.384215355,6996682
10/2/2003,9.039004326,9.18427372,8.998650551,9.176202774,4.531684875,7972949
10/3/2003,10.08817387,10.08817387,9.482884407,9.660435677,4.770823479,11973921
10/6/2003,9.757282257,9.757282257,9.636223793,9.668505669,4.774810791,4891495
10/7/2003,9.079357147,9.563589096,9.079357147,9.490954399,4.68712616,6220278
10/8/2003,9.079357147,9.329544067,9.079357147,9.248838425,4.567555428,8941286
10/9/2003,9.361825943,9.450601578,9.103568077,9.160061836,4.523712158,9095055
10/10/2003,9.200414658,9.555519104,9.192343712,9.474813461,4.679153442,8193876
10/13/2003,9.523237228,9.846057892,9.482884407,9.571660042,4.726983547,6217924
10/14/2003,9.361825943,9.442530632,9.248838425,9.386036873,4.635311127,6003068
10/15/2003,9.547448158,9.603941917,9.192343712,9.216555595,4.551614761,8396960
10/16/2003,9.264979362,9.426389694,9.240768433,9.305332184,4.595454693,8647749
10/17/2003,9.240768433,9.273050308,8.9340868,8.966368675,4.428057671,7882001
10/20/2003,9.039004326,9.127779961,8.942157745,9.014793396,4.451972485,8919478
10/21/2003,8.958298683,8.966368675,8.813029289,8.950227737,4.420086861,10945985
10/22/2003,8.780747414,8.788817406,8.546701431,8.643548012,4.268632412,8332529
10/23/2003,8.490206718,8.683899879,8.425642967,8.474065781,4.184934139,8298950
10/24/2003,8.457924843,8.474065781,8.344938278,8.465995789,4.180948734,7851520
10/27/2003,8.538631439,8.683899879,8.409502029,8.425642967,4.161019325,10153349
10/28/2003,8.990580559,9.369895935,8.982509613,9.329544067,4.607411861,17848497
10/29/2003,9.305332184,9.402177811,9.216555595,9.386036873,4.635311127,14081587
10/30/2003,9.515166283,9.595870972,9.151991844,9.160061836,4.523712158,10996043
10/31/2003,9.119709969,9.135850906,8.845311165,8.926016808,4.408130646,8360903
11/3/2003,9.119709969,9.2811203,9.079357147,9.25690937,4.571543217,10820590
11/4/2003,9.20848465,9.297261238,9.079357147,9.216555595,4.551614761,9054166
11/5/2003,9.216555595,9.394107819,9.216555595,9.394107819,4.639296055,8465110
11/6/2003,9.402177811,9.426389694,9.176202774,9.18427372,4.535671234,9490939
11/7/2003,8.893733978,9.474813461,8.893733978,9.216555595,4.551614761,6241962
11/10/2003,8.958298683,8.958298683,8.651618004,8.691970825,4.292544365,22944811
11/11/2003,8.474065781,8.748464584,8.457924843,8.570913315,4.232763767,33142023
11/12/2003,8.691970825,9.014793396,8.683899879,8.87759304,4.384215355,18950530
11/13/2003,8.885663986,8.958298683,8.813029289,8.861452103,4.376245975,9327877
11/14/2003,8.861452103,8.942157745,8.724252701,8.780747414,4.336388588,7894392
11/17/2003,8.780747414,8.780747414,8.425642967,8.595124245,4.244717598,13086734
11/18/2003,8.756534576,8.821100235,8.60319519,8.619336128,4.256675243,6933489
11/19/2003,8.619336128,8.708111763,8.554772377,8.635477066,4.264645576,7660702
11/20/2003,8.53055954,8.651618004,8.474065781,8.490206718,4.192905426,7548690
11/21/2003,8.546701431,8.667758942,8.53055954,8.635477066,4.264645576,4992603
11/24/2003,9.273050308,9.273050308,8.611266136,8.788817406,4.340372562,7166559
11/25/2003,8.813029289,8.9340868,8.796888351,8.821100235,4.356316566,10683796
11/26/2003,8.87759304,8.917945862,8.724252701,8.813029289,4.352330685,8826919
11/28/2003,8.635477066,8.780747414,8.635477066,8.772676468,4.33240366,2243964
12/1/2003,8.87759304,8.966368675,8.796888351,8.942157745,4.416101456,9545954
12/2/2003,9.055145264,9.240768433,9.00672245,9.119709969,4.503786564,13989399
12/3/2003,9.224626541,9.2811203,8.974439621,9.039004326,4.463928699,8877721
12/4/2003,9.160061836,9.168132782,8.893733978,8.990580559,4.440015793,7697007
12/5/2003,8.756534576,8.845311165,8.683899879,8.708111763,4.300516605,4911568
12/8/2003,8.635477066,8.740393639,8.482136726,8.522489548,4.208848,7338295
12/9/2003,8.474065781,8.514418602,8.102822304,8.167386055,4.03347826,17812192
12/10/2003,8.070539474,8.143174171,7.860704899,7.94948101,3.925864697,19013723
12/11/2003,8.110892296,8.35300827,8.102822304,8.35300827,4.12514925,14730738
12/12/2003,8.35300827,8.393361092,8.110892296,8.151245117,4.025508404,8072075
12/15/2003,8.35300827,8.433713913,7.989833832,8.038256645,3.969708204,9213263
12/16/2003,8.110892296,8.110892296,7.788071156,7.909129143,3.905938625,14622690
12/17/2003,7.78000021,8.038256645,7.586307049,7.62665987,3.766440868,16801479
12/18/2003,7.747717857,7.94948101,7.715435982,7.892988205,3.8979671,11842331
12/19/2003,7.909129143,8.00597477,7.828423023,7.989833832,3.945794821,13948758
12/22/2003,8.030186653,8.151245117,8.014045715,8.062468529,3.981666088,8682443
12/23/2003,8.151245117,8.151245117,7.933340073,8.030186653,3.965723276,5199405
12/24/2003,8.030186653,8.062468529,7.909129143,7.973692894,3.937823296,2566247
12/26/2003,8.070539474,8.070539474,7.94948101,7.965621948,3.933837414,1123469
12/29/2003,8.054397583,8.110892296,7.997904778,8.086680412,3.993622303,5302991
12/30/2003,8.159315109,8.264231682,8.135104179,8.167386055,4.03347826,6053994
12/31/2003,8.207738876,8.296515465,8.175456047,8.264231682,4.081305504,4991860
1/2/2004,8.457924843,8.683899879,8.393361092,8.619336128,4.256675243,10085323
1/5/2004,8.716182709,8.837241173,8.683899879,8.804959297,4.348345757,8401173
1/6/2004,8.796888351,8.813029289,8.643548012,8.813029289,4.352330685,7615352
1/7/2004,8.748464584,8.756534576,8.474065781,8.724252701,4.308489799,10438088
1/8/2004,8.958298683,9.039004326,8.813029289,9.039004326,4.463928699,10189530
1/9/2004,9.119709969,9.240768433,9.039004326,9.160061836,4.523712158,10287045
1/12/2004,9.240768433,9.240768433,9.00672245,9.022863388,4.455957413,7368776
1/13/2004,8.958298683,8.982509613,8.643548012,8.667758942,4.28058815,14175880
1/14/2004,8.756534576,8.901804924,8.716182709,8.788817406,4.340372562,7003497
1/15/2004,8.788817406,8.966368675,8.716182709,8.87759304,4.384215355,7373237
1/16/2004,8.974439621,9.168132782,8.885663986,9.151991844,4.519728661,12189768
1/20/2004,9.361825943,9.410248756,9.2811203,9.386036873,4.635311127,11065803
1/21/2004,9.418319702,9.418319702,9.216555595,9.264979362,4.575528145,8123373
1/22/2004,9.2811203,9.321473122,8.998650551,9.151991844,4.519728661,7740003
1/23/2004,9.151991844,9.18427372,8.87759304,8.87759304,4.384215355,5412525
1/26/2004,8.901804924,9.25690937,8.901804924,9.240768433,4.563570976,6734866
1/27/2004,9.329544067,9.353754997,9.079357147,9.103568077,4.49581337,7357749
1/28/2004,9.240768433,9.361825943,9.022863388,9.039004326,4.463928699,9500356
1/29/2004,9.103568077,9.20848465,8.65968895,8.845311165,4.368273735,16148239
1/30/2004,8.901804924,9.022863388,8.845311165,9.022863388,4.455957413,9213015
2/2/2004,8.998650551,9.014793396,8.796888351,8.813029289,4.352330685,5696026
2/3/2004,8.716182709,8.780747414,8.627407074,8.635477066,4.264645576,6550615
2/4/2004,8.546701431,8.554772377,8.32879734,8.32879734,4.113191605,8244430
2/5/2004,8.474065781,8.619336128,8.425642967,8.595124245,4.244717598,5122210
2/6/2004,8.675829887,8.998650551,8.651618004,8.926016808,4.408130646,7061981
2/9/2004,9.039004326,9.071286201,8.780747414,8.829170227,4.360302925,4830284
2/10/2004,8.853382111,8.958298683,8.813029289,8.901804924,4.396173,3198299
2/11/2004,8.87759304,8.926016808,8.756534576,8.861452103,4.376245975,5220469
2/12/2004,8.861452103,8.958298683,8.780747414,8.788817406,4.340372562,3237826
2/13/2004,8.837241173,8.87759304,8.546701431,8.578983307,4.236746311,6562139
2/17/2004,8.716182709,8.732323647,8.60319519,8.708111763,4.300516605,4597586
2/18/2004,8.740393639,8.788817406,8.554772377,8.587054253,4.240731239,6457933
2/19/2004,8.716182709,8.740393639,8.474065781,8.498277664,4.196890354,6404157
2/20/2004,8.490206718,8.562842369,8.401432037,8.401432037,4.14906311,5979650
2/23/2004,8.482136726,8.522489548,8.231949806,8.312656403,4.105220318,11395025
2/24/2004,8.296515465,8.417572975,8.240020752,8.401432037,4.14906311,5851158
2/25/2004,8.433713913,8.611266136,8.369149208,8.538631439,4.216819763,5107341
2/26/2004,8.433713913,8.562842369,8.377220154,8.465995789,4.180948734,5210928
2/27/2004,8.474065781,8.50634861,8.35300827,8.385290146,4.14109087,5929467
3/1/2004,8.53055954,8.804959297,8.514418602,8.788817406,4.340372562,8818122
3/2/2004,8.917945862,9.135850906,8.869523048,9.039004326,4.463928699,12933336
3/3/2004,8.958298683,9.014793396,8.813029289,8.87759304,4.384215355,8043824
3/4/2004,8.87759304,9.119709969,8.87759304,9.095498085,4.491828918,6349390
3/5/2004,8.958298683,9.135850906,8.861452103,9.039004326,4.463928699,7724143
3/8/2004,9.00672245,9.055145264,8.635477066,8.700040817,4.296530724,8883173
3/9/2004,8.716182709,8.780747414,8.538631439,8.611266136,4.252689838,8472668
3/10/2004,8.490206718,8.546701431,8.32879734,8.393361092,4.145077229,7770360
3/11/2004,8.312656403,8.377220154,8.143174171,8.199667931,4.04942131,17031328
3/12/2004,8.25616169,8.587054253,8.25616169,8.50634861,4.200876713,8875863
3/15/2004,8.199667931,8.312656403,8.183526993,8.272302628,4.085292339,10049019
3/16/2004,8.35300827,8.425642967,8.191597939,8.248090744,4.073335171,4202817
3/17/2004,8.393361092,8.433713913,8.167386055,8.296515465,4.097249508,9110172
3/18/2004,8.377220154,8.449854851,8.248090744,8.377220154,4.137105942,7052441
3/19/2004,8.35300827,8.35300827,8.143174171,8.215808868,4.05739212,9878398
3/22/2004,7.586307049,7.747717857,7.473320007,7.505601883,3.706656218,19851957
3/23/2004,7.763858795,8.030186653,7.707365036,7.989833832,3.945794821,21177767
3/24/2004,8.014045715,8.32879734,8.00597477,8.272302628,4.085292339,13472458
3/25/2004,8.272302628,8.393361092,8.223879814,8.296515465,4.097249508,14776336
3/26/2004,8.215808868,8.215808868,7.981762886,8.054397583,3.977679014,12936806
3/29/2004,8.514418602,8.643548012,8.35300827,8.385290146,4.14109087,11293917
3/30/2004,8.272302628,8.465995789,8.25616169,8.449854851,4.172976971,6203798
3/31/2004,8.457924843,8.457924843,8.304585457,8.425642967,4.161019325,4668585
4/1/2004,8.538631439,8.538631439,8.296515465,8.32879734,4.113191605,8456188
4/2/2004,8.514418602,8.554772377,8.35300827,8.498277664,4.196890354,8163147
4/5/2004,8.578983307,8.732323647,8.578983307,8.732323647,4.312473774,5702965
4/6/2004,8.716182709,8.821100235,8.635477066,8.683899879,4.28855896,5934176
4/7/2004,8.756534576,8.756534576,8.449854851,8.578983307,4.236746311,5401374
4/8/2004,8.675829887,8.675829887,8.425642967,8.457924843,4.176961422,3978668
4/12/2004,8.514418602,8.635477066,8.490206718,8.60319519,4.248703957,2955193
4/13/2004,8.611266136,8.635477066,8.53055954,8.562842369,4.228775978,5714240
4/14/2004,8.635477066,8.756534576,8.538631439,8.675829887,4.284573555,8080377
4/15/2004,8.554772377,8.611266136,8.336867332,8.449854851,4.172976971,6511461
4/16/2004,8.32879734,8.409502029,8.25616169,8.336867332,4.117177963,4995577
4/19/2004,8.191597939,8.393361092,8.183526993,8.336867332,4.117177963,5085905
4/20/2004,8.538631439,8.60319519,8.264231682,8.272302628,4.085292339,6717395
4/21/2004,8.393361092,8.53055954,8.385290146,8.498277664,4.196890354,7330117
4/22/2004,8.611266136,8.764606476,8.498277664,8.724252701,4.308489799,9601465
4/23/2004,8.861452103,9.103568077,8.813029289,9.079357147,4.483857155,10743024
4/26/2004,9.039004326,9.087427139,8.813029289,8.829170227,4.360302925,5898367
4/27/2004,8.853382111,8.87759304,8.60319519,8.611266136,4.252689838,5490711
4/28/2004,8.554772377,8.554772377,8.231949806,8.272302628,4.085292339,10570421
4/29/2004,8.215808868,8.231949806,7.901058197,8.038256645,3.969708204,10805102
4/30/2004,7.94948101,8.00597477,7.667012215,7.691224098,3.798325777,12065117
5/3/2004,7.94948101,7.973692894,7.715435982,7.747717857,3.826224566,8593230
5/4/2004,7.884916782,8.030186653,7.828423023,7.973692894,3.937823296,6642183
5/5/2004,7.707365036,7.868775845,7.62665987,7.788071156,3.846152782,11484362
5/6/2004,7.763858795,7.771928787,7.618588924,7.62665987,3.766440868,15055623
5/7/2004,7.6508708,7.876845837,7.6508708,7.723505974,3.814267159,10973368
5/10/2004,7.586307049,7.618588924,7.416825771,7.554025173,3.730569363,11057501
5/11/2004,7.796141148,7.909129143,7.642800808,7.909129143,3.905938625,10452709
5/12/2004,7.901058197,7.957551956,7.62665987,7.820353031,3.862095833,10892085
5/13/2004,7.788071156,7.876845837,7.715435982,7.796141148,3.850138187,6698685
5/14/2004,7.6508708,7.699295044,7.562095165,7.602447987,3.7544837,6826186
5/17/2004,7.174709797,7.416825771,7.142426968,7.247344017,3.579114437,10994928
5/18/2004,7.319979191,7.416825771,7.311909199,7.392613888,3.65085578,8551473
5/19/2004,7.658942223,7.796141148,7.529812813,7.562095165,3.734554529,12926150
5/20/2004,7.570166111,7.62665987,7.497530937,7.505601883,3.706656218,5249215
5/21/2004,7.586307049,7.667012215,7.554025173,7.586307049,3.746511221,6039125
5/24/2004,7.586307049,7.667012215,7.554025173,7.586307049,3.746511221,6817140
5/25/2004,7.586307049,7.723505974,7.489460945,7.715435982,3.810281515,10111096
5/26/2004,7.763858795,7.941411018,7.755787849,7.941411018,3.921882153,9015135
5/27/2004,7.94948101,8.183526993,7.94948101,8.102822304,4.00159359,9024180
5/28/2004,8.102822304,8.191597939,8.022115707,8.191597939,4.045435429,5143027
6/1/2004,8.054397583,8.062468529,7.989833832,8.022115707,3.961736441,7302610
6/2/2004,7.820353031,7.973692894,7.763858795,7.844563961,3.874051809,5533087
6/3/2004,7.570166111,7.62665987,7.505601883,7.505601883,3.706656218,9522660
6/4/2004,7.602447987,7.691224098,7.513671875,7.537884235,3.722598791,9446209
6/7/2004,7.723505974,7.820353031,7.634729862,7.820353031,3.862095833,9788441
6/8/2004,7.828423023,7.868775845,7.73157692,7.796141148,3.850138187,6960873
6/9/2004,7.747717857,7.747717857,7.449108124,7.457178116,3.682742119,15014362
6/10/2004,7.457178116,7.465249062,7.287696838,7.328050137,3.618970871,12397189
6/14/2004,7.213125229,7.755949974,6.909512043,6.96471405,3.478847265,14728466
6/15/2004,7.056717873,7.139522076,7.019917011,7.13032198,3.56156683,11874030
6/16/2004,7.065918922,7.084320068,6.799107075,6.854309082,3.423699141,10834729
6/17/2004,6.872710228,6.881909847,6.716302872,6.789906025,3.391531229,12722252
6/18/2004,6.670300961,6.946312904,6.615098,6.808307171,3.400722027,6952839
6/21/2004,6.891110897,6.927912235,6.670300961,6.670300961,3.331788063,6291238
6/22/2004,6.808307171,6.992314816,6.725502968,6.992314816,3.492633104,8751236
6/23/2004,7.102719784,7.277527809,7.029117107,7.26832819,3.630500078,9398815
6/24/2004,7.314330101,7.378733158,7.139522076,7.167122841,3.579948187,9003616
6/25/2004,7.222325802,7.351131916,7.176323891,7.33273077,3.66266942,6405255
6/28/2004,7.360332012,7.452335835,7.148722172,7.203925133,3.598330975,4332413
6/29/2004,7.25912714,7.507538795,7.240726948,7.489138126,3.740793705,7845516
6/30/2004,7.479937077,7.682345867,7.47073698,7.645545006,3.818919182,6469817
7/1/2004,7.581141949,7.590342045,7.240726948,7.314330101,3.653477907,9648478
7/2/2004,7.249927044,7.26832819,7.139522076,7.185523987,3.589140177,3699507
7/6/2004,7.139522076,7.148722172,6.707101822,6.900310993,3.446677208,8804603
7/7/2004,6.927912235,7.240726948,6.927912235,7.213125229,3.602926731,8493965
7/8/2004,7.203925133,7.203925133,7.056717873,7.13032198,3.56156683,3438106
7/9/2004,7.231525898,7.323530197,7.194724083,7.222325802,3.607521057,4621422
7/12/2004,7.038317204,7.047517776,6.900310993,6.983115196,3.488037348,6125919
7/13/2004,6.9739151,7.075119019,6.955513954,7.019917011,3.506419897,2898021
7/14/2004,6.82670784,6.835907936,6.541494846,6.587497234,3.290427923,14233923
7/15/2004,6.670300961,6.670300961,6.504693031,6.532295227,3.262854576,10831251
7/16/2004,6.716302872,6.725502968,6.449491024,6.449491024,3.221494198,7277389
7/19/2004,6.495492935,6.504693031,6.256281853,6.394288063,3.193921804,8238541
7/20/2004,6.32068491,6.541494846,6.32068491,6.532295227,3.262854576,7692914
7/21/2004,6.670300961,6.697902203,6.366686821,6.421889782,3.207708597,9727931
7/22/2004,6.477091789,6.651899815,6.431089878,6.633499146,3.313406229,9583807
7/23/2004,6.569096088,6.569096088,6.081473827,6.182679176,3.088223219,17502689
7/26/2004,6.219480038,6.228681087,6.072274208,6.109076023,3.051458597,8584504
7/27/2004,6.228681087,6.32068491,6.16427803,6.302283764,3.147965431,10499309
7/28/2004,6.394288063,6.532295227,6.090674877,6.228681087,3.111200809,8708194
7/29/2004,6.431089878,6.477091789,6.329885006,6.449491024,3.221494198,10918095
7/30/2004,6.550694942,6.596697807,6.477091789,6.550694942,3.272045612,6318302
8/2/2004,6.523094177,6.550694942,6.421889782,6.541494846,3.267449856,5329651
8/3/2004,6.596697807,6.661099911,6.477091789,6.532295227,3.262854576,8941771
8/4/2004,6.486292839,6.578297138,6.477091789,6.550694942,3.272045612,5209548
8/5/2004,6.707101822,6.743904114,6.550694942,6.550694942,3.272045612,9191977
8/6/2004,6.523094177,6.550694942,6.274682999,6.329885006,3.161752224,9039484
8/9/2004,6.394288063,6.45869112,6.348286152,6.348286152,3.170943022,5182049
8/10/2004,6.486292839,6.569096088,6.431089878,6.550694942,3.272045612,5402039
8/11/2004,6.403489113,6.532295227,6.274682999,6.385087967,3.189325571,9320341
8/12/2004,6.348286152,6.357487202,6.210279942,6.293084145,3.14337039,7786279
8/13/2004,6.375887871,6.403489113,6.293084145,6.32068491,3.157156467,5808325
8/16/2004,6.302283764,6.421889782,6.302283764,6.421889782,3.207708597,3626358
8/17/2004,6.46789217,6.541494846,6.403489113,6.421889782,3.207708597,3274744
8/18/2004,6.532295227,6.771504879,6.495492935,6.743904114,3.368555069,8857318
8/19/2004,6.81750679,6.872710228,6.707101822,6.799107075,3.396126986,8865361
8/20/2004,6.743904114,6.881909847,6.716302872,6.872710228,3.432889938,4889997
8/23/2004,6.881909847,6.992314816,6.881909847,6.946312904,3.46965456,4477189
8/24/2004,7.001515865,7.029117107,6.771504879,6.845108986,3.419104338,6911645
8/25/2004,6.891110897,7.075119019,6.863510132,7.065918922,3.529398203,6580790
8/26/2004,7.148722172,7.167122841,7.056717873,7.084320068,3.538589478,5536055
8/27/2004,7.13032198,7.13032198,6.9739151,7.075119019,3.533993244,4048404
8/30/2004,7.075119019,7.075119019,6.955513954,7.001515865,3.497227907,5559097
8/31/2004,6.955513954,6.96471405,6.789906025,6.946312904,3.46965456,5318564
9/1/2004,6.946312904,7.056717873,6.82670784,6.891110897,3.442081213,5420625
9/2/2004,6.762304783,7.029117107,6.734704018,6.992314816,3.492633104,5899408
9/3/2004,6.651899815,6.725502968,6.495492935,6.495492935,3.244471788,11455679
9/7/2004,6.697902203,6.697902203,6.513894081,6.541494846,3.267449856,5013143
9/8/2004,6.449491024,6.559895992,6.449491024,6.495492935,3.244471788,2830416
9/9/2004,6.615098,6.799107075,6.587497234,6.743904114,3.368555069,7204023
9/10/2004,6.872710228,7.139522076,6.81750679,7.019917011,3.506419897,12598127
9/13/2004,7.139522076,7.295928955,6.983115196,7.010715961,3.501824856,13004305
9/14/2004,6.96471405,7.047517776,6.891110897,6.9739151,3.483442783,7448251
9/15/2004,6.927912235,6.927912235,6.789906025,6.82670784,3.409912586,4493058
9/16/2004,6.854309082,6.96471405,6.81750679,6.82670784,3.409912586,3033559
9/17/2004,6.799107075,6.955513954,6.789906025,6.937112808,3.465060949,2785309
9/20/2004,6.881909847,7.075119019,6.881909847,7.029117107,3.511015415,5866583
9/21/2004,7.093520164,7.157923222,7.047517776,7.13032198,3.56156683,4382846
9/22/2004,7.010715961,7.029117107,6.808307171,6.854309082,3.423699141,5697134
9/23/2004,6.854309082,6.992314816,6.799107075,6.96471405,3.478847265,4801305
9/24/2004,6.799107075,6.891110897,6.642700195,6.707101822,3.350170851,7919751
9/27/2004,6.495492935,6.624299049,6.486292839,6.587497234,3.290427923,4921517
9/28/2004,6.578297138,6.605897903,6.46789217,6.532295227,3.262854576,4219701
9/29/2004,6.569096088,6.651899815,6.541494846,6.615098,3.304214954,4756199
9/30/2004,6.587497234,6.670300961,6.504693031,6.569096088,3.281236887,3785699
10/1/2004,6.651899815,6.955513954,6.651899815,6.900310993,3.446677208,10986026
10/4/2004,7.075119019,7.13032198,7.010715961,7.029117107,3.511015415,5934950
10/5/2004,6.946312904,6.983115196,6.881909847,6.918712139,3.455868721,4750873
10/6/2004,6.927912235,6.937112808,6.762304783,6.872710228,3.432889938,7392819
10/7/2004,6.808307171,6.872710228,6.725502968,6.734704018,3.36395812,8621785
10/8/2004,6.615098,6.670300961,6.431089878,6.486292839,3.239877462,12959742
10/11/2004,6.486292839,6.569096088,6.449491024,6.569096088,3.281236887,4159595
10/12/2004,6.440289974,6.440289974,6.228681087,6.348286152,3.170943022,10344968
10/13/2004,6.532295227,6.596697807,6.366686821,6.366686821,3.180134296,7746064
10/14/2004,6.394288063,6.421889782,6.274682999,6.339086056,3.166348219,5798217
10/15/2004,6.412689209,6.449491024,6.339086056,6.375887871,3.184730053,10406378
10/18/2004,6.311484814,6.421889782,6.311484814,6.403489113,3.198517323,6630571
10/19/2004,6.532295227,6.624299049,6.513894081,6.605897903,3.299619675,10526264
10/20/2004,6.569096088,6.642700195,6.504693031,6.578297138,3.28583312,6508185
10/21/2004,6.642700195,6.762304783,6.559895992,6.753105164,3.373148918,7398905
10/22/2004,6.707101822,6.707101822,6.46789217,6.477091789,3.235281229,7056747
10/25/2004,6.486292839,6.596697807,6.477091789,6.559895992,3.276642084,4913365
10/26/2004,6.449491024,6.550694942,6.440289974,6.504693031,3.249067307,7384123
10/27/2004,6.449491024,6.808307171,6.440289974,6.799107075,3.396126986,12773880
10/28/2004,6.799107075,6.872710228,6.743904114,6.845108986,3.419104338,6868929
10/29/2004,6.918712139,7.075119019,6.909512043,6.96471405,3.478847265,8098004
11/1/2004,6.946312904,7.010715961,6.900310993,7.001515865,3.497227907,4533382
11/2/2004,7.111920834,7.314330101,7.093520164,7.213125229,3.602926731,11993807
11/3/2004,7.452335835,7.562740803,7.277527809,7.360332012,3.676457167,17349435
11/4/2004,7.406333923,7.562740803,7.378733158,7.516738892,3.754580498,8343645
11/5/2004,7.636343956,7.700747013,7.599543095,7.617943764,3.805132151,8001704
11/8/2004,7.525938988,7.608743191,7.387932777,7.461536884,3.727007627,6469600
11/9/2004,7.415534019,7.443136215,7.369532108,7.433935165,3.713221788,4140248
11/10/2004,7.387932777,7.433935165,7.286728859,7.33273077,3.66266942,5276066
11/11/2004,7.222325802,7.433935165,7.185523987,7.341930866,3.667265177,3816350
11/12/2004,7.378733158,7.553541183,7.26832819,7.544340134,3.768368006,4540013
11/15/2004,7.507538795,7.544340134,7.47073698,7.498338223,3.745390177,3783199
11/16/2004,7.360332012,7.479937077,7.360332012,7.452335835,3.722411633,8369405
11/17/2004,7.682345867,7.912356853,7.590342045,7.912356853,3.952190638,20307128
11/18/2004,7.866354942,8.068763733,7.820353031,8.068763733,4.030314445,7128048
11/19/2004,8.068763733,8.077963829,7.728349209,7.76515007,3.878661871,8440272
11/22/2004,7.498338223,7.599543095,7.461536884,7.571940899,3.78215313,7778454
11/23/2004,7.581141949,7.599543095,7.489138126,7.525938988,3.759176731,5806695
11/24/2004,7.608743191,7.673145771,7.599543095,7.608743191,3.800536156,4088185
11/26/2004,7.562740803,7.62714386,7.489138126,7.498338223,3.745390177,3203116
11/29/2004,7.544340134,7.62714386,7.479937077,7.489138126,3.740793705,4848586
11/30/2004,7.433935165,7.498338223,7.26832819,7.33273077,3.66266942,7324887
12/1/2004,7.378733158,7.525938988,7.360332012,7.525938988,3.759176731,8095504
12/2/2004,7.599543095,7.700747013,7.544340134,7.636343956,3.814324141,7002728
12/3/2004,7.737548828,7.811151981,7.590342045,7.617943764,3.805132151,7269672
12/6/2004,7.654745102,7.737548828,7.562740803,7.700747013,3.846490383,3000517
12/7/2004,7.746748924,7.77435112,7.581141949,7.608743191,3.800536156,4569577
12/8/2004,7.571940899,7.590342045,7.406333923,7.452335835,3.722411633,5964840
12/9/2004,7.378733158,7.415534019,7.249927044,7.295928955,3.644286633,7768345
12/10/2004,7.26832819,7.295928955,7.240726948,7.240726948,3.616714954,4689354
12/13/2004,7.314330101,7.433935165,7.314330101,7.406333923,3.699434042,4830760
12/14/2004,7.406333923,7.47073698,7.397133827,7.461536884,3.727007627,6483186
12/15/2004,7.581141949,7.617943764,7.452335835,7.507538795,3.749985933,6541770
12/16/2004,7.562740803,7.617943764,7.507538795,7.544340134,3.768368006,4757829
12/17/2004,7.617943764,7.617943764,7.461536884,7.544340134,3.768368006,5024447
12/20/2004,7.544340134,7.562740803,7.452335835,7.461536884,3.727007627,7465859
12/21/2004,7.544340134,7.581141949,7.507538795,7.544340134,3.768368006,4928039
12/22/2004,7.62714386,7.682345867,7.590342045,7.617943764,3.805132151,4624031
12/23/2004,7.654745102,7.682345867,7.636343956,7.663946152,3.828109026,2838894
12/27/2004,7.617943764,7.645545006,7.581141949,7.636343956,3.814324141,2146099
12/28/2004,7.654745102,7.700747013,7.636343956,7.645545006,3.818919182,2190662
12/29/2004,7.691546917,7.829553127,7.691546917,7.77435112,3.883256435,4238722
12/30/2004,7.755949974,7.829553127,7.737548828,7.792750835,3.89244771,3413324
12/31/2004,7.829553127,7.847953796,7.77435112,7.811151981,3.901640177,1991867
1/3/2005,7.857153893,7.912356853,7.700747013,7.728349209,3.860279799,4851846
1/4/2005,7.728349209,7.728349209,7.378733158,7.433935165,3.713221788,8654718
1/5/2005,7.341930866,7.351131916,7.213125229,7.286728859,3.639692307,11110477
1/6/2005,7.323530197,7.341930866,7.157923222,7.222325802,3.607521057,8670044
1/7/2005,7.222325802,7.286728859,7.12112093,7.25912714,3.625905037,5708438
1/10/2005,7.286728859,7.351131916,7.26832819,7.277527809,3.635096073,4604358
1/11/2005,7.249927044,7.277527809,7.148722172,7.176323891,3.58454442,6002773
1/12/2005,7.176323891,7.25912714,7.065918922,7.231525898,3.612117529,3547449
1/13/2005,7.194724083,7.249927044,7.084320068,7.084320068,3.538589478,3996124
1/14/2005,7.13032198,7.33273077,7.13032198,7.277527809,3.635096073,6406233
1/18/2005,7.443136215,7.489138126,7.397133827,7.461536884,3.727007627,6485142
1/19/2005,7.387932777,7.387932777,7.277527809,7.277527809,3.635096073,3832001
1/20/2005,7.240726948,7.341930866,7.213125229,7.26832819,3.630500078,13829594
1/21/2005,7.176323891,7.249927044,7.157923222,7.203925133,3.598330975,8200500
1/24/2005,7.203925133,7.222325802,7.065918922,7.065918922,3.529398203,7218370
1/25/2005,7.139522076,7.222325802,7.139522076,7.185523987,3.589140177,6307542
1/26/2005,7.360332012,7.498338223,7.360332012,7.406333923,3.699434042,10905052
1/27/2005,7.544340134,7.581141949,7.489138126,7.516738892,3.754580498,10708104
1/28/2005,7.709948063,7.709948063,7.544340134,7.553541183,3.772964001,7687153
1/31/2005,7.893956184,8.087164879,7.847953796,8.050362587,4.021124363,14972912
2/1/2005,8.004361153,8.179168701,7.939958096,8.151568413,4.071675301,10825055
2/2/2005,8.105566025,8.298773766,8.096364975,8.28037262,4.136011124,8868622
2/3/2005,8.234371185,8.234371185,7.995161057,8.031962395,4.011933327,7404231
2/4/2005,8.096364975,8.307974815,8.096364975,8.307974815,4.149801254,6489164
2/7/2005,8.307974815,8.326375961,8.215970993,8.261973381,4.126821995,3901563
2/8/2005,8.225171089,8.372378349,8.197569847,8.335576057,4.163586617,4455451
2/9/2005,8.307974815,8.317174911,8.215970993,8.215970993,4.103843212,3231702
2/10/2005,8.234371185,8.271172523,8.179168701,8.271172523,4.131415844,2659445
2/11/2005,8.261973381,8.528784752,8.225171089,8.464382172,4.227924347,5832128
2/14/2005,8.390777588,8.445981026,8.353977203,8.390777588,4.191159725,4680658
2/15/2005,8.381578445,8.528784752,8.381578445,8.42757988,4.209541798,8457336
2/16/2005,8.436779976,8.464382172,8.353977203,8.409178734,4.200350761,5891799
2/17/2005,8.28037262,8.307974815,8.050362587,8.142367363,4.06707859,13506021
2/18/2005,8.160767555,8.271172523,8.142367363,8.252772331,4.122227192,4164377
2/22/2005,8.188368797,8.271172523,8.123966217,8.151568413,4.071675301,7784105
2/23/2005,8.28037262,8.491983414,7.912356853,8.188368797,4.090056419,5743002
2/24/2005,8.151568413,8.372378349,8.123966217,8.363177299,4.177373886,5238459
2/25/2005,8.510383606,8.685192108,8.464382172,8.675991058,4.333622456,6708176
2/28/2005,8.602388382,8.657589912,8.335576057,8.390777588,4.191159725,12404984
3/1/2005,8.381578445,8.482783318,8.353977203,8.473582268,4.232520103,5558445
3/2/2005,8.409178734,8.418379784,8.326375961,8.335576057,4.163586617,8643415
3/3/2005,8.335576057,8.353977203,8.142367363,8.188368797,4.090056419,10632999
3/4/2005,8.188368797,8.188368797,8.068763733,8.096364975,4.044100761,10612782
3/7/2005,8.096364975,8.372378349,8.087164879,8.363177299,4.177373886,9533374
3/8/2005,8.326375961,8.326375961,8.096364975,8.133167267,4.062483311,7629330
3/9/2005,8.28037262,8.353977203,8.142367363,8.142367363,4.06707859,10415617
3/10/2005,8.096364975,8.123966217,7.958358765,8.068763733,4.030314445,6815453
3/11/2005,8.105566025,8.261973381,8.031962395,8.041163445,4.016527176,7996161
3/14/2005,7.976759911,8.013561249,7.847953796,7.893956184,3.94299984,6251348
3/15/2005,7.893956184,7.912356853,7.77435112,7.820353031,3.906235218,5787456
3/16/2005,7.884756088,7.967558861,7.866354942,7.875555038,3.933807611,3703420
3/17/2005,7.792750835,7.939958096,7.792750835,7.903155804,3.947594643,4159378
3/18/2005,7.884756088,7.893956184,7.76515007,7.829553127,3.910830259,4794458
3/21/2005,7.829553127,7.884756088,7.755949974,7.77435112,3.883256435,3291265
3/22/2005,7.746748924,7.838754177,7.617943764,7.617943764,3.805132151,7630743
3/23/2005,7.599543095,7.709948063,7.599543095,7.62714386,3.809726954,5639854
3/24/2005,7.654745102,7.76515007,7.645545006,7.709948063,3.851089954,4130249
3/28/2005,7.77435112,7.829553127,7.728349209,7.77435112,3.883256435,3132250
3/29/2005,7.700747013,7.77435112,7.553541183,7.590342045,3.791345119,5182701
3/30/2005,7.571940899,7.755949974,7.571940899,7.700747013,3.846490383,6253088
3/31/2005,7.77435112,7.875555038,7.719148159,7.801951885,3.897043943,9939117
4/1/2005,8.114766121,8.114766121,7.866354942,7.875555038,3.933807611,5600726
4/4/2005,7.820353031,7.884756088,7.737548828,7.755949974,3.874065638,4512296
4/5/2005,7.792750835,7.820353031,7.755949974,7.77435112,3.883256435,3774938
4/6/2005,7.783551216,7.875555038,7.737548828,7.737548828,3.864873886,4287198
4/7/2005,7.709948063,7.875555038,7.636343956,7.792750835,3.89244771,5967666
4/8/2005,7.949159145,8.041163445,7.893956184,7.939958096,3.965977192,6044293
4/11/2005,7.949159145,7.967558861,7.847953796,7.912356853,3.952190638,3072144
4/12/2005,7.912356853,7.930757999,7.77435112,7.92155695,3.956784725,2567167
4/13/2005,7.912356853,7.930757999,7.801951885,7.838754177,3.915425539,4794784
4/14/2005,7.728349209,7.728349209,7.544340134,7.654745102,3.823514938,6769369
4/15/2005,7.608743191,7.636343956,7.525938988,7.535140038,3.763771296,4807609
4/18/2005,7.443136215,7.535140038,7.406333923,7.461536884,3.727007627,8817863
4/19/2005,7.507538795,7.544340134,7.47073698,7.525938988,3.759176731,3810915
4/20/2005,7.553541183,7.581141949,7.387932777,7.424735069,3.708625793,7220870
4/21/2005,7.47073698,7.608743191,7.461536884,7.581141949,3.786750078,8861231
4/22/2005,7.553541183,7.553541183,7.433935165,7.452335835,3.722411633,6861756
4/25/2005,7.489138126,7.581141949,7.461536884,7.507538795,3.749985933,4181333
4/26/2005,7.645545006,7.92155695,7.62714386,7.884756088,3.938403845,15873197
4/27/2005,7.866354942,7.976759911,7.811151981,7.875555038,3.933807611,7473033
4/28/2005,7.893956184,7.958358765,7.76515007,7.829553127,3.910830259,4673050
4/29/2005,7.847953796,7.949159145,7.737548828,7.92155695,3.956784725,6172874
5/2/2005,8.004361153,8.068763733,7.930757999,8.013561249,4.002741337,3920041
5/3/2005,8.050362587,8.068763733,7.92155695,7.958358765,3.975168943,4239809
5/4/2005,8.041163445,8.206769943,8.022762299,8.179168701,4.085461617,8059310
5/5/2005,8.271172523,8.42757988,8.252772331,8.353977203,4.172779083,7946707
5/6/2005,8.353977203,8.455181122,8.28037262,8.298773766,4.14520359,5254328
5/9/2005,8.317174911,8.335576057,8.252772331,8.326375961,4.15899086,4367846
5/10/2005,8.188368797,8.188368797,8.087164879,8.105566025,4.048697472,9069482
5/11/2005,8.105566025,8.142367363,8.013561249,8.050362587,4.021124363,6120267
5/12/2005,8.169967651,8.179168701,7.995161057,8.022762299,4.007337093,6970881
5/13/2005,8.123966217,8.326375961,8.105566025,8.298773766,4.14520359,9936291
5/16/2005,8.234371185,8.261973381,8.151568413,8.234371185,4.113035679,3798850
5/17/2005,8.142367363,8.234371185,8.077963829,8.225171089,4.108439922,5842889
5/18/2005,8.307974815,8.363177299,8.261973381,8.307974815,4.149801254,7370320
5/19/2005,8.390777588,8.547184944,8.390777588,8.537984848,4.264689922,6912514
5/20/2005,8.556385994,8.57478714,8.42757988,8.556385994,4.273880482,6429927
5/23/2005,8.399978638,8.482783318,8.363177299,8.436779976,4.214136124,6368517
5/24/2005,8.482783318,8.556385994,8.418379784,8.537984848,4.264689922,3354305
5/25/2005,8.464382172,8.464382172,8.326375961,8.409178734,4.200350761,2564776
5/26/2005,8.473582268,8.501182556,8.418379784,8.455181122,4.223329067,6865451
5/27/2005,8.482783318,8.491983414,8.436779976,8.473582268,4.232520103,4582293
5/31/2005,8.390777588,8.491983414,8.390777588,8.473582268,4.232520103,6448731
6/1/2005,8.390777588,8.593188286,8.390777588,8.556385994,4.273880482,6642092
6/2/2005,8.593188286,8.740393639,8.56558609,8.731193542,4.361196518,8161045
6/3/2005,8.740393639,8.887600899,8.326375961,8.767994881,4.37957859,7876601
6/6/2005,8.795597076,8.906002045,8.749594688,8.896800995,4.443915844,6758717
6/7/2005,8.823198318,8.896800995,8.77719593,8.813998222,4.402556419,5403995
6/8/2005,8.878399849,8.952004433,8.804797173,8.841599464,4.416343689,4594141
6/9/2005,8.859999657,8.979604721,8.749594688,8.970404625,4.480680943,9513919
6/10/2005,8.933603287,8.961203575,8.878399849,8.924402237,4.457702637,4920104
6/13/2005,8.733034134,8.935902596,8.607447624,8.694392204,4.498138428,5232269
6/14/2005,8.742693901,8.742693901,8.646089554,8.684732437,4.493140697,5858638
6/15/2005,8.752354622,8.771676064,8.578467369,8.655750275,4.47814703,6761082
6/16/2005,8.723373413,8.848958969,8.704052925,8.810317039,4.558114052,7603694
6/17/2005,8.90692234,9.022847176,8.868280411,8.868280411,4.588101864,6083887
6/20/2005,8.90692234,8.955224037,8.887600899,8.926242828,4.618087769,6243818
6/21/2005,8.887600899,9.061489105,8.829637527,8.897260666,4.603096485,4040294
6/22/2005,9.21605587,9.21605587,9.032506943,9.090470314,4.703053474,6579206
6/23/2005,9.187073708,9.245037079,9.100130081,9.109790802,4.713047981,8674143
6/24/2005,9.109790802,9.129112244,8.984205246,9.051828384,4.683061123,10768148
6/27/2005,8.984205246,9.032506943,8.90692234,8.935902596,4.623086929,10720945
6/28/2005,8.964883804,8.984205246,8.90692234,8.935902596,4.623086929,9391916
6/29/2005,8.868280411,8.877940178,8.723373413,8.81997776,4.563113689,5696016
6/30/2005,8.810317039,8.887600899,8.742693901,8.810317039,4.558114052,7681227
7/1/2005,8.839299202,8.964883804,8.800657272,8.868280411,4.588101864,4474022
7/5/2005,8.597787857,8.675070763,8.539825439,8.665410995,4.483147144,12847454
7/6/2005,8.646089554,8.665410995,8.607447624,8.665410995,4.483147144,6531693
7/7/2005,8.472202301,8.539825439,8.385257721,8.491522789,4.393182278,7414779
7/8/2005,8.530164719,8.607447624,8.481863022,8.597787857,4.448159695,7606696
7/11/2005,8.868280411,8.887600899,8.829637527,8.868280411,4.588101864,7865380
7/12/2005,8.868280411,9.080809593,8.868280411,9.080809593,4.698056698,7041711
7/13/2005,9.071148872,9.071148872,8.839299202,8.964883804,4.638080597,6588833
7/14/2005,9.042167664,9.090470314,9.013186455,9.061489105,4.688060284,5762577
7/15/2005,9.071148872,9.071148872,8.897260666,9.042167664,4.6780653,5874476
7/18/2005,8.984205246,9.071148872,8.887600899,8.90692234,4.608093262,3489180
7/19/2005,8.935902596,9.013186455,8.887600899,8.984205246,4.648076057,6792758
7/20/2005,8.984205246,9.109790802,8.868280411,9.061489105,4.688060284,11185313
7/21/2005,9.032506943,9.138772011,8.984205246,9.003525734,4.658071995,6549498
7/22/2005,9.013186455,9.042167664,8.887600899,8.897260666,4.603096485,7901507
7/25/2005,8.916582108,8.926242828,8.684732437,8.704052925,4.503137112,6845240
7/26/2005,8.588127136,8.588127136,8.269332886,8.394919395,4.343202114,21855122
7/27/2005,8.307974815,8.336956024,8.172728539,8.298314095,4.293222427,16221836
7/28/2005,8.336956024,8.41423893,8.327296257,8.375597954,4.333206654,11429298
7/29/2005,8.307974815,8.356277466,8.269332886,8.298314095,4.293222427,8418254
8/1/2005,8.298314095,8.346615791,8.278992653,8.327296257,4.308217049,6068567
8/2/2005,8.472202301,8.636429787,8.472202301,8.588127136,4.443161964,12339816
8/3/2005,8.588127136,8.646089554,8.54948616,8.626769066,4.463152885,5430604
8/4/2005,8.501182556,8.510844231,8.336956024,8.356277466,4.323212147,8482640
8/5/2005,8.288654327,8.385257721,8.259673119,8.269332886,4.278228283,29986743
8/8/2005,8.298314095,8.298314095,8.201709747,8.221031189,4.253240108,7549452
8/9/2005,8.327296257,8.356277466,8.240351677,8.288654327,4.288225651,8217124
8/10/2005,8.307974815,8.433560371,8.298314095,8.356277466,4.323212147,10801376
8/11/2005,8.365937233,8.423899651,8.298314095,8.346615791,4.318212986,7786605
8/12/2005,8.298314095,8.356277466,8.240351677,8.307974815,4.298222542,6325802
8/15/2005,8.288654327,8.288654327,8.211370468,8.230690956,4.258237839,5895800
8/16/2005,8.230690956,8.240351677,8.066464424,8.085784912,4.183269501,10677883
8/17/2005,8.085784912,8.211370468,8.076124191,8.172728539,4.22825098,7161168
8/18/2005,8.105106354,8.114766121,7.940877914,7.960198879,4.1182971,9864358
8/19/2005,8.018161774,8.095444679,8.008501053,8.085784912,4.183269501,10527683
8/22/2005,8.105106354,8.182389259,8.066464424,8.14374733,4.213256359,12679242
8/23/2005,8.124425888,8.14374733,8.05680275,8.085784912,4.183269501,7247810
8/24/2005,7.979519844,8.008501053,7.92155695,7.931218147,4.103301048,8784283
8/25/2005,7.950539112,7.960198879,7.911897182,7.950539112,4.113298893,7277622
8/26/2005,8.018161774,8.037482262,7.940877914,8.018161774,4.148283958,8376227
8/29/2005,7.805632114,7.989180088,7.776650906,7.960198879,4.1182971,7646964
8/30/2005,7.92155695,7.960198879,7.853933811,7.892576218,4.083311081,5760092
8/31/2005,7.969859123,8.018161774,7.844274044,7.950539112,4.113298893,13722155
9/1/2005,8.047142982,8.14374733,7.931218147,7.950539112,4.113298893,13132223
9/2/2005,7.989180088,8.008501053,7.960198879,7.979519844,4.128291607,4548449
9/6/2005,7.979519844,7.998840809,7.931218147,7.979519844,4.128291607,12251621
9/7/2005,7.979519844,7.979519844,7.805632114,7.815291882,4.043326378,14678013
9/8/2005,7.911897182,7.989180088,7.844274044,7.950539112,4.113298893,17119207
9/9/2005,7.92155695,8.114766121,7.902235985,8.076124191,4.178270817,16613640
9/12/2005,8.095444679,8.182389259,8.066464424,8.114766121,4.198263645,9554227
9/13/2005,8.14374733,8.278992653,8.124425888,8.201709747,4.243244171,12603262
9/14/2005,8.211370468,8.250012398,8.134086609,8.172728539,4.22825098,11489544
9/15/2005,8.172728539,8.211370468,8.095444679,8.182389259,4.233248711,11414703
9/16/2005,8.14374733,8.14374733,7.969859123,7.969859123,4.123294353,13658804
9/19/2005,7.969859123,8.037482262,7.960198879,8.027821541,4.153281689,9570272
9/20/2005,8.085784912,8.124425888,7.931218147,7.979519844,4.128291607,6112664
9/21/2005,8.027821541,8.027821541,7.776650906,7.863595009,4.06831646,9610126
9/22/2005,7.757329941,7.757329941,7.554461002,7.670385838,3.968357086,17636679
9/23/2005,7.660725117,7.728349209,7.602763176,7.709027767,3.98835063,6492564
9/26/2005,7.728349209,7.766990185,7.622084141,7.728349209,3.998347044,6994716
9/27/2005,7.660725117,7.680046082,7.554461002,7.612422943,3.938369751,9107664
9/28/2005,7.56412077,7.689706802,7.486837864,7.535140038,3.898387432,10973418
9/29/2005,7.631743908,7.805632114,7.593101978,7.776650906,4.023334503,14155159
9/30/2005,7.892576218,7.969859123,7.844274044,7.940877914,4.108301163,14248322
10/3/2005,7.940877914,8.027821541,7.902235985,8.008501053,4.143286228,11111404
10/4/2005,8.211370468,8.278992653,8.076124191,8.114766121,4.198263645,13794305
10/5/2005,8.14374733,8.163067818,8.027821541,8.047142982,4.163277626,12303689
10/6/2005,8.066464424,8.182389259,7.979519844,8.008501053,4.143286228,14277513
10/7/2005,8.095444679,8.172728539,8.05680275,8.134086609,4.208259106,16609396
10/10/2005,8.095444679,8.134086609,7.969859123,7.979519844,4.128291607,13977320
10/11/2005,8.018161774,8.018161774,7.815291882,7.853933811,4.063316822,10931598
10/12/2005,7.728349209,7.805632114,7.699367046,7.766990185,4.018338203,9609919
10/13/2005,7.78631115,7.815291882,7.631743908,7.766990185,4.018338203,10765560
10/14/2005,7.757329941,7.78631115,7.631743908,7.660725117,3.963359118,10607389
10/17/2005,7.631743908,7.680046082,7.56412077,7.670385838,3.968357086,6833543
10/18/2005,7.728349209,7.728349209,7.602763176,7.641405106,3.953364849,5274296
10/19/2005,7.486837864,7.56412077,7.245326996,7.554461002,3.908382416,16667261
10/20/2005,7.506158829,7.535140038,7.312950134,7.380572796,3.818420887,9036445
10/21/2005,7.486837864,7.56412077,7.39023304,7.535140038,3.898387432,7167482
10/24/2005,7.631743908,7.709027767,7.554461002,7.689706802,3.978353024,7251122
10/25/2005,7.631743908,7.873254776,7.554461002,7.602763176,3.933372736,6195683
10/26/2005,7.56412077,7.593101978,7.457856178,7.477177143,3.868400097,7862585
10/27/2005,7.573781967,7.573781967,7.351592064,7.477177143,3.868400097,13144231
10/28/2005,7.622084141,7.776650906,7.515819073,7.718688011,3.993347645,12298410
10/31/2005,7.766990185,7.815291882,7.74766922,7.805632114,4.038328171,8290309
11/1/2005,7.776650906,7.815291882,7.680046082,7.776650906,4.023334503,8836040
11/2/2005,7.79597187,8.163067818,7.79597187,8.114766121,4.198263645,13071771
11/3/2005,8.066464424,8.317634583,8.05680275,8.240351677,4.263236046,17353876
11/4/2005,8.250012398,8.317634583,8.192049026,8.278992653,4.28322649,7647792
11/7/2005,8.298314095,8.346615791,8.124425888,8.307974815,4.298222542,8808712
11/8/2005,8.288654327,8.375597954,8.240351677,8.336956024,4.313214302,7398321
11/9/2005,8.41423893,8.597787857,8.356277466,8.578467369,4.438163757,18770478
11/10/2005,8.54948616,8.578467369,8.452880859,8.568805695,4.433165073,11579809
11/11/2005,8.675070763,8.675070763,8.510844231,8.539825439,4.418171883,9271321
11/14/2005,8.559145927,8.559145927,8.481863022,8.491522789,4.393182278,6123533
11/15/2005,8.568805695,8.636429787,8.472202301,8.568805695,4.433165073,9634348
11/16/2005,8.520503998,8.54948616,8.433560371,8.481863022,4.388185024,9203312
11/17/2005,8.452880859,8.704052925,8.452880859,8.704052925,4.503137112,9154349
11/18/2005,8.704052925,8.829637527,8.675070763,8.810317039,4.558114052,6445051
11/21/2005,8.85861969,8.887600899,8.81997776,8.85861969,4.583102226,4618218
11/22/2005,8.85861969,9.158093452,8.771676064,9.138772011,4.72804451,16022362
11/23/2005,9.080809593,9.293338776,9.071148872,9.158093452,4.73803854,14969511
11/25/2005,9.158093452,9.225715637,9.061489105,9.071148872,4.693058491,4235006
11/28/2005,9.080809593,9.158093452,8.935902596,8.974544525,4.643079281,8389477
11/29/2005,8.984205246,9.187073708,8.974544525,8.984205246,4.648076057,10420959
11/30/2005,9.071148872,9.30300045,9.071148872,9.254696846,4.788018703,12606057
12/1/2005,9.351302147,9.631454468,9.293338776,9.44790554,4.8879776,10153372
12/2/2005,9.44790554,9.476886749,9.322319984,9.370622635,4.847993374,5891867
12/5/2005,9.467226982,9.583151817,9.409263611,9.515528679,4.922964096,10777361
12/6/2005,9.583151817,9.708738327,9.583151817,9.602473259,4.967945099,11216885
12/7/2005,9.650774956,9.670096397,9.534850121,9.563831329,4.947952747,7894779
12/8/2005,9.61213398,9.660435677,9.409263611,9.476886749,4.902971268,11881245
12/9/2005,9.44790554,9.467226982,9.351302147,9.457567215,4.892974854,9273184
12/12/2005,9.486548424,9.583151817,9.418925285,9.496208191,4.912965775,5353692
12/13/2005,9.418925285,9.583151817,9.351302147,9.496208191,4.912965775,8205220
12/14/2005,9.080809593,9.090470314,8.877940178,8.955224037,4.633083344,13520922
12/15/2005,9.322319984,9.438245773,9.312660217,9.389943123,4.857989788,6530140
12/16/2005,9.486548424,9.496208191,9.341641426,9.370622635,4.847993374,6723506
12/19/2005,9.409263611,9.486548424,9.264357567,9.264357567,4.793017387,9029613
12/20/2005,9.360961914,9.380283356,9.245037079,9.360961914,4.84299612,9298545
12/21/2005,9.505868912,9.650774956,9.457567215,9.554170609,4.942954063,8559241
12/22/2005,9.399603844,9.592812538,9.399603844,9.515528679,4.922964096,2533737
12/23/2005,9.621793747,9.815003395,9.621793747,9.747380257,5.04291296,5767545
12/27/2005,9.757040024,9.815003395,9.534850121,9.544509888,4.937955856,3473756
12/28/2005,9.544509888,9.592812538,9.409263611,9.544509888,4.937955856,4085116
12/29/2005,9.583151817,9.621793747,9.534850121,9.554170609,4.942954063,3140645
12/30/2005,9.554170609,9.699076653,9.418925285,9.57349205,4.952951431,3254719
1/3/2006,9.950248718,9.950248718,9.728058815,9.757040024,5.047911644,8110090
1/4/2006,9.805341721,9.872964859,9.776361465,9.834323883,5.08789444,4159957
1/5/2006,10.01787186,10.085495,9.940587997,9.998551369,5.172858715,5631423
1/6/2006,10.43327141,10.49123287,10.23040104,10.43327141,5.397765636,13516368
1/9/2006,10.60715771,10.66512108,10.51055431,10.55885601,5.462739944,11633533
1/10/2006,10.36564732,10.40428925,10.19176006,10.24972153,5.302805901,11263260
1/11/2006,10.21108055,10.47191238,10.1627779,10.41394997,5.387770176,12073990
1/12/2006,10.24006176,10.27870369,10.00821114,10.085495,5.217839718,9373904
1/13/2006,10.04685307,10.06617355,9.872964859,10.0371933,5.192851543,7864552
1/17/2006,9.921266556,9.959909439,9.747380257,9.766699791,5.052908421,10413816
1/18/2006,9.496208191,9.670096397,9.467226982,9.61213398,4.972941399,12198725
1/19/2006,9.757040024,9.93092823,9.757040024,9.863305092,5.102888107,11090804
1/20/2006,9.853644371,9.88262558,9.525190353,9.534850121,4.932958603,9733722
1/23/2006,9.583151817,9.631454468,9.44790554,9.486548424,4.907968998,9528866
1/24/2006,9.602473259,9.708738327,9.592812538,9.699076653,5.017922401,11078900
1/25/2006,9.795681953,9.824663162,9.486548424,9.486548424,4.907968998,13457985
1/26/2006,9.757040024,10.14345741,9.708738327,10.12413692,5.2378335,23527200
1/27/2006,10.33666611,10.60715771,10.27870369,10.45259094,5.407763004,14564043
1/30/2006,10.45259094,10.50089359,10.29802418,10.47191238,5.417758465,7760830
1/31/2006,10.56851673,10.56851673,10.18209934,10.43327141,5.397765636,11103019
2/1/2006,10.3849678,10.43327141,10.21108055,10.32700634,5.342790604,8685426
2/2/2006,10.27870369,10.32700634,9.950248718,10.04685307,5.197849751,13446081
2/3/2006,9.737718582,10.01787186,9.737718582,9.93092823,5.137874603,8476533
2/6/2006,10.04685307,10.18209934,9.979229927,10.17243862,5.262822151,7841158
2/7/2006,10.17243862,10.17243862,10.01787186,10.05651379,5.202846527,9449263
2/8/2006,9.998551369,10.13379669,9.911606789,10.09515476,5.222838402,7137670
2/9/2006,10.09515476,10.19176006,9.979229927,10.01787186,5.182854652,11174651
2/10/2006,10.01787186,10.01787186,9.718398094,9.901947021,5.122879982,14689503
2/13/2006,9.853644371,9.853644371,9.583151817,9.592812538,4.962947369,8673522
2/14/2006,9.689416885,9.776361465,9.57349205,9.718398094,5.027919292,15694737
2/15/2006,10.24006176,10.24006176,9.592812538,9.670096397,5.002930641,8653647
2/16/2006,9.757040024,9.853644371,9.708738327,9.815003395,5.077898502,6930433
2/17/2006,9.93092823,10.12413692,9.592812538,9.641115189,4.987936974,5024204
2/21/2006,9.786021233,9.815003395,9.631454468,9.747380257,5.04291296,11939213
2/22/2006,9.708738327,9.708738327,9.428585052,9.563831329,4.947952747,14884732
2/23/2006,9.467226982,9.61213398,9.438245773,9.554170609,4.942954063,11315328
2/24/2006,9.554170609,9.592812538,9.486548424,9.554170609,4.942954063,7028047
2/27/2006,9.621793747,9.728058815,9.563831329,9.679757118,5.007929802,6198996
2/28/2006,9.689416885,9.699076653,9.370622635,9.399603844,4.862988949,10232665
3/1/2006,9.457567215,9.728058815,9.457567215,9.708738327,5.022921562,9441189
3/2/2006,9.708738327,9.747380257,9.583151817,9.61213398,4.972941399,11993765
3/3/2006,9.602473259,9.650774956,9.467226982,9.467226982,4.897971153,9379184
3/6/2006,9.44790554,9.563831329,9.283679008,9.360961914,4.84299612,7871384
3/7/2006,9.30300045,9.360961914,8.984205246,9.129112244,4.723045826,12821471
3/8/2006,9.080809593,9.158093452,8.993865967,9.071148872,4.693058491,10961410
3/9/2006,9.16775322,9.380283356,9.051828384,9.080809593,4.698056698,11219059
3/10/2006,9.274018288,9.351302147,9.21605587,9.312660217,4.818005562,9888374
3/13/2006,9.370622635,9.525190353,9.254696846,9.283679008,4.803010464,8505828
3/14/2006,9.21605587,9.457567215,9.187073708,9.44790554,4.8879776,6493082
3/15/2006,9.534850121,9.621793747,9.438245773,9.61213398,4.972941399,8493820
3/16/2006,9.534850121,9.534850121,9.264357567,9.274018288,4.798014164,10034330
3/17/2006,9.254696846,9.496208191,9.196735382,9.254696846,4.788018703,9064602
3/20/2006,9.351302147,9.351302147,9.129112244,9.158093452,4.73803854,9261591
3/21/2006,9.187073708,9.322319984,9.158093452,9.16775322,4.743037224,6121463
3/22/2006,9.071148872,9.245037079,9.071148872,9.17741394,4.748034,7390557
3/23/2006,9.17741394,9.235377312,9.129112244,9.17741394,4.748034,5181443
3/24/2006,9.196735382,9.341641426,9.187073708,9.30300045,4.813009262,4345249
3/27/2006,9.370622635,9.418925285,9.274018288,9.30300045,4.813009262,5650263
3/28/2006,9.322319984,9.399603844,9.16775322,9.235377312,4.778022766,8174787
3/29/2006,9.322319984,9.592812538,9.322319984,9.534850121,4.932958603,8620005
3/30/2006,9.61213398,9.757040024,9.57349205,9.708738327,5.022921562,8562864
3/31/2006,9.776361465,9.921266556,9.699076653,9.718398094,5.027919292,6663364
4/3/2006,9.834323883,10.0371933,9.824663162,9.96957016,5.157866478,8495787
4/4/2006,9.911606789,10.00821114,9.872964859,10.00821114,5.177858353,6918943
4/5/2006,10.00821114,10.14345741,9.96957016,10.12413692,5.2378335,5892384
4/6/2006,10.18209934,10.22074127,10.085495,10.19176006,5.272817612,7662698
4/7/2006,10.24006176,10.33666611,10.02753162,10.07583427,5.212842464,8137211
4/10/2006,10.14345741,10.19176006,10.0371933,10.1144762,5.232835293,8222403
4/11/2006,10.07583427,10.14345741,9.834323883,9.863305092,5.102888107,8791011
4/12/2006,9.998551369,10.14345741,9.96957016,10.0371933,5.192851543,6073536
4/13/2006,10.09515476,10.32700634,10.085495,10.19176006,5.272817612,5548197
4/17/2006,10.3076849,10.47191238,10.23040104,10.33666611,5.347784996,8641743
4/18/2006,10.3849678,10.54919624,10.32700634,10.53953457,5.452743053,6574341
4/19/2006,10.53953457,10.62647915,10.46225166,10.4815731,5.422755241,7236837
4/20/2006,10.56851673,10.62647915,10.51055431,10.51055431,5.43775034,8326747
4/21/2006,10.59749794,10.62647915,10.37530804,10.43327141,5.397765636,9598118
4/24/2006,10.3849678,10.39462852,10.17243862,10.31734467,5.337790966,11281582
4/25/2006,10.29802418,10.34632683,10.07583427,10.10481644,5.227835655,12735450
4/26/2006,10.46225166,10.51055431,10.21108055,10.24972153,5.302805901,16496771
4/27/2006,10.14345741,10.39462852,10.05651379,10.31734467,5.337790966,17839154
4/28/2006,10.28836441,10.36564732,10.085495,10.12413692,5.2378335,10329141
5/1/2006,10.19176006,10.23040104,10.10481644,10.12413692,5.2378335,7403807
5/2/2006,10.10481644,10.23040104,10.10481644,10.1627779,5.257824898,5403276
5/3/2006,10.20141983,10.3849678,10.1627779,10.36564732,5.362781525,7876042
5/4/2006,10.41394997,10.65546131,10.39462852,10.57817745,5.472734928,10442386
5/5/2006,10.63613987,10.90663242,10.58783817,10.87765121,5.627672672,13744929
5/8/2006,10.90663242,10.98391533,10.77138615,10.78104591,5.577692032,9517376
5/9/2006,10.55885601,10.62647915,10.32700634,10.3559866,5.357782364,14001646
5/10/2006,10.32700634,10.32700634,10.10481644,10.1144762,5.232835293,9411894
5/11/2006,10.21108055,10.29802418,9.940587997,10.01787186,5.182854652,12718888
5/12/2006,9.911606789,10.02753162,9.708738327,9.815003395,5.077898502,14489305
5/15/2006,9.708738327,9.776361465,9.592812538,9.699076653,5.017922401,14268922
5/16/2006,9.699076653,9.795681953,9.61213398,9.641115189,4.987936974,10866591
5/17/2006,9.747380257,9.805341721,9.467226982,9.544509888,4.937955856,10393424
5/18/2006,9.61213398,9.776361465,9.457567215,9.457567215,4.892974854,8555825
5/19/2006,9.486548424,9.641115189,9.409263611,9.515528679,4.922964096,9277739
5/22/2006,9.525190353,9.525190353,8.935902596,9.138772011,4.72804451,13004486
5/23/2006,9.274018288,9.467226982,9.196735382,9.196735382,4.758032322,9333326
5/24/2006,9.225715637,9.274018288,8.984205246,9.138772011,4.72804451,11626598
5/25/2006,9.129112244,9.264357567,9.042167664,9.158093452,4.73803854,8362459
5/26/2006,9.129112244,9.158093452,8.984205246,9.042167664,4.6780653,7796957
5/30/2006,9.042167664,9.119450569,8.964883804,8.974544525,4.643079281,8867302
5/31/2006,9.071148872,9.158093452,8.984205246,9.148432732,4.73304081,8621143
6/1/2006,9.17741394,9.389943123,9.16775322,9.351302147,4.837997913,6816670
6/2/2006,9.467226982,9.525190353,9.380283356,9.457567215,4.892974854,7646446
6/5/2006,9.274018288,9.274018288,8.935902596,8.964883804,4.638080597,8219402
6/6/2006,9.061489105,9.080809593,8.848958969,8.993865967,4.653075218,9671613
6/7/2006,8.974544525,9.061489105,8.81997776,8.829637527,4.568109989,7395319
6/8/2006,8.607447624,8.733034134,8.356277466,8.704052925,4.503137112,17503351
6/9/2006,8.877940178,8.935902596,8.481863022,8.481863022,4.388185024,13432417
6/12/2006,8.501182556,8.588127136,8.317634583,8.327296257,4.308217049,10423857
6/13/2006,8.307974815,8.356277466,8.163067818,8.182389259,4.233248711,8022620
6/14/2006,8.626769066,8.655750275,8.46254158,8.597787857,4.448159695,9503298
6/15/2006,8.597787857,8.85861969,8.530164719,8.810317039,4.558114052,16352161
6/16/2006,8.877940178,8.887600899,8.626769066,8.781335831,4.543120384,6680858
6/19/2006,8.800657272,8.877940178,8.704052925,8.713712692,4.508134365,6464305
6/20/2006,8.427861214,8.467661858,8.268656731,8.427861214,4.556941032,6917314
6/21/2006,8.427861214,8.75621891,8.348258972,8.616914749,4.659162998,8159695
6/22/2006,8.716418266,8.746269226,8.537313461,8.626866341,4.664544582,5960956
6/23/2006,8.597015381,8.706467628,8.368159294,8.666666985,4.68606472,6636819
6/26/2006,8.636816025,8.736317635,8.577114105,8.676616669,4.691443443,4930932
6/27/2006,8.676616669,8.706467628,8.527362823,8.547264099,4.62150383,6432603
6/28/2006,8.656716347,8.656716347,8.378108978,8.507463455,4.599983215,6221050
6/29/2006,8.626866341,9.064677238,8.616914749,9.004975319,4.86898756,14031006
6/30/2006,9.054725647,9.223880768,8.915423393,9.134327888,4.938928127,10107486
7/3/2006,9.174128532,9.253730774,9.134327888,9.21393013,4.981967926,3021231
7/5/2006,9.034826279,9.064677238,8.915423393,8.915423393,4.820565224,8626116
7/6/2006,8.915423393,9.074626923,8.915423393,8.935322762,4.831326962,8720787
7/7/2006,8.865672112,8.955224037,8.706467628,8.716418266,4.712964058,8200498
7/10/2006,8.905472755,8.965173721,8.805970192,8.835821152,4.777525902,6662547
7/11/2006,8.825871468,8.915423393,8.706467628,8.915423393,4.820565224,5653929
7/12/2006,8.915423393,8.915423393,8.776119232,8.825871468,4.772145271,7836487
7/13/2006,8.696516991,8.746269226,8.45771122,8.527362823,4.610742569,7814679
7/14/2006,8.45771122,8.497511864,8.328357697,8.45771122,4.573081493,8178087
7/17/2006,8.258706093,8.328357697,8.109453201,8.199005127,4.433199406,7534183
7/18/2006,8.208954811,8.298506737,8.069651604,8.278607368,4.476240635,8209141
7/19/2006,8.258706093,8.567164421,8.199005127,8.527362823,4.610742569,13070226
7/20/2006,8.606965065,8.636816025,8.388059616,8.417909622,4.551561356,9726088
7/21/2006,8.208954811,8.218905449,7.930347919,7.960198879,4.304077148,21058167
7/24/2006,8.019900322,8.378108978,8.009949684,8.358208656,4.519280434,12091657
7/25/2006,8.358208656,8.407959938,8.199005127,8.358208656,4.519280434,6043869
7/26/2006,8.358208656,8.447760582,8.218905449,8.407959938,4.546180725,7207558
7/27/2006,8.606965065,8.72636795,8.328357697,8.328357697,4.50314045,11620915
7/28/2006,8.328357697,8.666666985,8.308458328,8.636816025,4.669924259,13363786
7/31/2006,8.636816025,8.686567307,8.477611542,8.626866341,4.664544582,7251979
8/1/2006,8.606965065,8.656716347,8.537313461,8.567164421,4.63226366,10012111
8/2/2006,8.636816025,8.686567307,8.587064743,8.597015381,4.648403168,6365670
8/3/2006,8.597015381,8.696516991,8.557213783,8.606965065,4.653781414,7004347
8/4/2006,8.656716347,8.696516991,8.477611542,8.507463455,4.599983215,5528806
8/7/2006,8.527362823,8.527362823,8.378108978,8.378108978,4.530039787,6863245
8/8/2006,8.527362823,8.547264099,8.388059616,8.467661858,4.578463078,11064648
8/9/2006,8.577114105,8.646765709,8.407959938,8.407959938,4.546180725,10744656
8/10/2006,8.587064743,8.835821152,8.567164421,8.75621891,4.734483719,16353661
8/11/2006,8.855721474,8.865672112,8.597015381,8.606965065,4.653781414,7338208
8/14/2006,8.78606987,8.935322762,8.766168594,8.825871468,4.772145271,10440844
8/15/2006,8.905472755,9.233831406,8.835821152,9.21393013,4.981967926,12447226
8/16/2006,9.21393013,9.442786217,9.203980446,9.422885895,5.094950676,17967189
8/17/2006,9.422885895,9.641791344,9.412935257,9.54228878,5.15951252,13342179
8/18/2006,9.502488136,9.502488136,9.323383331,9.432835579,5.100330353,7259718
8/21/2006,9.432835579,9.442786217,9.203980446,9.233831406,4.992729664,7301626
8/22/2006,9.27363205,9.353234291,9.203980446,9.313432693,5.035771847,5998041
8/23/2006,9.303483009,9.303483009,9.014925003,9.044775963,4.890507698,7068567
8/24/2006,9.054725647,9.054725647,8.935322762,8.965173721,4.847465038,6915304
8/25/2006,8.985074997,9.034826279,8.885572433,8.895522118,4.80980587,4488732
8/28/2006,8.875621796,8.995024681,8.766168594,8.945274353,4.836707115,5222884
8/29/2006,8.955224037,8.995024681,8.895522118,8.965173721,4.847465038,5181177
8/30/2006,9.064677238,9.194029808,9.014925003,9.174128532,4.960449696,7921812
8/31/2006,9.24378109,9.303483009,9.134327888,9.263682365,5.008870602,8785408
9/1/2006,9.333333015,9.402984619,9.223880768,9.293532372,5.025010109,5640160
9/5/2006,9.293532372,9.373133659,9.203980446,9.333333015,5.04652977,4702093
9/6/2006,9.27363205,9.283581734,8.975124359,9.034826279,4.885126591,10289893
9/7/2006,9.034826279,9.104477882,8.895522118,9.004975319,4.86898756,8675864
9/8/2006,9.094527245,9.094527245,8.845770836,8.915423393,4.820565224,8549937
9/11/2006,9.353234291,9.353234291,8.815919876,8.965173721,4.847465038,6423960
9/12/2006,8.985074997,9.27363205,8.975124359,9.263682365,5.008870602,13760158
9/13/2006,9.343283653,9.51243782,9.27363205,9.432835579,5.100330353,13299567
9/14/2006,9.383085251,9.54228878,9.323383331,9.452735901,5.111091137,10715913
9/15/2006,9.532338142,9.631840706,9.452735901,9.462686539,5.116472721,8992036
9/18/2006,9.552239418,9.90049839,9.532338142,9.87064743,5.337056637,17932617
9/19/2006,9.800994873,9.800994873,9.412935257,9.621891022,5.202554226,14983545
9/20/2006,9.651741028,9.840796471,9.621891022,9.810944557,5.304773331,10237734
9/21/2006,9.850746155,9.850746155,9.562189102,9.592040062,5.186412334,9025503
9/22/2006,9.472637177,9.601989746,9.432835579,9.452735901,5.111091137,9467602
9/25/2006,9.562189102,9.810944557,9.452735901,9.741293907,5.267114639,13291828
9/26/2006,9.741293907,9.741293907,9.552239418,9.671642303,5.229454041,9343284
9/27/2006,9.572138786,9.681591988,9.51243782,9.522388458,5.148752213,8758676
9/28/2006,9.532338142,9.611940384,9.472637177,9.611940384,5.197173595,10567072
9/29/2006,9.681591988,9.681591988,9.502488136,9.552239418,5.16489315,10841940
10/2/2006,9.552239418,9.741293907,9.502488136,9.621891022,5.202554226,10834402
10/3/2006,9.552239418,9.552239418,9.393034935,9.412935257,5.089570045,13788097
10/4/2006,9.353234291,9.54228878,9.303483009,9.522388458,5.148752213,13735335
10/5/2006,9.621891022,9.800994873,9.572138786,9.800994873,5.299393654,10083064
10/6/2006,9.681591988,9.771143913,9.611940384,9.661691666,5.22407341,8134470
10/9/2006,9.661691666,9.731343269,9.621891022,9.671642303,5.229454041,6082561
10/10/2006,9.800994873,9.90049839,9.691541672,9.751243591,5.272493839,14386273
10/11/2006,9.751243591,9.840796471,9.641791344,9.761194229,5.277873993,11604534
10/12/2006,9.800994873,10.04975128,9.791045189,10.03980064,5.428517818,17075453
10/13/2006,10.07960224,10.33830833,10.04975128,10.24875641,5.541499138,10550389
10/16/2006,10.4378109,10.44776058,10.23880577,10.27860737,5.557640076,10148992
10/17/2006,10.17910385,10.17910385,9.880597115,9.97014904,5.390856266,11168967
10/18/2006,9.960199356,10.02985096,9.701493263,9.731343269,5.261733055,13023493
10/19/2006,9.721392632,9.731343269,9.601989746,9.661691666,5.22407341,7679104
10/20/2006,9.751243591,9.761194229,9.611940384,9.691541672,5.240213394,7103842
10/23/2006,9.751243591,9.890546799,9.691541672,9.840796471,5.320915222,8895255
10/24/2006,9.910448074,10,9.830845833,9.87064743,5.337056637,9652522
10/25/2006,9.87064743,9.960199356,9.781094551,9.920397758,5.363955975,11359314
10/26/2006,9.910448074,10.19900513,9.850746155,9.930348396,5.369336605,8323008
10/27/2006,9.930348396,9.940299034,9.651741028,9.651741028,5.21869421,8388232
10/30/2006,9.651741028,9.701493263,9.472637177,9.621891022,5.202554226,12410644
10/31/2006,9.701493263,9.781094551,9.601989746,9.651741028,5.21869421,7805332
11/1/2006,9.711442947,9.731343269,9.393034935,9.412935257,5.089570045,10841136
11/2/2006,9.452735901,9.51243782,9.313432693,9.452735901,5.111091137,13923873
11/3/2006,9.432835579,9.502488136,9.353234291,9.502488136,5.137992382,9557047
11/6/2006,9.402984619,9.582090378,9.402984619,9.502488136,5.137992382,11255799
11/7/2006,9.472637177,9.641791344,9.462686539,9.562189102,5.170273781,15684834
11/8/2006,9.562189102,9.601989746,9.432835579,9.582090378,5.181033611,7665738
11/9/2006,9.641791344,9.651741028,9.402984619,9.432835579,5.100330353,10808272
11/10/2006,9.492536545,9.51243782,9.393034935,9.432835579,5.100330353,8938269
11/13/2006,9.482586861,9.552239418,9.402984619,9.532338142,5.154131889,7590363
11/14/2006,9.532338142,9.820896149,9.51243782,9.810944557,5.304773331,9058366
11/15/2006,9.920397758,9.940299034,9.751243591,9.850746155,5.326295376,10885356
11/16/2006,9.850746155,9.980099678,9.751243591,9.960199356,5.385477543,8776565
11/17/2006,9.910448074,9.950248718,9.830845833,9.930348396,5.369336605,7566846
11/20/2006,9.810944557,9.980099678,9.810944557,9.960199356,5.385477543,12745209
11/21/2006,10.00994968,10.03980064,9.890546799,10.02985096,5.423136711,7821513
11/22/2006,10,10.28855705,9.980099678,10.25870609,5.546878338,11876989
11/24/2006,10.15920353,10.49751186,10.12935257,10.42786121,5.638339996,8016885
11/27/2006,10.44776058,10.56716442,10.18905544,10.21890545,5.525359154,13331827
11/28/2006,10.14925385,10.25870609,10.11940289,10.21890545,5.525359154,9365695
11/29/2006,10.35820866,10.50746346,10.28855705,10.41790962,5.632958412,11818800
11/30/2006,10.50746346,10.74626923,10.45771122,10.69651699,5.783603191,17083794
12/1/2006,10.69651699,10.80597019,10.45771122,10.56716442,5.713661671,13913622
12/4/2006,10.68656731,11.09452724,10.60696507,11.02487564,5.961147308,17645388
12/5/2006,10.90547276,11.22388077,10.90547276,11.1243782,6.014948845,11921209
12/6/2006,11.1243782,11.17412853,10.95522404,10.97512436,5.934245586,13284190
12/7/2006,10.93532276,11.14427853,10.8756218,10.94527435,5.918106079,7563429
12/8/2006,10.80597019,10.92537308,10.66666698,10.86567211,5.87506485,11731164
12/11/2006,10.86567211,11.04477596,10.76616859,10.81591988,5.848163605,12532551
12/12/2006,10.73631763,10.73631763,10.45771122,10.63681602,5.751322746,12412654
12/13/2006,10.67661667,10.72636795,10.49751186,10.51741314,5.686763763,10313913
12/14/2006,10.49751186,10.65671635,10.47761154,10.65671635,5.762083054,8357982
12/15/2006,10.72636795,10.77611923,10.59701538,10.68656731,5.778224468,7953670
12/18/2006,10.75621891,10.94527435,10.61691475,10.77611923,5.826644421,7873471
12/19/2006,10.58706474,10.58706474,10.4378109,10.56716442,5.713661671,11242734
12/20/2006,10.60696507,10.71641827,10.48756218,10.52736282,5.692140579,8017990
12/21/2006,10.49751186,10.72636795,10.49751186,10.70646763,5.788984299,10309189
12/22/2006,10.70646763,10.79601955,10.63681602,10.69651699,5.783603191,4552650
12/26/2006,10.74626923,10.89552212,10.72636795,10.86567211,5.87506485,4484008
12/27/2006,10.8756218,10.96517372,10.8756218,10.95522404,5.923487186,5479662
12/28/2006,10.89552212,10.97512436,10.81591988,10.93532276,5.912724972,6184870
12/29/2006,11.06467724,11.08457661,10.84577084,10.8756218,5.880444527,4470843
1/3/2007,11.05472565,11.1243782,10.84577084,10.91542339,5.901965618,12438784
1/4/2007,10.92537308,10.985075,10.73631763,10.91542339,5.901965618,17678653
1/5/2007,10.84577084,10.84577084,10.52736282,10.63681602,5.751322746,12691240
1/8/2007,10.63681602,10.76616859,10.63681602,10.69651699,5.783603191,5477350
1/9/2007,10.79601955,10.79601955,10.52736282,10.56716442,5.713661671,7396096
1/10/2007,10.4378109,10.64676571,10.36815929,10.62686634,5.745944023,11091582
1/11/2007,10.68656731,10.89552212,10.67661667,10.85572147,5.86968565,17608203
1/12/2007,11.14427853,11.37313366,11.07462692,11.19402981,6.052607059,33519865
1/16/2007,11.29353237,11.34328365,11.19402981,11.25373077,6.084889412,14243463
1/17/2007,11.29353237,11.43283558,11.16417885,11.43283558,6.181729794,19711668
1/18/2007,11.42288589,11.44278622,11.15422916,11.19402981,6.052607059,20908723
1/19/2007,11.19402981,11.29353237,11.1243782,11.23383141,6.074130058,12316677
1/22/2007,11.19402981,11.19402981,10.985075,11.00497532,5.950387478,11010579
1/23/2007,11.014925,11.27363205,10.90547276,11.19402981,6.052607059,17382380
1/24/2007,11.34328365,11.42288589,11.18408012,11.42288589,6.176350117,12059698
1/25/2007,11.1243782,11.18408012,10.69651699,10.70646763,5.788984299,47390574
1/26/2007,10.73631763,10.89552212,10.66666698,10.8756218,5.880444527,13772620
1/29/2007,10.8756218,10.89552212,10.70646763,10.71641827,5.794364452,7460115
1/30/2007,10.71641827,10.86567211,10.71641827,10.85572147,5.86968565,6525867
1/31/2007,10.80597019,10.91542339,10.68656731,10.85572147,5.86968565,9210423
2/1/2007,10.85572147,10.985075,10.74626923,10.95522404,5.923487186,8544711
2/2/2007,11.03482628,11.05472565,10.84577084,10.88557243,5.885825634,7043643
2/5/2007,10.78606987,10.8756218,10.78606987,10.79601955,5.837403297,8542199
2/6/2007,10.94527435,10.985075,10.84577084,10.91542339,5.901965618,9055954
2/7/2007,10.91542339,11.24378109,10.89552212,11.10447788,6.004188538,13428508
2/8/2007,11.11442757,11.11442757,11.00497532,11.06467724,5.982666969,7503732
2/9/2007,11.06467724,11.10447788,10.8756218,10.89552212,5.891205311,9731515
2/12/2007,10.78606987,10.86567211,10.59701538,10.62686634,5.745944023,11556394
2/13/2007,10.55721378,10.68656731,10.45771122,10.67661667,5.772842407,13869804
2/14/2007,10.78606987,11.15422916,10.77611923,11.09452724,5.998808861,12912843
2/15/2007,11.10447788,11.18408012,11.10447788,11.11442757,6.009566784,11425242
2/16/2007,11.18408012,11.18408012,11.04477596,11.17412853,6.041849136,4949826
2/20/2007,11.18408012,11.38308525,11.1243782,11.29353237,6.106409073,8291049
2/21/2007,11.29353237,11.43283558,11.20398045,11.42288589,6.176350117,7740409
2/22/2007,11.42288589,11.54228878,11.37313366,11.49253654,6.214011669,10243161
2/23/2007,11.58209038,11.58209038,11.29353237,11.33333302,6.127928257,6074823
2/26/2007,11.34328365,11.34328365,11.23383141,11.33333302,6.127928257,8577776
2/27/2007,11.15422916,11.16417885,10.8756218,10.88557243,5.885825634,16183816
2/28/2007,10.99502468,11.18408012,10.94527435,11.04477596,5.971906662,9975529
3/1/2007,10.75621891,10.94527435,10.58706474,10.8756218,5.880444527,15206554
3/2/2007,10.8756218,10.89552212,10.58706474,10.58706474,5.724422455,9541369
3/5/2007,9.850746155,10.40795994,9.751243591,10.05970097,5.439275265,19155400
3/6/2007,10.34825897,10.59701538,10.33830833,10.55721378,5.708281517,16901789
3/7/2007,10.55721378,10.60696507,10.39801025,10.44776058,5.64910078,12763902
3/8/2007,10.72636795,10.77611923,10.63681602,10.72636795,5.799743652,7744027
3/9/2007,10.63681602,10.70646763,10.38805962,10.69651699,5.783603191,22430796
3/12/2007,10.74626923,11.10447788,10.69651699,11.06467724,5.982666969,15808047
3/13/2007,10.985075,11.18408012,10.88557243,10.90547276,5.896584988,18061458
3/14/2007,11.00497532,11.09452724,10.73631763,11.00497532,5.950387478,9948997
3/15/2007,11.00497532,11.14427853,10.95522404,11.09452724,5.998808861,11060427
3/16/2007,11.09452724,11.1243782,10.95522404,10.96517372,5.92886734,8237683
3/19/2007,10.97512436,11.15422916,10.95522404,10.985075,5.939627171,9695034
3/20/2007,11.03482628,11.27363205,11.014925,11.25373077,6.084889412,9877341
3/21/2007,11.27363205,11.5621891,11.18408012,11.49253654,6.214011669,9281376
3/22/2007,11.5621891,11.5621891,11.21393013,11.28358173,6.10103035,14519034
3/23/2007,11.15422916,11.41293526,11.15422916,11.31343269,6.117170811,7086657
3/26/2007,11.34328365,11.38308525,11.17412853,11.37313366,6.149449825,9676743
3/27/2007,11.32338333,11.32338333,11.06467724,11.06467724,5.982666969,6576820
3/28/2007,11.06467724,11.06467724,10.74626923,10.76616859,5.821265221,13758952
3/29/2007,10.88557243,11.014925,10.59701538,10.74626923,5.810503006,22769179
3/30/2007,10.70646763,10.77611923,10.63681602,10.69651699,5.783603191,9627900
4/2/2007,10.75621891,10.84577084,10.62686634,10.72636795,5.799743652,6349188
4/3/2007,10.79601955,10.84577084,10.68656731,10.84577084,5.864303112,16976259
4/4/2007,10.84577084,10.92537308,10.67661667,10.72636795,5.799743652,12961585
4/5/2007,10.83582115,10.99502468,10.75621891,10.91542339,5.901965618,12080301
4/9/2007,11.04477596,11.04477596,10.78606987,10.81591988,5.848163605,8725913
4/10/2007,10.73631763,10.8756218,10.67661667,10.75621891,5.81588459,11179921
4/11/2007,10.84577084,10.85572147,10.67661667,10.71641827,5.794364452,7455894
4/12/2007,10.73631763,10.80597019,10.64676571,10.74626923,5.810503006,8070753
4/13/2007,10.65671635,10.76616859,10.56716442,10.64676571,5.756703377,8323108
4/16/2007,10.76616859,10.78606987,10.61691475,10.71641827,5.794364452,13586394
4/17/2007,10.74626923,10.74626923,10.5472641,10.60696507,5.735181332,10811790
4/18/2007,10.61691475,10.72636795,10.59701538,10.61691475,5.740563393,10639633
4/19/2007,10.46766186,10.53731346,10.41790962,10.49751186,5.676000118,14985253
4/20/2007,10.80597019,10.81591988,10.37810898,10.46766186,5.659862041,16506421
4/23/2007,10.59701538,10.60696507,10.48756218,10.52736282,5.692140579,10061055
4/24/2007,10.69651699,10.79601955,10.41790962,10.73631763,5.805123329,27024651
4/25/2007,10.75621891,10.92537308,10.73631763,10.89552212,5.891205311,27902016
4/26/2007,10.79601955,11.00497532,10.79601955,10.97512436,5.934245586,18366676
4/27/2007,10.83582115,10.84577084,10.58706474,10.63681602,5.751322746,16408132
4/30/2007,10.60696507,10.61691475,10.48756218,10.48756218,5.670623779,13280874
5/1/2007,10.49751186,10.66666698,10.45771122,10.63681602,5.751322746,8039598
5/2/2007,10.62686634,10.64676571,10.51741314,10.56716442,5.713661671,11618503
5/3/2007,10.53731346,10.70646763,10.53731346,10.65671635,5.762083054,9798348
5/4/2007,10.84577084,10.85572147,10.64676571,10.64676571,5.756703377,9569610
5/7/2007,10.64676571,10.70646763,10.59701538,10.64676571,5.756703377,5307907
5/8/2007,10.58706474,10.59701538,10.41790962,10.44776058,5.64910078,7262230
5/9/2007,10.36815929,10.47761154,10.33830833,10.47761154,5.665241241,12284517
5/10/2007,10.49751186,10.49751186,10.3283577,10.36815929,5.606060505,14074924
5/11/2007,10.27860737,10.40795994,10.27860737,10.35820866,5.600679398,10183162
5/14/2007,10.29850674,10.37810898,10.14925385,10.17910385,5.503837585,11532174
5/15/2007,10.25870609,10.33830833,10.12935257,10.22885609,5.530739307,8597574
5/16/2007,10.23880577,10.47761154,10.22885609,10.44776058,5.64910078,12650538
5/17/2007,10.39801025,10.77611923,10.39801025,10.62686634,5.745944023,26391802
5/18/2007,10.64676571,10.70646763,10.46766186,10.47761154,5.665241241,50246784
5/21/2007,10.53731346,10.62686634,10.42786121,10.45771122,5.654481411,24418384
5/22/2007,10.50746346,10.67661667,10.41790962,10.60696507,5.735181332,19368561
5/23/2007,10.65671635,10.73631763,10.45771122,10.47761154,5.665241241,15541018
5/24/2007,10.53731346,10.59701538,10.27860737,10.36815929,5.606060505,30232209
5/25/2007,10.34825897,10.44776058,10.26865673,10.41790962,5.632958412,16438785
5/29/2007,10.53731346,10.63681602,10.49751186,10.57711411,5.719042301,16839177
5/30/2007,10.58706474,10.65671635,10.44776058,10.60696507,5.735181332,13727998
5/31/2007,10.70646763,10.89552212,10.61691475,10.85572147,5.86968565,18564159
6/1/2007,10.92537308,11.06467724,10.80597019,11.02487564,5.961147308,17743878
6/4/2007,10.94527435,11.04477596,10.90547276,10.93532276,5.912724972,12507627
6/5/2007,10.96517372,11.014925,10.66666698,10.77611923,5.826644421,31429365
6/6/2007,10.78606987,10.84577084,10.62686634,10.72636795,5.799743652,9908596
6/7/2007,10.78606987,10.83582115,10.64676571,10.65671635,5.762083054,20211253
6/8/2007,10.34825897,10.53731346,10.26865673,10.51741314,5.934447765,17631921
6/11/2007,10.45771122,10.49751186,10.38805962,10.40795994,5.872686863,14579635
6/12/2007,10.33830833,10.33830833,10.17910385,10.21890545,5.766013145,11875683
6/13/2007,10.21890545,10.33830833,10.19900513,10.3283577,5.827772617,15673578
6/14/2007,10.38805962,10.59701538,10.34825897,10.5472641,5.951290131,22370395
6/15/2007,10.56716442,10.82587147,10.56716442,10.76616859,6.074807167,20602500
6/18/2007,10.74626923,10.76616859,10.57711411,10.61691475,5.990590572,12754254
6/19/2007,10.63681602,10.67661667,10.51741314,10.64676571,6.007433414,9767595
6/20/2007,10.84577084,10.85572147,10.67661667,10.74626923,6.063576221,20268237
6/21/2007,10.79601955,11.19402981,10.79601955,11.17412853,6.304998875,22318537
6/22/2007,11.08457661,11.15422916,10.8756218,10.92537308,6.164639473,16197685
6/25/2007,11.13432789,11.16417885,10.93532276,10.93532276,6.170250416,13686291
6/26/2007,11.11442757,11.11442757,10.8756218,10.95522404,6.181481361,11499109
6/27/2007,10.89552212,11.10447788,10.85572147,11.08457661,6.254466534,7901410
6/28/2007,10.96517372,11.17412853,10.96517372,11.11442757,6.271310329,9823774
6/29/2007,11.11442757,11.28358173,10.96517372,11.07462692,6.248854637,13889502
7/2/2007,11.14427853,11.25373077,11.13432789,11.22388077,6.333070278,12859678
7/3/2007,11.26368237,11.36318398,11.21393013,11.33333302,6.394826889,5946082
7/5/2007,11.34328365,11.38308525,11.24378109,11.33333302,6.394826889,20753752
7/6/2007,11.27363205,11.47263718,11.25373077,11.42288589,6.4453578,18436725
7/9/2007,11.62189102,11.75124359,11.43283558,11.6716423,6.585718632,20947717
7/10/2007,11.52238846,11.58209038,11.38308525,11.39303493,6.428514957,17535140
7/11/2007,11.33333302,11.41293526,11.27363205,11.34328365,6.400443077,15924526
7/12/2007,11.42288589,11.64179134,11.39303493,11.63184071,6.563262463,10888672
7/13/2007,11.68159199,11.70149326,11.58209038,11.60198975,6.546419621,10991785
7/16/2007,11.64179134,11.71144295,11.35323429,11.62189102,6.557645798,12971535
7/17/2007,11.51243782,11.73134327,11.51243782,11.68159199,6.591333389,12932842
7/18/2007,11.32338333,11.54228878,11.1243782,11.30348301,6.377985477,17524085
7/19/2007,11.21393013,11.27363205,11.09452724,11.17412853,6.304998875,20027740
7/20/2007,11.10447788,11.14427853,10.68656731,10.84577084,6.119719982,21393736
7/23/2007,10.985075,10.99502468,10.88557243,10.96517372,6.187096119,13816036
7/24/2007,10.85572147,11.18408012,10.62686634,10.84577084,6.119719982,15984726
7/25/2007,10.90547276,10.97512436,10.70646763,10.84577084,6.119719982,13326903
7/26/2007,10.59701538,10.59701538,10.04975128,10.16915417,5.737940788,28733955
7/27/2007,10.26865673,10.26865673,9.880597115,10.04975128,5.670566559,25589209
7/30/2007,10.22885609,10.3283577,10.0696516,10.22885609,5.771627903,19054699
7/31/2007,10.31840801,10.38805962,10.05970097,10.09950161,5.698640347,17469413
8/1/2007,9.850746155,9.930348396,9.572138786,9.890546799,5.580736637,18272005
8/2/2007,10.04975128,10.16915417,9.562189102,10.04975128,5.670566559,14925456
8/3/2007,10.28855705,10.28855705,9.621891022,9.651741028,5.445991516,18280749
8/6/2007,9.830845833,9.990050316,9.572138786,9.97014904,5.625652313,16319592
8/7/2007,9.741293907,9.920397758,9.681591988,9.840796471,5.552664757,12688426
8/8/2007,10.04975128,10.28855705,10.00994968,10.21890545,5.766013145,12370947
8/9/2007,10.07960224,10.08955193,9.552239418,9.731343269,5.490905285,26989777
8/10/2007,9.950248718,9.950248718,9.502488136,9.850746155,5.558279514,18508281
8/13/2007,10.14925385,10.14925385,9.850746155,9.980099678,5.631267071,13358560
8/14/2007,10.02985096,10.07960224,9.552239418,9.552239418,5.389847279,16883799
8/15/2007,9.502488136,9.572138786,9.094527245,9.144278526,5.159656048,30594913
8/16/2007,8.975124359,9.194029808,8.716418266,9.064677238,5.114740849,22003068
8/17/2007,9.343283653,9.701493263,9.303483009,9.651741028,5.445991516,16835961
8/20/2007,9.810944557,9.850746155,9.552239418,9.671642303,5.457220078,8833146
8/21/2007,9.810944557,9.810944557,9.502488136,9.621891022,5.429148674,11068065
8/22/2007,9.721392632,9.920397758,9.701493263,9.830845833,5.547050953,16875156
8/23/2007,9.950248718,9.950248718,9.661691666,9.90049839,5.586353302,10086180
8/24/2007,9.810944557,10.00994968,9.791045189,9.990050316,5.636882782,7980303
8/27/2007,9.950248718,9.950248718,9.611940384,9.671642303,5.457220078,10061256
8/28/2007,9.681591988,9.681591988,9.313432693,9.353234291,5.277558804,8762294
8/29/2007,9.472637177,9.701493263,9.422885895,9.681591988,5.462833405,8693954
8/30/2007,9.562189102,9.731343269,9.462686539,9.482586861,5.350546837,7645437
8/31/2007,9.800994873,9.880597115,9.721392632,9.87064743,5.569509506,10421448
9/4/2007,9.820896149,10.13930321,9.800994873,10.0696516,5.681797504,12640488
9/5/2007,9.87064743,9.990050316,9.860696793,9.920397758,5.597580433,14275221
9/6/2007,10.03980064,10.13930321,9.910448074,10.0696516,5.681797504,12682899
9/7/2007,9.910448074,9.910448074,9.532338142,9.671642303,5.457220078,16333360
9/10/2007,9.741293907,9.90049839,9.582090378,9.681591988,5.462833405,12108340
9/11/2007,9.781094551,9.830845833,9.631840706,9.751243591,5.5021348,12389037
9/12/2007,9.741293907,9.990050316,9.651741028,9.800994873,5.530206203,13083592
9/13/2007,9.751243591,10.0696516,9.721392632,9.990050316,5.636882782,13220976
9/14/2007,9.920397758,10,9.880597115,9.930348396,5.60319519,11346148
9/17/2007,9.800994873,9.890546799,9.701493263,9.771143913,5.513363838,8778374
9/18/2007,9.771143913,10.19900513,9.701493263,10.17910385,5.743554592,13417152
9/19/2007,10.13930321,10.13930321,9.950248718,10.05970097,5.676179886,16512652
9/20/2007,10.02985096,10.09950161,9.940299034,10.02985096,5.659338474,11045854
9/21/2007,10.04975128,10.23880577,10.03980064,10.19900513,5.754784584,9372328
9/24/2007,10.24875641,10.34825897,10.16915417,10.21890545,5.766013145,11343736
9/25/2007,10.14925385,10.16915417,10.00994968,10.0696516,5.681797504,15781716
9/26/2007,10.13930321,10.23880577,9.950248718,10.00994968,5.64811039,13897843
9/27/2007,10.17910385,10.29850674,10.1094532,10.22885609,5.771627903,11353987
9/28/2007,10.20895481,10.23880577,10.05970097,10.0696516,5.681797504,7843623
10/1/2007,10.14925385,10.48756218,10.12935257,10.37810898,5.855844498,10708174
10/2/2007,10.39801025,10.49751186,10.35820866,10.46766186,5.906374454,10962942
10/3/2007,10.35820866,10.47761154,10.23880577,10.3283577,5.827772617,8875959
10/4/2007,10.35820866,10.49751186,10.30845833,10.35820866,5.844614029,11784630
10/5/2007,10.45771122,10.77611923,10.41790962,10.63681602,6.001818657,11529561
10/8/2007,10.55721378,10.75621891,10.50746346,10.55721378,5.956902981,10397529
10/9/2007,10.60696507,10.66666698,10.44776058,10.64676571,6.007433414,14241051
10/10/2007,10.64676571,10.76616859,10.44776058,10.72636795,6.052348614,15874779
10/11/2007,10.5472641,10.60696507,10.04975128,10.15920353,5.732326508,22792797
10/12/2007,10.19900513,10.19900513,9.920397758,9.990050316,5.636882782,16922592
10/15/2007,10.07960224,10.22885609,9.910448074,9.950248718,5.614423752,11790660
10/16/2007,10.02985096,10.03980064,9.850746155,9.920397758,5.597580433,10599433
10/17/2007,10.08955193,10.21890545,9.930348396,10.12935257,5.715481758,12266527
10/18/2007,10.09950161,10.16915417,9.930348396,10.04975128,5.670566559,13324792
10/19/2007,9.950248718,10.05970097,9.651741028,9.691541672,5.468448162,15072789
10/22/2007,9.681591988,9.771143913,9.552239418,9.661691666,5.45160532,9349615
10/23/2007,9.810944557,9.990050316,9.771143913,9.97014904,5.625652313,16278387
10/24/2007,9.890546799,9.890546799,9.462686539,9.721392632,5.485291958,16157284
10/25/2007,9.890546799,9.890546799,9.651741028,9.731343269,5.490905285,21184194
10/26/2007,9.880597115,9.920397758,9.800994873,9.860696793,5.563894749,22524562
10/29/2007,10.11940289,10.48756218,10.08955193,10.45771122,5.90075922,29765688
10/30/2007,10.24875641,10.38805962,10.1094532,10.34825897,5.839000225,15677296
10/31/2007,10.39801025,10.67661667,10.36815929,10.59701538,5.979361534,21427404
11/1/2007,10.08955193,10.68656731,10.08955193,10.44776058,5.895144463,23194495
11/2/2007,10.3283577,10.49751186,10.21890545,10.33830833,5.833386421,17370822
11/5/2007,10.12935257,10.38805962,10.04975128,10.14925385,5.726713181,11784328
11/6/2007,10.14925385,10.41790962,10.14925385,10.37810898,5.855844498,9938746
11/7/2007,10.37810898,10.37810898,10.08955193,10.1094532,5.704253674,9930505
11/8/2007,10.05970097,10.18905544,9.711442947,9.850746155,5.558279514,17854026
11/9/2007,9.751243591,9.940299034,9.711442947,9.761194229,5.507749081,13851814
11/12/2007,9.741293907,9.890546799,9.54228878,9.54228878,5.384232521,13630815
11/13/2007,9.661691666,9.940299034,9.661691666,9.940299034,5.608810902,20986008
11/14/2007,9.90049839,10.00994968,9.761194229,9.791045189,5.524592876,8140500
11/15/2007,9.850746155,9.860696793,9.502488136,9.601989746,5.417920589,14969676
11/16/2007,9.641791344,9.711442947,9.492536545,9.701493263,5.474065304,9207910
11/19/2007,9.631840706,9.701493263,9.482586861,9.482586861,5.350546837,11246854
11/20/2007,9.532338142,9.87064743,9.482586861,9.611940384,5.423533916,11248563
11/21/2007,9.452735901,9.482586861,9.114427567,9.223880768,5.204571724,15221428
11/23/2007,9.452735901,9.54228878,9.373133659,9.442786217,5.328086853,7668451
11/26/2007,9.452735901,9.661691666,9.432835579,9.442786217,5.328086853,12451347
11/27/2007,9.492536545,9.492536545,9.263682365,9.383085251,5.294401169,13308310
11/28/2007,9.353234291,9.791045189,9.353234291,9.701493263,5.474065304,14599836
11/29/2007,9.651741028,9.771143913,9.54228878,9.701493263,5.474065304,12514260
11/30/2007,9.880597115,10.00994968,9.810944557,9.87064743,5.569509506,16528431
12/3/2007,9.910448074,9.920397758,9.691541672,9.721392632,5.485291958,12347128
12/4/2007,9.671642303,9.810944557,9.601989746,9.651741028,5.445991516,8705913
12/5/2007,9.830845833,9.990050316,9.810944557,9.960199356,5.620038986,16700386
12/6/2007,9.930348396,10.22885609,9.930348396,10.20895481,5.760398388,10510993
12/7/2007,10.24875641,10.3283577,10.16915417,10.24875641,5.782856464,10311199
12/10/2007,10.01990032,10.18905544,9.990050316,10.07960224,5.687411308,9017061
12/11/2007,10.09950161,10.26865673,9.850746155,9.880597115,5.57512331,13668804
12/12/2007,10.04975128,10.13930321,9.800994873,9.950248718,5.614423752,9967791
12/13/2007,9.800994873,9.840796471,9.621891022,9.810944557,5.535820007,12614458
12/14/2007,9.830845833,9.830845833,9.572138786,9.601989746,5.417920589,8700386
12/17/2007,9.671642303,9.671642303,9.333333015,9.353234291,5.277558804,13084899
12/18/2007,9.442786217,9.671642303,9.402984619,9.582090378,5.406690598,10374213
12/19/2007,9.502488136,9.691541672,9.502488136,9.631840706,5.434762001,10411900
12/20/2007,9.701493263,9.731343269,9.552239418,9.621891022,5.429148674,7812669
12/21/2007,9.701493263,9.771143913,9.631840706,9.761194229,5.507749081,8782795
12/24/2007,9.791045189,9.830845833,9.701493263,9.771143913,5.513363838,1896435
12/26/2007,9.781094551,9.890546799,9.711442947,9.890546799,5.580736637,4822693
12/27/2007,9.960199356,9.980099678,9.721392632,9.751243591,5.5021348,4903495
12/28/2007,9.791045189,9.87064743,9.681591988,9.850746155,5.558279514,9009121
12/31/2007,9.90049839,9.980099678,9.860696793,9.910448074,5.591967106,6737922
1/2/2008,9.791045189,9.850746155,9.442786217,9.522388458,5.373003483,13048015
1/3/2008,9.452735901,9.592040062,9.353234291,9.393034935,5.300015926,10655211
1/4/2008,9.353234291,9.412935257,8.855721474,8.885572433,5.013681412,20526421
1/7/2008,8.955224037,8.955224037,8.587064743,8.706467628,4.912620544,18029800
1/8/2008,8.716418266,8.925373077,8.656716347,8.716418266,4.918234825,18814906
1/9/2008,8.78606987,9.094527245,8.766168594,9.014925003,5.086667061,20390545
1/10/2008,8.905472755,9.044775963,8.835821152,9.034826279,5.097895622,15793173
1/11/2008,8.935322762,8.935322762,8.78606987,8.845770836,4.991222382,14975706
1/14/2008,8.995024681,9.044775963,8.885572433,9.004975319,5.081053734,14863648
1/15/2008,9.004975319,9.054725647,8.716418266,8.72636795,4.923849106,17130527
1/16/2008,8.656716347,8.686567307,8.238805771,8.437810898,4.761031628,16620690
1/17/2008,8.507463455,8.72636795,8.308458328,8.348258972,4.710502625,19108266
1/18/2008,8.45771122,8.796019554,8.427861214,8.597015381,4.850862026,16507024
1/22/2008,7.781095028,8.238805771,7.522387981,7.950249195,4.485925674,20373762
1/23/2008,7.840795994,8.587064743,7.661692142,8.517413139,4.805947781,25966687
1/24/2008,8.616914749,8.855721474,8.497511864,8.646765709,4.87893486,17356652
1/25/2008,8.676616669,9.004975319,8.646765709,8.656716347,4.884549141,19866237
1/28/2008,8.567164421,8.706467628,8.437810898,8.656716347,4.884549141,11690461
1/29/2008,8.895522118,8.925373077,8.716418266,8.855721474,4.996836662,11860708
1/30/2008,8.865672112,9.114427567,8.736317635,8.845770836,4.991222382,18682246
1/31/2008,9.114427567,9.323383331,8.746269226,9.203980446,5.193341732,22262458
2/1/2008,9.402984619,9.741293907,9.373133659,9.701493263,5.474065304,23160225
2/4/2008,9.771143913,9.781094551,9.562189102,9.721392632,5.485291958,12035277
2/5/2008,9.601989746,9.601989746,9.094527245,9.094527245,5.131584167,20530240
2/6/2008,9.094527245,9.333333015,9.054725647,9.064677238,5.114740849,11811363
2/7/2008,9.054725647,9.323383331,8.895522118,9.203980446,5.193341732,17001987
2/8/2008,9.054725647,9.283581734,9.034826279,9.194029808,5.187726974,9359263
2/11/2008,9.203980446,9.402984619,9.134327888,9.373133659,5.288787365,11406046
2/12/2008,9.402984619,9.592040062,9.373133659,9.492536545,5.356160641,10723249
2/13/2008,9.552239418,9.671642303,9.462686539,9.661691666,5.45160532,10441749
2/14/2008,9.611940384,9.830845833,9.611940384,9.651741028,5.445991516,19969752
2/15/2008,9.54228878,9.791045189,9.51243782,9.661691666,5.45160532,12235272
2/19/2008,9.731343269,9.880597115,9.721392632,9.761194229,5.507749081,19628856
2/20/2008,9.691541672,9.751243591,9.552239418,9.721392632,5.485291958,12835357
2/21/2008,9.800994873,9.890546799,9.502488136,9.552239418,5.389847279,18506070
2/22/2008,9.582090378,9.681591988,9.422885895,9.631840706,5.434762001,13163188
2/25/2008,9.711442947,9.850746155,9.572138786,9.820896149,5.541436195,13565389
2/26/2008,9.880597115,10.13930321,9.791045189,10.07960224,5.687411308,15799002
2/27/2008,9.960199356,10.24875641,9.960199356,10.18905544,5.749168873,14249995
2/28/2008,10.09950161,10.15920353,9.960199356,9.980099678,5.631267071,13183590
2/29/2008,9.860696793,9.930348396,9.671642303,9.691541672,5.468448162,9337254
3/3/2008,9.781094551,9.781094551,9.452735901,9.582090378,5.406690598,14820132
3/4/2008,9.820896149,10.00994968,9.701493263,9.97014904,5.625652313,28308739
3/5/2008,10.14925385,10.33830833,10.13930321,10.24875641,5.782856464,20783500
3/6/2008,10.24875641,10.40795994,10.08955193,10.11940289,5.709868908,19604032
3/7/2008,10.07960224,10.26865673,9.880597115,10.01990032,5.65372467,22971988
3/10/2008,9.950248718,10.04975128,9.800994873,9.890546799,5.580736637,21618655
3/11/2008,10.0696516,10.46766186,10.0696516,10.46766186,5.906374454,23805234
3/12/2008,10.34825897,10.45771122,10.22885609,10.22885609,5.771627903,12600489
3/13/2008,10.09950161,10.20895481,9.791045189,10.13930321,5.721097469,20892744
3/14/2008,10.11940289,10.14925385,9.731343269,9.830845833,5.547050953,15435694
3/17/2008,9.482586861,9.800994873,9.472637177,9.651741028,5.445991516,16274467
3/18/2008,9.930348396,10.09950161,9.751243591,10.09950161,5.698640347,16088442
3/19/2008,10.04975128,10.15920353,9.721392632,9.741293907,5.496520996,13728300
3/20/2008,10.02985096,10.35820866,9.920397758,10.26865673,5.794085503,17885784
3/24/2008,10.8756218,11.11442757,10.79601955,11.04477596,6.232009888,22853398
3/25/2008,11.04477596,11.04477596,10.82587147,10.89552212,6.14779377,18325974
3/26/2008,10.89552212,10.89552212,10.59701538,10.67661667,6.02427578,25658554
3/27/2008,10.63681602,10.63681602,10.14925385,10.26865673,5.794085503,36010758
3/28/2008,10.29850674,10.30845833,10.02985096,10.11940289,5.709868908,24311955
3/31/2008,10.1094532,10.31840801,10.1094532,10.21890545,5.766013145,22791088
4/1/2008,10.24875641,10.59701538,10.24875641,10.5472641,5.951290131,21019072
4/2/2008,10.59701538,10.64676571,10.38805962,10.41790962,5.878298759,20032966
4/3/2008,10.29850674,10.64676571,10.29850674,10.60696507,5.984974384,15121129
4/4/2008,10.52736282,10.58706474,10.34825897,10.37810898,5.855844498,17943169
4/7/2008,10.38805962,10.58706474,10.34825897,10.4378109,5.889530659,17137059
4/8/2008,10.34825897,10.45771122,10.26865673,10.28855705,5.805313587,15330772
4/9/2008,10.26865673,10.31840801,10.09950161,10.13930321,5.721097469,12972942
4/10/2008,10.25870609,10.57711411,10.25870609,10.45771122,5.90075922,23585641
4/11/2008,10.34825897,10.40795994,10.18905544,10.22885609,5.771627903,16218187
4/14/2008,10.31840801,10.31840801,10.14925385,10.14925385,5.726713181,17896236
4/15/2008,10.33830833,10.33830833,10.20895481,10.30845833,5.816543102,17423082
4/16/2008,10.58706474,10.90547276,10.56716442,10.90547276,6.153407574,16780485
4/17/2008,10.80597019,10.91542339,10.70646763,10.86567211,6.130950451,13880959
4/18/2008,10.985075,11.13432789,10.88557243,11.014925,6.215167522,13342983
4/21/2008,11.00497532,11.06467724,10.88557243,11.014925,6.215167522,8824101
4/22/2008,11.00497532,11.00497532,10.64676571,10.70646763,6.041120529,17868397
4/23/2008,10.64676571,10.69651699,10.48756218,10.60696507,5.984974384,15706542
4/24/2008,10.53731346,10.76616859,10.41790962,10.67661667,6.02427578,12141706
4/25/2008,10.64676571,10.69651699,10.42786121,10.67661667,6.02427578,11204343
4/28/2008,10.74626923,10.94527435,10.74626923,10.85572147,6.125336647,12064623
4/29/2008,10.79601955,10.88557243,10.71641827,10.77611923,6.080420971,14542651
4/30/2008,10.91542339,11.26368237,10.91542339,11.18408012,6.310610771,18892191
5/1/2008,11.19402981,11.31343269,11.09452724,11.26368237,6.355527878,14288587
5/2/2008,11.27363205,11.30348301,11.09452724,11.23383141,6.338685513,12926712
5/5/2008,11.19402981,11.19402981,10.99502468,11.08457661,6.254466534,6700938
5/6/2008,11.04477596,11.46268654,11.014925,11.43283558,6.450971603,18080251
5/7/2008,11.34328365,11.34328365,11.04477596,11.08457661,6.254466534,13523179
5/8/2008,11.1243782,11.15422916,10.92537308,10.985075,6.19832468,14612097
5/9/2008,10.93532276,11.02487564,10.79601955,10.90547276,6.153407574,11230774
5/12/2008,10.94527435,11.26368237,10.92537308,11.18408012,6.310610771,9832015
5/13/2008,11.24378109,11.43283558,11.16417885,11.35323429,6.406060219,15564837
5/14/2008,11.36318398,11.38308525,11.21393013,11.24378109,6.344298363,11391273
5/15/2008,11.30348301,11.43283558,11.18408012,11.39303493,6.428514957,10019448
5/16/2008,11.37313366,11.64179134,11.37313366,11.59204006,6.540804863,10786966
5/19/2008,11.50248814,11.83084583,11.49253654,11.50248814,6.490273952,17348813
5/20/2008,11.34328365,11.49253654,11.13432789,11.20398045,6.32184124,14300848
5/21/2008,11.17412853,11.30348301,11.03482628,11.09452724,6.260083675,9239869
5/22/2008,11.03482628,11.25373077,11.03482628,11.14427853,6.288155079,8947414
5/23/2008,11.06467724,11.06467724,10.72636795,10.83582115,6.114108086,12688929
5/27/2008,10.93532276,11.28358173,10.88557243,11.22388077,6.333070278,14581444
5/28/2008,11.33333302,11.59204006,11.24378109,11.48258686,6.479045868,19339818
5/29/2008,11.39303493,11.51243782,11.20398045,11.49253654,6.484659672,16754556
5/30/2008,11.41293526,11.43283558,11.28358173,11.39303493,6.428514957,17579158
6/2/2008,11.21393013,11.52238846,11.21393013,11.39303493,6.428514957,12112863
6/3/2008,11.28358173,11.39303493,11.21393013,11.27363205,6.361142159,15754380
6/4/2008,11.21393013,11.55223942,11.20398045,11.52238846,6.501502514,16026232
6/5/2008,11.4527359,11.91044807,11.4527359,11.84079647,6.681166172,20573355
6/6/2008,11.65174103,11.74129391,11.52238846,11.54228878,6.512731075,17935531
6/9/2008,11.39303493,11.42288589,11.07462692,11.18408012,6.310610771,14669884
6/10/2008,11.03482628,11.03482628,10.79601955,10.88557243,6.142179489,13132435
6/11/2008,11.00497532,11.22388077,10.84577084,10.86567211,6.130950451,21154245
6/12/2008,10.985075,11.17412853,10.90547276,10.985075,6.19832468,15511773
6/13/2008,10.985075,11.30348301,10.985075,11.17412853,6.304998875,12335370
6/16/2008,11.05472565,11.27363205,11.04477596,11.21393013,6.327456474,8660387
6/17/2008,11.20398045,11.28358173,11.08457661,11.10447788,6.265697956,11704531
6/18/2008,11.13432789,11.13432789,10.94527435,11.00497532,6.209553719,15679507
6/19/2008,11.014925,11.18408012,10.8756218,11.07462692,6.248854637,17065202
6/20/2008,10.88557243,10.92537308,10.65671635,10.74626923,6.063576221,17803374
6/23/2008,10.73631763,10.90547276,10.71641827,10.82587147,6.108496666,11627146
6/24/2008,10.65671635,10.99502468,10.65671635,10.8756218,6.136564255,14775208
6/25/2008,11.09452724,11.47263718,11.09452724,11.33333302,6.394826889,25579561
6/26/2008,10.97512436,11.14427853,10.70646763,10.71641827,6.04673481,16710738
6/27/2008,10.63681602,10.89552212,10.60696507,10.81591988,6.10287714,17133341
6/30/2008,10.92537308,11.00497532,10.80597019,10.85572147,6.125336647,14468080
7/1/2008,10.74626923,10.91542339,10.60696507,10.85572147,6.125336647,20061207
7/2/2008,10.77611923,10.77611923,10.52736282,10.5472641,5.951290131,30594411
7/3/2008,10.38805962,10.38805962,9.97014904,10.19900513,5.754784584,25748502
7/7/2008,10.20895481,10.45771122,9.960199356,10.1094532,5.704253674,20116984
7/8/2008,10.07960224,10.14925385,10.00994968,10.12935257,5.715481758,23366250
7/9/2008,10.19900513,10.23880577,9.890546799,9.890546799,5.580736637,16505718
7/10/2008,10,10.09950161,9.90049839,10.09950161,5.698640347,15561520
7/11/2008,10.22885609,10.3283577,9.960199356,10.24875641,5.782856464,26063971
7/14/2008,10.23880577,10.26865673,9.960199356,10,5.642496109,15522928
7/15/2008,9.741293907,9.97014904,9.552239418,9.741293907,5.496520996,25935733
7/16/2008,9.442786217,9.880597115,9.203980446,9.810944557,5.832511902,30900031
7/17/2008,9.87064743,10.45771122,9.850746155,10.30845833,6.128278732,30299946
7/18/2008,10.19900513,10.30845833,10.0696516,10.18905544,6.057291985,16296477
7/21/2008,10.26865673,10.52736282,10.19900513,10.3283577,6.140108109,11093190
7/22/2008,10,10,9.671642303,9.87064743,5.868003368,20066332
7/23/2008,9.930348396,10.18905544,9.800994873,10.08955193,5.998140335,21472729
7/24/2008,10.03980064,10.1094532,9.810944557,9.830845833,5.844344139,16162611
7/25/2008,9.960199356,10.04975128,9.820896149,9.97014904,5.927155495,8647925
7/28/2008,10.01990032,10.01990032,9.691541672,9.721392632,5.779273033,8733953
7/29/2008,9.592040062,9.840796471,9.51243782,9.791045189,5.820680618,19184847
7/30/2008,9.850746155,9.930348396,9.721392632,9.751243591,5.797018051,15831664
7/31/2008,9.601989746,9.631840706,9.412935257,9.452735901,5.619559765,24250248
8/1/2008,9.552239418,9.651741028,9.383085251,9.492536545,5.643220425,8369740
8/4/2008,9.452735901,9.492536545,9.313432693,9.343283653,5.554489136,11438608
8/5/2008,9.492536545,9.810944557,9.402984619,9.741293907,5.791104317,17648604
8/6/2008,9.800994873,10.26865673,9.800994873,10.19900513,6.06320858,21347104
8/7/2008,10,10.28855705,9.960199356,10.28855705,6.116446972,19253689
8/8/2008,10.26865673,10.5472641,10.09950161,10.45771122,6.217007637,24252760
8/11/2008,10.33830833,10.71641827,10.33830833,10.61691475,6.311650276,13967088
8/12/2008,10.58706474,10.66666698,10.46766186,10.57711411,6.287992001,19161631
8/13/2008,10.11940289,10.44776058,10.09950161,10.34825897,6.151938438,37985080
8/14/2008,10.44776058,10.48756218,10.29850674,10.4378109,6.205174923,10728877
8/15/2008,10.53731346,10.5472641,10.24875641,10.51741314,6.252500057,11626141
8/18/2008,10.51741314,10.51741314,10.24875641,10.29850674,6.122362614,12901687
8/19/2008,10.16915417,10.22885609,10.09950161,10.14925385,6.033633232,13844478
8/20/2008,10.17910385,10.27860737,10.02985096,10.16915417,6.045460701,19264443
8/21/2008,10.18905544,10.18905544,9.990050316,10.14925385,6.033633232,12625915
8/22/2008,10.16915417,10.24875641,10.11940289,10.18905544,6.057291985,10325169
8/25/2008,10.09950161,10.20895481,10.04975128,10.04975128,5.974480629,15508657
8/26/2008,9.960199356,10.15920353,9.960199356,10.00994968,5.950816631,22751592
8/27/2008,10.0696516,10.16915417,10.03980064,10.08955193,5.998140335,13500667
8/28/2008,10.07960224,10.13930321,9.920397758,10.00994968,5.950816631,16594057
8/29/2008,9.910448074,9.910448074,9.601989746,9.661691666,5.74378252,16868322
9/2/2008,9.412935257,9.472637177,9.184080124,9.313432693,5.536746025,25228716
9/3/2008,9.333333015,9.333333015,8.995024681,9.024875641,5.365200996,19849152
9/4/2008,8.915423393,8.915423393,8.577114105,8.606965065,5.116756916,25150326
9/5/2008,8.656716347,9.044775963,8.606965065,8.985074997,5.341540337,25811917
9/8/2008,9.402984619,9.462686539,9.094527245,9.303483009,5.530829906,29865987
9/9/2008,9.194029808,9.194029808,8.736317635,8.736317635,5.193656445,33925082
9/10/2008,9.014925003,9.114427567,8.805970192,8.945274353,5.317878246,17696944
9/11/2008,8.706467628,8.78606987,8.477611542,8.75621891,5.205486298,19982314
9/12/2008,8.75621891,9.104477882,8.537313461,9.044775963,5.377029896,22379541
9/15/2008,8.716418266,8.915423393,8.606965065,8.75621891,5.205486298,19761315
9/16/2008,8.557213783,9.054725647,8.507463455,8.975124359,5.335623264,26173918
9/17/2008,8.78606987,9.054725647,8.706467628,8.815919876,5.240977287,20720085
9/18/2008,8.905472755,9.452735901,8.815919876,9.323383331,5.542660713,20862292
9/19/2008,9.651741028,9.980099678,9.552239418,9.930348396,5.903496265,25998043
9/22/2008,9.761194229,9.940299034,9.472637177,9.572138786,5.690543175,21722472
9/23/2008,9.592040062,9.671642303,9.24378109,9.263682365,5.507169724,27571170
9/24/2008,9.572138786,9.572138786,9.223880768,9.383085251,5.57815361,19481322
9/25/2008,9.452735901,9.562189102,9.373133659,9.51243782,5.655050755,23884930
9/26/2008,9.363183975,9.442786217,9.194029808,9.203980446,5.471675396,21763878
9/29/2008,9.054725647,9.203980446,8.567164421,8.656716347,5.146333694,19568757
9/30/2008,8.815919876,9.323383331,8.805970192,9.323383331,5.542660713,15443433
10/1/2008,9.174128532,9.353234291,9.014925003,9.27363205,5.513083935,18988972
10/2/2008,9.263682365,9.263682365,8.567164421,8.736317635,5.193656445,18267081
10/3/2008,8.776119232,9.044775963,8.348258972,8.407959938,4.998450756,21325497
10/6/2008,8.228856087,8.567164421,7.97014904,8.398010254,4.992536068,20410545
10/7/2008,8.248756409,8.597015381,7.960198879,7.960198879,4.732260704,20980279
10/8/2008,7.880597115,8.407959938,7.711442947,8.149253845,4.844651699,28668228
10/9/2008,8.368159294,8.557213783,7.263681889,7.502488136,4.460156441,18323964
10/10/2008,7.363183975,8.407959938,7.21393013,8.208954811,4.880143166,22488684
10/13/2008,8.606965065,9.124378204,8,8.656716347,5.146333694,22205676
10/14/2008,8.965173721,9.094527245,8.12935257,8.308458328,4.939297199,24434062
10/15/2008,8.119402885,8.189055443,7.462687016,7.51243782,4.466071129,24521296
10/16/2008,7.532338142,7.681591988,7.154229164,7.472637177,4.442410469,35250375
10/17/2008,7.402985096,7.960198879,7.263681889,7.701492786,4.57846117,29068821
10/20/2008,7.701492786,7.920398235,7.482586861,7.900497913,4.696767807,13216554
10/21/2008,7.651741028,7.731342793,7.353233814,7.363183975,4.37734127,13010428
10/22/2008,7.263681889,7.263681889,6.75621891,6.845770836,4.06974411,20331351
10/23/2008,6.905473232,7.064676762,6.68656683,6.905473232,4.10523653,21685488
10/24/2008,6.318408012,6.915422916,6.179103851,6.427861214,3.821302176,23395596
10/27/2008,6.318408012,6.68656683,6.278606892,6.328358173,3.762147427,26257032
10/28/2008,6.567163944,7.671641827,6.567163944,7.661692142,4.554802418,32131357
10/29/2008,7.462687016,7.771143913,7.164178848,7.303483009,4.341849804,30808777
10/30/2008,7.373134136,7.940299034,7.373134136,7.870646954,4.679022789,23678905
10/31/2008,8.069651604,8.437810898,7.701492786,8.218905449,4.886060238,18197937
11/3/2008,8.208954811,8.258706093,7.910448074,8.009949684,4.761837482,22831992
11/4/2008,8.338308334,8.407959938,8.119402885,8.338308334,4.957042217,15415494
11/5/2008,8.119402885,8.199005127,7.721393108,7.721393108,4.590293407,15972264
11/6/2008,7.701492786,7.701492786,7.184080124,7.333333015,4.359595299,18868372
11/7/2008,7.432836056,7.781095028,7.27363205,7.741293907,4.602123737,13673226
11/10/2008,7.562189102,7.751244068,7.472637177,7.621891022,4.531139374,12221503
11/11/2008,7.452735901,7.741293907,7.333333015,7.363183975,4.37734127,10574308
11/12/2008,7.393034935,7.661692142,7.024876118,7.064676762,4.199881554,14037438
11/13/2008,6.995025158,7.522387981,6.577114105,7.462687016,4.436495304,19518105
11/14/2008,7.203979969,7.283582211,6.78606987,6.925373077,4.117065907,17405997
11/17/2008,6.796020031,6.865672112,6.557213783,6.68656683,3.975098848,16757370
11/18/2008,6.68656683,6.696516991,6.218904972,6.467661858,3.844961166,18269995
11/19/2008,6.338307858,6.447761059,6.099502087,6.099502087,3.626094341,13980153
11/20/2008,6.069652081,6.288557053,5.800994873,5.820896149,3.46046567,15991258
11/21/2008,6.079601765,6.48756218,5.880597115,6.477612019,3.850878,23789656
11/24/2008,6.149253845,6.835821152,6.149253845,6.666666985,3.963268518,19936687
11/25/2008,6.766169071,6.776119232,6.417910099,6.616915226,3.93369174,12749028
11/26/2008,6.567163944,7.21393013,6.398009777,7.154229164,4.253120422,12516270
11/28/2008,6.825870991,7.31343317,6.825870991,7.114428043,4.229457378,7196805
12/1/2008,6.676617146,6.835821152,6.517413139,6.537312984,3.886368513,15163942
12/2/2008,6.557213783,6.636816025,6.139303207,6.308457851,3.750318289,16604811
12/3/2008,6.248755932,6.577114105,6,6.507462978,3.868623018,16485417
12/4/2008,6.358209133,6.517413139,6.258706093,6.388060093,3.797639132,14749983
12/5/2008,6.248755932,6.706468105,6.248755932,6.68656683,3.975098848,8758173
12/8/2008,6.825870991,7.064676762,6.716417789,6.905473232,4.10523653,17578555
12/9/2008,6.865672112,7.422885895,6.696516991,7.094526768,4.217627048,19956687
12/10/2008,7.373134136,7.532338142,7.223880768,7.462687016,4.436495304,16896060
12/11/2008,7.54228878,7.621891022,7.184080124,7.263681889,4.31818676,14385168
12/12/2008,7.114428043,7.761194229,6.895522118,7.701492786,4.57846117,22912191
12/15/2008,7.691542149,7.711442947,7.373134136,7.631841183,4.537055492,14127385
12/16/2008,7.442786217,8.378108978,7.363183975,8.348258972,4.962958336,24760788
12/17/2008,8.069651604,8.248756409,8.019900322,8.149253845,4.844651699,18086784
12/18/2008,8.308458328,8.308458328,7.651741028,7.820896149,4.649446487,11752068
12/19/2008,7.820896149,7.990049839,7.661692142,7.751244068,4.608039379,11231176
12/22/2008,7.681591988,7.771143913,7.462687016,7.492537022,4.454240799,12053367
12/23/2008,7.532338142,7.651741028,7.333333015,7.492537022,4.454240799,12864703
12/24/2008,7.462687016,7.601990223,7.41293478,7.462687016,4.436495304,2914098
12/26/2008,7.323382854,7.562189102,7.323382854,7.522387981,4.471986294,2546368
12/29/2008,7.631841183,7.651741028,7.492537022,7.631841183,4.537055492,5938444
12/30/2008,7.631841183,7.960198879,7.631841183,7.910448074,4.702683926,5825985
12/31/2008,7.741293907,8.02985096,7.721393108,7.860696793,4.673110008,4491847
1/2/2009,7.731342793,8.248756409,7.731342793,8.179103851,4.862398148,9887190
1/5/2009,8.039800644,8.248756409,7.890546799,8.019900322,4.767751694,13504888
1/6/2009,8.039800644,8.427861214,7.910448074,8.358208656,4.968873978,17119773
1/7/2009,7.880597115,7.930347919,7.611939907,7.671641827,4.560716629,21746692
1/8/2009,7.462687016,7.54228878,7.283582211,7.502488136,4.460156441,16472251
1/9/2009,7.402985096,7.562189102,7.203979969,7.452735901,4.430578232,18048091
1/12/2009,7.293531895,7.691542149,7.223880768,7.303483009,4.341849804,22283161
1/13/2009,7.552238941,7.781095028,7.432836056,7.631841183,4.537055492,15884929
1/14/2009,7.472637177,7.492537022,7.24378109,7.333333015,4.359595299,9963369
1/15/2009,7.293531895,7.482586861,7.054726124,7.333333015,4.359595299,26572702
1/16/2009,7.472637177,7.631841183,7.253730774,7.41293478,4.406917095,14799529
1/20/2009,7.054726124,7.164178848,6.945273876,6.955224037,4.134813786,16203012
1/21/2009,7.044775963,7.174129009,6.855720997,7.114428043,4.229457378,23507050
1/22/2009,6.72636795,7.681591988,6.666666985,7.41293478,4.406917095,54993700
1/23/2009,7.184080124,7.850746155,7.124378204,7.681591988,4.566631317,28746618
1/26/2009,7.830845833,7.830845833,7.21393013,7.611939907,4.525223732,16830836
1/27/2009,7.582089901,7.960198879,7.572138786,7.860696793,4.673110008,20461398
1/28/2009,7.960198879,8.159203529,7.940299034,8.079602242,4.803244591,26320950
1/29/2009,7.980100155,7.980100155,7.601990223,7.641790867,4.542971134,19988847
1/30/2009,7.621891022,7.810945034,7.502488136,7.502488136,4.460156441,11847241
2/2/2009,7.462687016,7.532338142,7.263681889,7.472637177,4.442410469,17830408
2/3/2009,7.432836056,7.800994873,7.432836056,7.761194229,4.61395359,24875760
2/4/2009,7.621891022,8.009949684,7.562189102,7.890546799,4.690852642,32597175
2/5/2009,7.711442947,8.149253845,7.601990223,8.069651604,4.797328472,27358914
2/6/2009,8.159203529,8.796019554,8.069651604,8.646765709,5.140417099,41974227
2/9/2009,8.636816025,8.636816025,8.298506737,8.447760582,5.022110462,22059649
2/10/2009,8.308458328,8.45771122,7.980100155,8.079602242,4.803244591,21824077
2/11/2009,8.258706093,8.437810898,8.179103851,8.268656731,4.915635109,20736366
2/12/2009,8.059700966,8.358208656,8,8.348258972,4.962958336,22272106
2/13/2009,8.258706093,8.388059616,8.208954811,8.248756409,4.90380621,11413081
2/17/2009,8.049751282,8.049751282,7.601990223,7.681591988,4.566631317,20418585
2/18/2009,7.880597115,7.960198879,7.681591988,7.930347919,4.714514732,18514411
2/19/2009,8.009949684,8.109453201,7.562189102,7.592040062,4.513393879,19675990
2/20/2009,7.51243782,7.552238941,7.223880768,7.462687016,4.436495304,19996786
2/23/2009,7.621891022,7.751244068,7.283582211,7.303483009,4.341849804,19382631
2/24/2009,7.363183975,7.671641827,7.21393013,7.601990223,4.519309044,24624912
2/25/2009,7.41293478,7.761194229,7.41293478,7.592040062,4.513393879,36980784
2/26/2009,7.621891022,8,7.572138786,7.641790867,4.542971134,24838474
2/27/2009,7.522387981,7.641790867,7.422885895,7.502488136,4.460156441,23082036
3/2/2009,7.323382854,7.791045189,7.323382854,7.41293478,4.406917095,23513382
3/3/2009,7.462687016,7.870646954,7.462687016,7.741293907,4.602123737,29913021
3/4/2009,7.97014904,8.208954811,7.97014904,8,4.755921841,24024223
3/5/2009,8.019900322,8.208954811,7.840795994,8.049751282,4.785498619,27629058
3/6/2009,8.218905449,8.417909622,7.97014904,8.208954811,4.880143166,29391526
3/9/2009,8.159203529,8.338308334,7.691542149,7.701492786,4.57846117,32092765
3/10/2009,7.960198879,8.358208656,7.890546799,8.308458328,4.939297199,28818576
3/11/2009,8.328357697,8.706467628,8.278607368,8.616914749,5.122671127,22053820
3/12/2009,8.656716347,8.885572433,8.427861214,8.815919876,5.240977287,22754808
3/13/2009,8.945274353,9.044775963,8.626866341,8.776119232,5.217317581,31841415
3/16/2009,8.845770836,8.955224037,8.636816025,8.686567307,5.164079666,19030479
3/17/2009,8.616914749,8.955224037,8.587064743,8.935322762,5.311963558,19631469
3/18/2009,8.706467628,9.174128532,8.636816025,9.034826279,5.371115685,28117588
3/19/2009,8.865672112,8.955224037,8.597015381,8.736317635,5.193656445,25133040
3/20/2009,8.706467628,8.815919876,8.427861214,8.477611542,5.039858341,17253137
3/23/2009,8.75621891,9.24378109,8.75621891,9.233831406,5.489421844,27297508
3/24/2009,9.134327888,9.233831406,9.024875641,9.064677238,5.388862133,19207861
3/25/2009,9.024875641,9.333333015,8.815919876,8.965173721,5.329705715,19927039
3/26/2009,9.024875641,9.27363205,8.805970192,9.27363205,5.513083935,22208791
3/27/2009,9.253730774,9.263682365,9.054725647,9.203980446,5.471675396,13612926
3/30/2009,8.985074997,9.134327888,8.716418266,8.845770836,5.258724689,15611569
3/31/2009,8.965173721,9.094527245,8.885572433,8.905472755,5.29421854,18072915
4/1/2009,8.875621796,9.452735901,8.736317635,9.333333015,5.548575401,26935708
4/2/2009,9.582090378,10.28855705,9.54228878,10.18905544,6.057291985,44326932
4/3/2009,10.0696516,10.23880577,9.810944557,10.23880577,6.08686924,27183742
4/6/2009,9.840796471,9.950248718,9.572138786,9.751243591,5.797018051,22603153
4/7/2009,9.791045189,9.791045189,9.343283653,9.393034935,5.584066868,28840585
4/8/2009,9.412935257,9.582090378,9.263682365,9.54228878,5.67279768,22060252
4/9/2009,9.890546799,9.950248718,9.621891022,9.771143913,5.808850765,22287081
4/13/2009,9.850746155,9.97014904,9.502488136,9.930348396,5.903496265,15473583
4/14/2009,9.890546799,9.940299034,9.582090378,9.711442947,5.773358345,22855207
4/15/2009,9.552239418,9.621891022,9.373133659,9.54228878,5.67279768,17045202
4/16/2009,9.502488136,9.691541672,9.27363205,9.54228878,5.67279768,23473383
4/17/2009,9.462686539,9.611940384,9.194029808,9.552239418,5.678714275,17250323
4/20/2009,9.522388458,9.522388458,9.064677238,9.154229164,5.442100048,22582551
4/21/2009,9.114427567,9.412935257,8.965173721,9.134327888,5.430268764,24674760
4/22/2009,9.134327888,9.422885895,8.945274353,9.21393013,5.477591515,24398284
4/23/2009,9.27363205,9.422885895,9.044775963,9.124378204,5.4243536,21661368
4/24/2009,9.184080124,9.333333015,8.965173721,9.024875641,5.365200996,22254820
4/27/2009,8.995024681,9.323383331,8.895522118,9.094527245,5.406607628,15537099
4/28/2009,9.014925003,9.293532372,9.004975319,9.223880768,5.483507156,13509913
4/29/2009,9.701493263,10.24875641,9.601989746,10.02985096,5.962648392,42830286
4/30/2009,10.39801025,10.68656731,10.28855705,10.51741314,6.252500057,32915257
5/1/2009,10.60696507,10.72636795,10.33830833,10.72636795,6.376720905,19583229
5/4/2009,10.93532276,11.94029903,10.90547276,11.78109455,7.00374651,47961414
5/5/2009,11.25373077,11.30348301,10.90547276,11.10447788,6.601504326,39620919
5/6/2009,10.74626923,11.04477596,10.74626923,10.99502468,6.536435127,27142437
5/7/2009,10.90547276,10.96517372,10.19900513,10.33830833,6.14602232,31463334
5/8/2009,10.46766186,10.59701538,10.19900513,10.38805962,6.175601959,18521748
5/11/2009,9.751243591,10.45771122,9.751243591,10.31840801,6.134194374,20052262
5/12/2009,10.30845833,10.36815929,9.90049839,10.09950161,6.00405407,22283262
5/13/2009,10.00994968,10.15920353,9.253730774,9.960199356,5.921240807,15019323
5/14/2009,9.97014904,10.31840801,9.920397758,10.24875641,6.092783451,16468131
5/15/2009,10.25870609,10.37810898,9.950248718,9.97014904,5.927155495,14695411
5/18/2009,10.11940289,10.52736282,10.11940289,10.49751186,6.240665913,12072261
5/19/2009,10.50746346,10.75621891,10.28855705,10.58706474,6.293906689,16991133
5/20/2009,10.88557243,10.88557243,10.39801025,10.46766186,6.222922802,15213690
5/21/2009,10.31840801,10.74626923,9.950248718,10.35820866,6.157853127,12958972
5/22/2009,10.3283577,10.70646763,10,10.47761154,6.22883749,11159620
5/26/2009,10.36815929,10.78606987,10.36815929,10.70646763,6.364892006,13163590
5/27/2009,10.95522404,11.17412853,10.78606987,10.86567211,6.459535122,22310698
5/28/2009,10.95522404,11.13432789,10.48756218,11.08457661,6.589671612,16257081
5/29/2009,10.83582115,11.24378109,10.76616859,10.88557243,6.471366882,17311125
6/1/2009,11.00497532,11.55223942,10.68656731,11.43283558,6.796709061,20875759
6/2/2009,11.22388077,11.33333302,10.79601955,10.82587147,6.435875416,17563681
6/3/2009,10.55721378,10.66666698,10.18905544,10.3283577,6.140108109,28823601
6/4/2009,10.20895481,10.63681602,10.13930321,10.23880577,6.08686924,24106030
6/5/2009,10.5472641,10.5472641,10.09950161,10.18905544,6.057291985,13522978
6/8/2009,10.1094532,10.20895481,9.97014904,10.15920353,6.03954649,17542878
6/9/2009,10.4378109,10.61691475,10.22885609,10.46766186,6.222922802,22870986
6/10/2009,10.61691475,10.73631763,10.29850674,10.38805962,6.175601959,15001132
6/11/2009,10.4378109,10.57711411,10.33830833,10.47761154,6.22883749,20571445
6/12/2009,10.17910385,10.24875641,9.830845833,9.990050316,5.938988209,23985229
6/15/2009,9.721392632,9.721392632,9.303483009,9.412935257,5.595897198,30128392
6/16/2009,9.462686539,9.562189102,9.074626923,9.074626923,5.394777298,35483635
6/17/2009,9.104477882,9.353234291,8.975124359,9.174128532,5.453929424,38205276
6/18/2009,9.203980446,9.373133659,9.194029808,9.253730774,5.501252174,17642976
6/19/2009,9.27363205,9.422885895,9.094527245,9.184080124,5.45984745,21701668
6/22/2009,9.164178848,9.27363205,8.975124359,9.034826279,5.371115685,17655237
6/23/2009,9.174128532,9.21393013,9.034826279,9.194029808,5.465759754,13640664
6/24/2009,9.552239418,9.681591988,9.452735901,9.492536545,5.643220425,22613505
6/25/2009,9.373133659,9.621891022,9.353234291,9.572138786,5.690543175,13455744
6/26/2009,9.562189102,9.631840706,9.393034935,9.522388458,5.660967827,8806614
6/29/2009,9.532338142,9.711442947,9.452735901,9.502488136,5.649136066,10057939
6/30/2009,9.582090378,9.631840706,9.27363205,9.363183975,5.566320896,19712371
7/1/2009,9.432835579,9.552239418,9.343283653,9.393034935,5.584066868,17364390
7/2/2009,9.283581734,9.383085251,9.233831406,9.323383331,5.542660713,14592097
7/6/2009,9.412935257,9.412935257,9.034826279,9.303483009,5.530829906,12916360
7/7/2009,9.452735901,9.552239418,9.124378204,9.154229164,5.442100048,14807871
7/8/2009,9.203980446,9.263682365,8.975124359,9.134327888,5.430268764,19251679
7/9/2009,9.393034935,9.522388458,9.323383331,9.412935257,5.595897198,20785510
7/10/2009,9.383085251,9.681591988,9.383085251,9.631840706,5.726035595,18805459
7/13/2009,9.592040062,9.711442947,9.313432693,9.641791344,5.731949806,14935204
7/14/2009,9.691541672,9.781094551,9.601989746,9.771143913,5.808850765,10728676
7/15/2009,9.770000458,9.930000305,9.649999619,9.789999962,6.103000164,19878300
7/16/2009,9.699999809,9.899999619,9.520000458,9.850000381,6.140404224,11300900
7/17/2009,9.75,10.06999969,9.649999619,9.930000305,6.190276146,16108700
7/20/2009,10.07999992,10.18000031,10,10.06000042,6.271316051,12869900
7/21/2009,10.10000038,10.18000031,9.710000038,9.869999886,6.152872562,15928000
7/22/2009,9.739999771,10.47999954,9.699999809,10.31999969,6.433396816,17207700
7/23/2009,10.32999992,10.48999977,10.22999954,10.31999969,6.433396816,23721600
7/24/2009,10.25,10.31999969,10.09000015,10.28999996,6.414694786,9402600
7/27/2009,10.31999969,10.44999981,10.10000038,10.28999996,6.414694786,10433400
7/28/2009,10.28999996,10.35999966,10.14999962,10.23999977,6.383524418,9445400
7/29/2009,10.17000008,10.18000031,10,10.10000038,6.296251297,13151600
7/30/2009,10.67000008,10.93999958,10.53999996,10.77000046,6.713924408,22562200
7/31/2009,10.78999996,10.86999989,10.43999958,10.47000027,6.526909351,18821800
8/3/2009,10.72999954,10.75,10.48999977,10.57999992,6.595479965,12038900
8/4/2009,10.53999996,10.56999969,10.39000034,10.47000027,6.526909351,9719100
8/5/2009,10.43000031,10.46000004,10.18999958,10.27999973,6.408462524,11247900
8/6/2009,10.36999989,10.53999996,10,10.15999985,6.333655357,13331100
8/7/2009,10.19999981,10.27999973,10,10.22999954,6.377292633,8923800
8/10/2009,10.21000004,10.27999973,10.06000042,10.21000004,6.364823818,7013500
8/11/2009,10.21000004,10.35999966,10.10999966,10.22000027,6.371058464,13716900
8/12/2009,10.19999981,10.56000042,10.18000031,10.42000008,6.495735645,11673100
8/13/2009,10.64000034,10.97999954,10.47999954,10.94999981,6.826133728,22142500
8/14/2009,10.81999969,11,10.47000027,10.56000042,6.583011627,13179900
8/17/2009,10.31999969,10.43000031,10.15999985,10.35000038,6.452102184,12249000
8/18/2009,10.36999989,10.44999981,10.21000004,10.39999962,6.483268261,10690300
8/19/2009,10.30000019,10.34000015,10.14999962,10.31000042,6.427163601,12395400
8/20/2009,10.18999958,10.47999954,10.18999958,10.43999958,6.50820446,8083300
8/21/2009,10.5,10.5,10.31999969,10.43999958,6.50820446,10717500
8/24/2009,10.61999989,10.81999969,10.51000023,10.77999973,6.720156193,15636700
8/25/2009,10.80000019,10.85999966,10.69999981,10.76000023,6.707691193,10449200
8/26/2009,10.82999992,10.82999992,10.44999981,10.52999973,6.564310551,14304100
8/27/2009,10.47999954,10.55000019,10.39999962,10.53999996,6.570544243,7343700
8/28/2009,10.76000023,10.89999962,10.64999962,10.77999973,6.720156193,9696200
8/31/2009,10.57999992,10.72999954,10.52999973,10.69999981,6.670284748,10937300
9/1/2009,10.85999966,11.18999958,10.51000023,10.56000042,6.583011627,20230500
9/2/2009,10.55000019,10.75,10.5,10.60999966,6.614181042,10582000
9/3/2009,10.71000004,10.75,10.52999973,10.72000027,6.682753086,9850800
9/4/2009,10.75,10.82999992,10.60000038,10.81000042,6.738859653,10076200
9/8/2009,11,11.14999962,10.96000004,11.06000042,6.894710541,13409500
9/9/2009,11,11.19999981,10.92000008,11.10000038,6.919642925,17604000
9/10/2009,11.19999981,11.19999981,10.89000034,11.13000011,6.938345432,22581000
9/11/2009,11.18000031,11.19999981,10.85000038,10.93000031,6.813668251,14758300
9/14/2009,10.88000011,10.88000011,10.72000027,10.78999996,6.726391315,10950300
9/15/2009,10.89999962,10.94999981,10.80000019,10.90999985,6.801199436,8424900
9/16/2009,10.97999954,11.02999973,10.85000038,11,6.857304096,19386500
9/17/2009,11,11.03999996,10.84000015,10.89000034,6.788731575,19546400
9/18/2009,10.86999989,11,10.80000019,10.86999989,6.776260376,15003000
9/21/2009,10.84000015,10.88000011,10.73999977,10.77000046,6.713924408,16159100
9/22/2009,10.84000015,10.98999977,10.77000046,10.88000011,6.782497406,15338400
9/23/2009,10.80000019,10.88000011,10.75,10.77000046,6.713924408,16297500
9/24/2009,10.80000019,10.84000015,10.36999989,10.42000008,6.495735645,16017100
9/25/2009,10.40999985,10.52999973,10.39000034,10.44999981,6.51444006,10537400
9/28/2009,10.53999996,10.89000034,10.48999977,10.69999981,6.670284748,18422500
9/29/2009,10.93000031,10.98999977,10.72000027,10.78999996,6.726391315,18984700
9/30/2009,11,11.06999969,10.80000019,10.96000004,6.83236742,27449600
10/1/2009,10.93000031,10.98999977,10.52999973,10.55000019,6.576778412,24258400
10/2/2009,10.38000011,10.48999977,10.18000031,10.35000038,6.452102184,17399800
10/5/2009,10.35000038,10.5,10.31999969,10.42000008,6.495735645,12091700
10/6/2009,10.43999958,10.56999969,10.34000015,10.36999989,6.464567184,23505700
10/7/2009,10.18000031,10.25,10.05000019,10.17000008,6.339890957,28978000
10/8/2009,10.18999958,10.19999981,9.869999886,9.920000076,6.1840415,60267100
10/9/2009,9.970000267,10.11999989,9.970000267,10.05000019,6.265081882,28774400
10/12/2009,10.09000015,10.15999985,9.869999886,9.909999847,6.177806854,18448300
10/13/2009,10.01000023,10.22000027,9.930000305,10.19999981,6.35859108,32475400
10/14/2009,10.47999954,10.47999954,10.25,10.35000038,6.452102184,29421100
10/15/2009,10.27000046,10.34000015,10.02000046,10.06000042,6.271316051,33561500
10/16/2009,9.989999771,9.989999771,9.729999542,9.829999924,6.127935886,28068700
10/19/2009,9.949999809,10.01000023,9.880000114,9.930000305,6.190276146,24560300
10/20/2009,10,10.02999973,9.850000381,9.930000305,6.190276146,26659600
10/21/2009,9.970000267,10.40999985,9.920000076,10.19999981,6.35859108,40126400
10/22/2009,10.11999989,10.27999973,10.02999973,10.18000031,6.346123219,16077100
10/23/2009,10.14999962,10.22999954,10,10.01000023,6.240148544,21380000
10/26/2009,10.13000011,10.14999962,9.970000267,10.02000046,6.246380806,36695500
10/27/2009,10.09000015,10.13000011,9.75,9.869999886,6.152872562,30691100
10/28/2009,9.850000381,9.920000076,9.600000381,9.619999886,5.997023106,26203000
10/29/2009,9.779999733,9.960000038,9.729999542,9.909999847,6.177806854,15226500
10/30/2009,9.819999695,9.850000381,9.390000343,9.539999962,5.947152138,37967500
11/2/2009,9.739999771,9.739999771,9.420000076,9.579999924,5.972089291,32200500
11/3/2009,9.5,9.579999924,9.350000381,9.510000229,5.928451538,19438900
11/4/2009,9.56000042,9.779999733,9.56000042,9.680000305,6.034427166,22544400
11/5/2009,9.720000267,9.880000114,9.649999619,9.789999962,6.103000164,22592700
11/6/2009,9.75,9.909999847,9.710000038,9.789999962,6.103000164,15232000
11/9/2009,9.81000042,9.970000267,9.75,9.949999809,6.202743053,9987000
11/10/2009,10.10999966,10.18000031,9.979999542,10.02000046,6.246380806,17089600
11/11/2009,10.19999981,10.46000004,10.11999989,10.44999981,6.51444006,35230800
11/12/2009,10.35999966,10.52000046,10.34000015,10.44999981,6.51444006,20016400
11/13/2009,10.43000031,10.61999989,10.39000034,10.59000015,6.601714134,19700600
11/16/2009,10.82999992,10.92000008,10.73999977,10.80000019,6.7326231,22942900
11/17/2009,10.64000034,10.73999977,10.52999973,10.68999958,6.664052486,17113900
11/18/2009,10.64000034,10.82999992,10.63000011,10.77999973,6.720156193,9765200
11/19/2009,10.53999996,10.63000011,10.27000046,10.42000008,6.495735645,30733700
11/20/2009,10.26000023,10.40999985,10.26000023,10.39000034,6.477036476,9168600
11/23/2009,10.51000023,10.63000011,10.47000027,10.51000023,6.55184269,7806400
11/24/2009,10.48999977,10.56000042,10.39999962,10.40999985,6.489502907,8482000
11/25/2009,10.5,10.52000046,10.43000031,10.47999954,6.533140182,5773200
11/27/2009,10.10000038,10.36999989,10.07999992,10.31000042,6.427163601,5924900
11/30/2009,10.27999973,10.5,10.26000023,10.39000034,6.477036476,8545200
12/1/2009,10.52000046,10.60999966,10.47999954,10.51000023,6.55184269,10236400
12/2/2009,10.43000031,10.85999966,10.43000031,10.85999966,6.770030022,26319200
12/3/2009,10.81999969,10.81999969,10.55000019,10.59000015,6.601714134,18637600
12/4/2009,10.64000034,10.85000038,10.64000034,10.80000019,6.7326231,16975400
12/7/2009,10.85999966,10.93000031,10.77999973,10.88000011,6.782497406,13526100
12/8/2009,10.77999973,10.90999985,10.75,10.84000015,6.757563114,10102300
12/9/2009,10.94999981,10.96000004,10.78999996,10.89999962,6.794966221,11882900
12/10/2009,10.82999992,10.97000027,10.72999954,10.93000031,6.813668251,16557000
12/11/2009,10.88000011,10.98999977,10.67000008,10.72999954,6.688988209,10867200
12/14/2009,10.77999973,10.89999962,10.77999973,10.82999992,6.751327038,11616700
12/15/2009,10.77999973,10.90999985,10.72000027,10.80000019,6.7326231,10312600
12/16/2009,10.82999992,11.01000023,10.80000019,10.84000015,6.757563114,13210700
12/17/2009,10.82999992,10.94999981,10.71000004,10.80000019,6.7326231,15242300
12/18/2009,11.09000015,11.23999977,10.96000004,11.10999966,6.925876617,16244600
12/21/2009,11.14999962,11.30000019,11.10000038,11.14999962,6.950811386,16776100
12/22/2009,11.22000027,11.39999962,11.18000031,11.28999996,7.038085938,17628600
12/23/2009,11.32999992,11.35999966,11.14999962,11.14999962,6.950811386,8462600
12/24/2009,11.34000015,11.34000015,11.19999981,11.27000046,7.025620937,4289500
12/28/2009,11.30000019,11.30000019,11.14000034,11.15999985,6.957044125,3766700
12/29/2009,11.31999969,11.31999969,11.21000004,11.23999977,7.006917477,7957200
12/30/2009,11.27000046,11.31999969,11.22000027,11.27999973,7.031853676,5800100
12/31/2009,11.26000023,11.5,11.25,11.43999958,7.131595135,7414700
1/4/2010,11.48999977,11.68999958,11.47000027,11.57999992,7.218869686,8096400
1/5/2010,11.60000038,11.65999985,11.46000004,11.52999973,7.187701702,14375900
1/6/2010,11.56000042,11.60999966,11.38000011,11.48999977,7.162765026,13608400
1/7/2010,11.40999985,11.43999958,11.06999969,11.10999966,6.925876617,27346600
1/8/2010,11.14000034,11.22000027,11.02999973,11.10000038,6.919642925,16895300
1/11/2010,11.14999962,11.23999977,10.88000011,11.03999996,6.882240295,22214500
1/12/2010,10.88000011,10.93000031,10.60999966,10.69999981,6.670284748,20863400
1/13/2010,10.71000004,11.01000023,10.71000004,10.97999954,6.844835281,13482300
1/14/2010,11.01000023,11.01000023,10.85999966,10.86999989,6.776260376,8692400
1/15/2010,10.93999958,10.93999958,10.56000042,10.60000038,6.607949257,15426400
1/19/2010,10.68000031,10.98999977,10.60999966,10.96000004,6.83236742,14898100
1/20/2010,10.89999962,10.90999985,10.71000004,10.80000019,6.7326231,13604800
1/21/2010,10.85999966,10.93000031,10.56000042,10.59000015,6.601714134,13943800
1/22/2010,10.51000023,10.55000019,10.09000015,10.09000015,6.290019512,21017600
1/25/2010,10.09000015,10.39000034,10.09000015,10.14999962,6.327420712,20606500
1/26/2010,10.15999985,10.18000031,9.949999809,10,6.233912945,21913300
1/27/2010,10.02999973,10.14000034,9.93999958,9.989999771,6.227678299,22963800
1/28/2010,10.18000031,10.19999981,9.890000343,10.05000019,6.265081882,40246500
1/29/2010,10.23999977,10.36999989,10.10000038,10.15999985,6.333655357,30073000
2/1/2010,10.14000034,10.28999996,9.920000076,10.07999992,6.283783436,23074400
2/2/2010,10.07999992,10.07999992,9.899999619,9.960000038,6.208976269,18259200
2/3/2010,9.979999542,10.14000034,9.920000076,10.06000042,6.271316051,14829600
2/4/2010,10.02000046,10.05000019,9.600000381,9.680000305,6.034427166,18370700
2/5/2010,9.600000381,9.710000038,9.399999619,9.56000042,5.959619522,33731000
2/8/2010,9.699999809,9.739999771,9.430000305,9.609999657,5.99078989,25173000
2/9/2010,9.699999809,9.819999695,9.550000191,9.600000381,5.984556198,29316300
2/10/2010,9.600000381,9.729999542,9.510000229,9.699999809,6.046895504,17525600
2/11/2010,9.739999771,9.909999847,9.600000381,9.890000343,6.16533947,13726100
2/12/2010,9.789999962,9.850000381,9.649999619,9.710000038,6.05313015,13563900
2/16/2010,9.75,9.920000076,9.720000267,9.909999847,6.177806854,9532800
2/17/2010,9.949999809,10.06000042,9.899999619,10.02000046,6.246380806,13959400
2/18/2010,10.06000042,10.10000038,9.909999847,10.06000042,6.271316051,5162700
2/19/2010,10.05000019,10.09000015,9.920000076,10.02000046,6.246380806,8055100
2/22/2010,10.02999973,10.09000015,9.979999542,10,6.233912945,8422700
2/23/2010,10.02999973,10.02999973,9.779999733,9.850000381,6.140404224,18118100
2/24/2010,9.850000381,9.960000038,9.75,9.819999695,6.121703148,13237600
2/25/2010,9.75,9.789999962,9.56000042,9.75,6.078065872,18311800
2/26/2010,9.729999542,9.779999733,9.640000343,9.75,6.078065872,9389800
3/1/2010,9.909999847,10,9.890000343,9.949999809,6.202743053,13623900
3/2/2010,10.02000046,10.10000038,9.899999619,9.949999809,6.202743053,12070900
3/3/2010,10.06000042,10.06999969,9.81000042,9.859999657,6.146637917,13229000
3/4/2010,9.770000458,9.909999847,9.75,9.869999886,6.152872562,21949000
3/5/2010,9.989999771,10.14999962,9.960000038,10.13000011,6.314953327,17723700
3/8/2010,10.18999958,10.25,10.14999962,10.22999954,6.377292633,16149800
3/9/2010,10.18999958,10.34000015,10.15999985,10.25,6.389760971,14016900
3/10/2010,10.23999977,10.5,10.21000004,10.34000015,6.445866585,12284500
3/11/2010,10.35999966,10.5,10.30000019,10.5,6.545608521,18740500
3/12/2010,10.44999981,10.48999977,10.25,10.32999992,6.439631939,12629000
3/15/2010,10.23999977,10.25,10.06999969,10.14000034,6.321187019,11265700
3/16/2010,10.14000034,10.32999992,10.10999966,10.28999996,6.414694786,9673400
3/17/2010,10.35999966,10.47000027,10.34000015,10.42000008,6.495735645,12314400
3/18/2010,10.46000004,10.47999954,10.22000027,10.34000015,6.445866585,13981900
3/19/2010,10.09000015,10.34000015,10.07999992,10.09000015,6.290019512,12898200
3/22/2010,10.09000015,10.23999977,10.03999996,10.18000031,6.346123219,9479200
3/23/2010,10.19999981,10.28999996,10.14999962,10.27000046,6.402227402,19340200
3/24/2010,10.22999954,10.40999985,10.19999981,10.32999992,6.439631939,19698700
3/25/2010,10.35000038,10.55000019,10.35000038,10.42000008,6.495735645,19470300
3/26/2010,10.44999981,10.55000019,10.31999969,10.35999966,6.458333492,12750500
3/29/2010,10.48999977,10.53999996,10.39000034,10.53999996,6.570544243,11552600
3/30/2010,10.56999969,10.61999989,10.46000004,10.55000019,6.576778412,12009000
3/31/2010,10.43999958,10.52000046,10.36999989,10.48999977,6.539374828,14117800
4/1/2010,10.55000019,10.68999958,10.51000023,10.60000038,6.607949257,14763900
4/5/2010,10.65999985,10.77999973,10.42000008,10.72999954,6.688988209,7253500
4/6/2010,10.73999977,10.84000015,10.71000004,10.82999992,6.751327038,11816500
4/7/2010,10.86999989,10.97999954,10.81000042,10.85000038,6.763794899,11937000
4/8/2010,10.77000046,10.77000046,10.57999992,10.61999989,6.620415688,12801000
4/9/2010,10.71000004,10.75,10.51000023,10.61999989,6.620415688,13105600
4/12/2010,10.67000008,10.68999958,10.59000015,10.59000015,6.601714134,9900000
4/13/2010,10.53999996,10.69999981,10.51000023,10.67000008,6.651583672,10261700
4/14/2010,10.82999992,11.25,10.81999969,11.25,7.013151646,30646800
4/15/2010,11.18999958,11.23999977,11.07999992,11.13000011,6.938345432,9173500
4/16/2010,10.98999977,11.01000023,10.68999958,10.85000038,6.763794899,18171100
4/19/2010,10.73999977,10.89999962,10.65999985,10.84000015,6.757563114,14212400
4/20/2010,10.88000011,11.02000046,10.82999992,10.89999962,6.794966221,9802900
4/21/2010,10.89000034,10.93000031,10.64999962,10.84000015,6.757563114,15628700
4/22/2010,10.68000031,10.97999954,10.64999962,10.97000027,6.838603497,15815900
4/23/2010,10.97999954,10.97999954,10.80000019,10.96000004,6.83236742,9076800
4/26/2010,11.03999996,11.10999966,10.94999981,10.98999977,6.851070881,10142500
4/27/2010,10.89000034,10.89000034,10.56000042,10.60000038,6.607949257,27248500
4/28/2010,10.73999977,10.75,10.39999962,10.5,6.545608521,19735700
4/29/2010,10.53999996,10.60000038,10.44999981,10.56000042,6.583011627,13022300
4/30/2010,10.59000015,10.64999962,10.46000004,10.59000015,6.601714134,15450600
5/3/2010,10.67000008,10.69999981,10.52999973,10.65999985,6.645350933,7652600
5/4/2010,10.60000038,10.60000038,10.02000046,10.09000015,6.290019512,24852400
5/5/2010,10.02999973,10.09000015,9.829999924,9.960000038,6.208976269,20044100
5/6/2010,9.960000038,10.09000015,9.5,9.770000458,6.09053421,23946100
5/7/2010,9.899999619,10.01000023,9.670000076,9.890000343,6.16533947,26579400
5/10/2010,10.19999981,10.35000038,10.09000015,10.30000019,6.420929432,18143800
5/11/2010,10.10000038,10.31999969,10.09000015,10.17000008,6.339890957,18171300
5/12/2010,10.27000046,10.30000019,10.18000031,10.22999954,6.377292633,13240200
5/13/2010,10.26000023,10.35000038,10.18000031,10.25,6.389760971,21054500
5/14/2010,10.13000011,10.22999954,9.710000038,9.869999886,6.152872562,28096300
5/17/2010,9.930000305,10.02000046,9.659999847,9.970000267,6.215210438,12911500
5/18/2010,10,10.06999969,9.649999619,9.729999542,6.065598011,15891600
5/19/2010,9.75,9.909999847,9.659999847,9.819999695,6.121703148,17018300
5/20/2010,9.680000305,9.760000229,9.550000191,9.630000114,6.003258228,21177100
5/21/2010,9.5,9.869999886,9.43999958,9.789999962,6.103000164,15401200
5/24/2010,9.710000038,9.81000042,9.600000381,9.600000381,5.984556198,11426900
5/25/2010,9.5,9.569999695,9.300000191,9.569999695,5.965852737,24248400
5/26/2010,9.680000305,9.75,9.460000038,9.460000038,5.897280216,19653400
5/27/2010,9.600000381,9.909999847,9.600000381,9.890000343,6.16533947,13802100
5/28/2010,9.979999542,9.979999542,9.729999542,9.75,6.078065872,13449800
6/1/2010,9.729999542,9.979999542,9.68999958,9.850000381,6.140404224,21414800
6/2/2010,9.949999809,10.07999992,9.800000191,10.07999992,6.283783436,13858300
6/3/2010,10.11999989,10.14000034,9.850000381,9.909999847,6.177806854,26076500
6/4/2010,9.739999771,9.869999886,9.579999924,9.619999886,5.997023106,22816300
6/7/2010,9.800000191,9.800000191,9.390000343,9.430000305,5.878580093,11634200
6/8/2010,9.489999771,9.529999733,9.31000042,9.510000229,5.928451538,14852800
6/9/2010,9.590000153,9.800000191,9.529999733,9.56000042,5.959619522,16636100
6/10/2010,9.739999771,9.880000114,9.699999809,9.789999962,6.103000164,14853400
6/11/2010,9.770000458,9.899999619,9.699999809,9.800000191,6.109235287,11804600
6/14/2010,9.81000042,10.01000023,9.800000191,9.850000381,6.140404224,11076100
6/15/2010,9.949999809,10.31000042,9.909999847,10.27000046,6.402227402,15912000
6/16/2010,10.14999962,10.39000034,10.10999966,10.31000042,6.427163601,10921300
6/17/2010,10.34000015,10.35999966,10.18000031,10.28999996,6.414694786,8265000
6/18/2010,10.23999977,10.35000038,10.18000031,10.19999981,6.35859108,8883200
6/21/2010,10.34000015,10.47999954,10.28999996,10.35999966,6.458333492,15083600
6/22/2010,10.34000015,10.42000008,10.06999969,10.09000015,6.290019512,11366800
6/23/2010,10.14000034,10.22999954,10.02000046,10.14999962,6.327420712,9204200
6/24/2010,10.11999989,10.11999989,9.890000343,9.93999958,6.196508408,16327900
6/25/2010,10.02000046,10.10000038,9.949999809,10.02000046,6.246380806,7108000
6/28/2010,10.05000019,10.14000034,9.930000305,10.03999996,6.25884819,7603500
6/29/2010,9.930000305,9.930000305,9.699999809,9.81000042,6.115468502,15553400
6/30/2010,9.840000153,9.989999771,9.720000267,9.760000229,6.084298134,15959300
7/1/2010,9.770000458,9.840000153,9.600000381,9.789999962,6.103000164,13232900
7/2/2010,9.829999924,9.979999542,9.75,9.890000343,6.16533947,12921200
7/6/2010,9.710000038,9.989999771,9.710000038,9.840000153,6.439545155,19171800
7/7/2010,9.850000381,10.05000019,9.819999695,10,6.544251919,12954000
7/8/2010,10,10.13000011,9.920000076,10.09000015,6.603151798,13385700
7/9/2010,10.09000015,10.18000031,10.01000023,10.14999962,6.642415047,5183700
7/12/2010,10.10000038,10.17000008,10.06999969,10.06999969,6.590059757,8052800
7/13/2010,10.13000011,10.18000031,10.06999969,10.14000034,6.635872841,9159500
7/14/2010,10.22999954,10.22999954,10.06000042,10.14999962,6.642415047,15869300
7/15/2010,10.09000015,10.17000008,10.03999996,10.14999962,6.642415047,9778200
7/16/2010,10.09000015,10.14999962,9.899999619,9.920000076,6.49189806,16100800
7/19/2010,10.02000046,10.14999962,10.01000023,10.13000011,6.629328251,8440800
7/20/2010,10.06000042,10.31000042,9.970000267,10.30000019,6.740578651,12519100
7/21/2010,10.27999973,10.30000019,10.06999969,10.10000038,6.609693527,12529700
7/22/2010,10.18000031,10.39999962,10.18000031,10.38000011,6.792933464,13268600
7/23/2010,10.38000011,10.5,10.30000019,10.46000004,6.845285416,9314200
7/26/2010,10.47000027,10.56999969,10.35000038,10.56999969,6.917275906,7232800
7/27/2010,10.57999992,10.60000038,10.43000031,10.43999958,6.832197666,10941500
7/28/2010,10.46000004,10.59000015,10.40999985,10.46000004,6.845285416,8376000
7/29/2010,10.43000031,10.51000023,10.18000031,10.18000031,6.662047386,21033800
7/30/2010,10.14000034,10.18999958,10,10.10000038,6.609693527,18087100
8/2/2010,10.21000004,10.38000011,10.15999985,10.26000023,6.714401245,13442600
8/3/2010,10.25,10.31999969,10.18000031,10.22999954,6.694769382,12634000
8/4/2010,10.27999973,10.31999969,10.11999989,10.22000027,6.688224792,16752800
8/5/2010,10.14000034,10.17000008,10.06000042,10.11999989,6.622783184,14172000
8/6/2010,10.03999996,10.07999992,9.890000343,9.960000038,6.518073559,16262400
8/9/2010,10.05000019,10.05000019,9.930000305,9.949999809,6.511529922,10843000
8/10/2010,9.899999619,9.989999771,9.850000381,9.930000305,6.498441696,14168100
8/11/2010,9.850000381,9.880000114,9.710000038,9.729999542,6.367557049,18577100
8/12/2010,9.670000076,9.850000381,9.659999847,9.770000458,6.393735409,17729600
8/13/2010,9.760000229,9.890000343,9.670000076,9.699999809,6.347924232,14238000
8/16/2010,9.649999619,9.859999657,9.630000114,9.770000458,6.393735409,7452100
8/17/2010,9.840000153,9.930000305,9.729999542,9.880000114,6.4657197,12328800
8/18/2010,9.880000114,9.890000343,9.720000267,9.770000458,6.393735409,11861300
8/19/2010,9.770000458,9.829999924,9.609999657,9.640000343,6.3086586,19439300
8/20/2010,9.680000305,9.770000458,9.649999619,9.680000305,6.334835529,9000500
8/23/2010,9.68999958,9.800000191,9.680000305,9.68999958,6.341378689,9888100
8/24/2010,9.609999657,9.670000076,9.460000038,9.539999962,6.243216515,17847400
8/25/2010,9.470000267,9.539999962,9.319999695,9.470000267,6.197407722,12023400
8/26/2010,9.460000038,9.5,9.399999619,9.430000305,6.171229839,12119600
8/27/2010,9.529999733,9.670000076,9.390000343,9.649999619,6.315204144,9931700
8/30/2010,9.609999657,9.68999958,9.390000343,9.420000076,6.164683819,12539800
8/31/2010,9.399999619,9.470000267,9.319999695,9.399999619,6.1515975,16359400
9/1/2010,9.470000267,9.640000343,9.420000076,9.579999924,6.269393921,14118900
9/2/2010,9.569999695,9.619999886,9.43999958,9.470000267,6.197407722,20201800
9/3/2010,9.590000153,9.770000458,9.590000153,9.770000458,6.393735409,11390200
9/7/2010,9.729999542,9.729999542,9.479999542,9.5,6.217038631,18467000
9/8/2010,9.539999962,9.539999962,9.43999958,9.520000458,6.230128288,11263500
9/9/2010,9.590000153,9.630000114,9.470000267,9.510000229,6.223583221,8783500
9/10/2010,9.5,9.550000191,9.43999958,9.479999542,6.203950405,9389500
9/13/2010,9.770000458,9.899999619,9.75,9.859999657,6.45263195,18223400
9/14/2010,9.800000191,9.960000038,9.779999733,9.930000305,6.498441696,8323500
9/15/2010,9.819999695,9.93999958,9.789999962,9.880000114,6.4657197,6151600
9/16/2010,9.850000381,9.989999771,9.81000042,9.960000038,6.518073559,12894300
9/17/2010,9.979999542,10.05000019,9.890000343,9.909999847,6.485353947,7967400
9/20/2010,9.949999809,10.06999969,9.93999958,10.06999969,6.590059757,12612700
9/21/2010,10.10000038,10.10000038,9.880000114,9.899999619,6.47880888,14590000
9/22/2010,9.909999847,9.920000076,9.770000458,9.800000191,6.413367271,33047200
9/23/2010,9.649999619,9.75,9.579999924,9.659999847,6.321745396,29309800
9/24/2010,9.81000042,10.01000023,9.720000267,9.979999542,6.531162262,29744500
9/27/2010,9.970000267,9.979999542,9.880000114,9.890000343,6.472265244,12822100
9/28/2010,9.890000343,10.10000038,9.850000381,10.09000015,6.603151798,12307000
9/29/2010,10.10000038,10.35999966,10.07999992,10.27999973,6.727490902,20805700
9/30/2010,10.23999977,10.38000011,10.11999989,10.14000034,6.635872841,11830400
10/1/2010,10.21000004,10.27000046,10.11999989,10.25,6.707858086,11123000
10/4/2010,10.27000046,10.34000015,10.11999989,10.21000004,6.681679726,13630400
10/5/2010,10.23999977,10.42000008,10.22000027,10.40999985,6.812565327,13253400
10/6/2010,10.35999966,10.40999985,10.26000023,10.30000019,6.740578651,10742000
10/7/2010,10.30000019,10.35000038,10.19999981,10.27999973,6.727490902,7504600
10/8/2010,10.30000019,10.38000011,10.19999981,10.35999966,6.779844761,6281600
10/11/2010,10.32999992,10.38000011,10.27000046,10.34000015,6.766757011,5766600
10/12/2010,10.27999973,10.32999992,10.14999962,10.27000046,6.720947266,7488800
10/13/2010,10.31999969,10.47000027,10.31000042,10.43000031,6.825655937,11061700
10/14/2010,10.43000031,10.48999977,10.35000038,10.36999989,6.786389828,12535900
10/15/2010,10.47000027,10.47999954,10.26000023,10.34000015,6.766757011,12457200
10/18/2010,10.27000046,10.32999992,10.22000027,10.30000019,6.740578651,12978800
10/19/2010,10.21000004,10.31000042,10.13000011,10.19999981,6.675136566,12066600
10/20/2010,10.28999996,10.38000011,10.22000027,10.32999992,6.760212421,8634100
10/21/2010,10.39000034,10.47999954,10.31000042,10.40999985,6.812565327,25208900
10/22/2010,10.43999958,10.60000038,10.39999962,10.60000038,6.936909676,10628800
10/25/2010,10.68999958,10.72999954,10.60999966,10.68000031,6.98926115,15294700
10/26/2010,10.60999966,10.68999958,10.56999969,10.61999989,6.949996948,5179200
10/27/2010,10.61999989,10.68999958,10.57999992,10.64999962,6.969626427,11037100
10/28/2010,10.86999989,10.88000011,10.71000004,10.76000023,7.041616917,14111000
10/29/2010,10.73999977,10.93999958,10.69999981,10.90999985,7.139779091,13152000
11/1/2010,10.90999985,11,10.85000038,10.89000034,7.126692772,6265100
11/2/2010,10.93999958,10.93999958,10.77999973,10.84000015,7.093972206,9680200
11/3/2010,10.90999985,10.94999981,10.82999992,10.93000031,7.152868748,8804800
11/4/2010,11,11.26000023,10.97000027,11.26000023,7.368825912,13522900
11/5/2010,11.23999977,11.23999977,11.10000038,11.18000031,7.316473484,10642900
11/8/2010,11.14000034,11.14000034,10.98999977,11,7.19867754,8276300
11/9/2010,11.18999958,11.28999996,11.10000038,11.14000034,7.29029417,16399400
11/10/2010,11.21000004,11.25,11.11999989,11.25,7.36228466,11618500
11/11/2010,11.10000038,11.14999962,11,11.06000042,7.237943649,10698900
11/12/2010,10.98999977,11.09000015,10.93999958,11.05000019,7.231398106,8284200
11/15/2010,11.14000034,11.18000031,11.06000042,11.06000042,7.237943649,6752600
11/16/2010,11.02000046,11.06000042,10.81999969,10.85999966,7.107056618,8229300
11/17/2010,10.89999962,10.96000004,10.84000015,10.89000034,7.126692772,10309200
11/18/2010,10.97999954,11.10000038,10.97999954,11.03999996,7.224854946,8092800
11/19/2010,11.01000023,11.07999992,10.94999981,11.07999992,7.251031399,3746400
11/22/2010,11.02000046,11.14999962,10.96000004,11.13000011,7.283753872,7839900
11/23/2010,10.98999977,11,10.72000027,10.73999977,7.028525829,11475400
11/24/2010,10.88000011,11.01000023,10.82999992,11,7.19867754,10324000
11/26/2010,10.90999985,11.02000046,10.89000034,11,7.19867754,4490900
11/29/2010,10.93999958,10.98999977,10.71000004,10.81000042,7.074336052,17495900
11/30/2010,10.73999977,10.80000019,10.71000004,10.75,7.035069466,16522500
12/1/2010,10.96000004,11.13000011,10.89999962,11.10999966,7.270663261,22671000
12/2/2010,11.22000027,11.57999992,11.21000004,11.53999996,7.552067757,27885800
12/3/2010,11.60000038,12,11.55000019,11.97000027,7.833470821,22780100
12/6/2010,11.97000027,11.98999977,11.82999992,11.89000034,7.781111717,7499700
12/7/2010,11.97999954,12,11.82999992,11.82999992,7.741850376,9644900
12/8/2010,11.88000011,11.94999981,11.85000038,11.90999985,7.794205189,10947000
12/9/2010,12.09000015,12.25,12.02999973,12.02999973,7.872736931,14510700
12/10/2010,12.07999992,12.13000011,12,12.07999992,7.905455589,10002400
12/13/2010,12.09000015,12.18000031,11.89999962,11.89999962,7.787660122,11830200
12/14/2010,11.97999954,12.01000023,11.85000038,11.90999985,7.794205189,12702300
12/15/2010,12.01000023,12.17000008,11.97000027,12.11999989,7.931633949,11263900
12/16/2010,12.19999981,12.31999969,12.19999981,12.31999969,8.06251812,11049900
12/17/2010,12.48999977,12.72999954,12.44999981,12.68999958,8.304654121,21359100
12/20/2010,12.46000004,12.52000046,12.28999996,12.32999992,8.069062233,9499500
12/21/2010,12.43000031,12.47999954,12.31999969,12.39000034,8.108329773,10978600
12/22/2010,12.35999966,12.44999981,12.26000023,12.30000019,8.04942894,7865300
12/23/2010,12.30000019,12.31999969,12.19999981,12.22999954,8.00361824,5750600
12/27/2010,12.31999969,12.35000038,12.22999954,12.31000042,8.055975914,3890700
12/28/2010,12.27000046,12.32999992,12.19999981,12.23999977,8.010163307,5232200
12/29/2010,12.26000023,12.43000031,12.21000004,12.31000042,8.055975914,9312400
12/30/2010,12.35000038,12.42000008,12.32999992,12.39999962,8.114869118,4270200
12/31/2010,12.43000031,12.53999996,12.39000034,12.53999996,8.206493378,4216200
1/3/2011,12.56000042,12.68999958,12.53999996,12.59000015,8.23921299,7040600
1/4/2011,12.60000038,12.63000011,12.43999958,12.63000011,8.265389442,9709800
1/5/2011,12.5,12.55000019,12.23999977,12.35999966,8.08869648,9777300
1/6/2011,12.5,12.92000008,12.44999981,12.86999989,8.422452927,23936600
1/7/2011,12.90999985,13.10000038,12.88000011,13.06999969,8.553338051,20593300
1/10/2011,13.10999966,13.27000046,13.06000042,13.22000027,8.651497841,16293600
1/11/2011,13.47999954,13.52000046,13.31000042,13.42000008,8.78238678,18268900
1/12/2011,13.52999973,13.56000042,13.38000011,13.51000023,8.841286659,11785800
1/13/2011,13.52000046,13.56000042,13.27000046,13.36999989,8.74966526,12088500
1/14/2011,13.42000008,13.68999958,13.35000038,13.68000031,8.952534676,15034100
1/18/2011,13.68000031,13.81999969,13.52000046,13.55000019,8.867462158,14698500
1/19/2011,13.77000046,13.85000038,13.52999973,13.52999973,8.854375839,20552600
1/20/2011,13.36999989,13.43999958,13.21000004,13.26000023,8.677679062,24561200
1/21/2011,13.31000042,13.39000034,13.22999954,13.27000046,8.684218407,23532600
1/24/2011,13.32999992,13.48999977,13.18000031,13.44999981,8.802017212,12170300
1/25/2011,13.27000046,13.38000011,13.22000027,13.22000027,8.651497841,16607200
1/26/2011,13.32999992,13.32999992,13.21000004,13.23999977,8.664589882,19606400
1/27/2011,13.31999969,13.55000019,13.19999981,13.31000042,8.710400581,23444900
1/28/2011,13.48999977,13.48999977,13.09000015,13.10999966,8.579517365,22928500
1/31/2011,13.11999989,13.15999985,13.02999973,13.06999969,8.553338051,17718200
2/1/2011,13.26000023,13.31000042,13.18000031,13.21000004,8.644958496,17957000
2/2/2011,13.23999977,13.43999958,13.19999981,13.34000015,8.730031967,12598000
2/3/2011,13.39999962,13.42000008,13.26000023,13.35999966,8.74311924,7536700
2/4/2011,13.39000034,13.63000011,13.31999969,13.61999989,8.913271904,13293400
2/7/2011,13.63000011,13.73999977,13.57999992,13.65999985,8.939446449,15960600
2/8/2011,13.52000046,13.60000038,13.35999966,13.42000008,8.78238678,11827600
2/9/2011,13.26000023,13.42000008,13.09000015,13.09000015,8.566427231,13696400
2/10/2011,12.92000008,12.96000004,12.73999977,12.84000015,8.402819633,26351400
2/11/2011,12.76000023,12.97999954,12.64000034,12.93999958,8.468261719,11393100
2/14/2011,12.96000004,12.96000004,12.86999989,12.89000034,8.435541153,8005900
2/15/2011,12.76000023,12.86999989,12.73999977,12.81999969,8.389732361,7291100
2/16/2011,12.86999989,12.96000004,12.81999969,12.89000034,8.435541153,14544900
2/17/2011,12.88000011,13.06999969,12.81999969,13.06999969,8.553338051,16609200
2/18/2011,13.06999969,13.09000015,12.78999996,12.81000042,8.383185387,15167000
2/22/2011,12.73999977,12.73999977,12.39000034,12.40999985,8.121417999,15166500
2/23/2011,12.56999969,12.59000015,12.22000027,12.27999973,8.036336899,16723100
2/24/2011,12.36999989,12.36999989,12.01000023,12.11999989,7.931633949,29988100
2/25/2011,12.25,12.35000038,12.14000034,12.28999996,8.042886734,15380300
2/28/2011,12.39000034,12.39000034,12.19999981,12.28999996,8.042886734,18334700
3/1/2011,12.53999996,12.56000042,12.17000008,12.18000031,7.970899105,15990200
3/2/2011,12.13000011,12.31000042,12.11999989,12.21000004,7.990530968,12591100
3/3/2011,12.34000015,12.35000038,12.17000008,12.26000023,8.023251534,15442000
3/4/2011,12.38000011,12.5,12.32999992,12.40999985,8.121417999,20278800
3/7/2011,12.40999985,12.43000031,12.06999969,12.19999981,7.983987331,15430100
3/8/2011,12.35000038,12.47000027,12.34000015,12.35000038,8.082149506,19209600
3/9/2011,12.36999989,12.63000011,12.26000023,12.52000046,8.19340229,25862200
3/10/2011,12.22999954,12.25,12.05000019,12.10999966,7.925089359,17514200
3/11/2011,12.05000019,12.26000023,12.03999996,12.21000004,7.990530968,13547700
3/14/2011,12.02999973,12.19999981,12.02000046,12.15999985,7.957808971,8602600
3/15/2011,11.75,11.92000008,11.60999966,11.90999985,7.794205189,14192300
3/16/2011,11.81000042,11.90999985,11.32999992,11.43000031,7.480080605,39189200
3/17/2011,11.55000019,11.72999954,11.55000019,11.60999966,7.597876549,13507100
3/18/2011,11.80000019,11.81999969,11.57999992,11.75,7.689495087,13015000
3/21/2011,11.89000034,12.05000019,11.88000011,11.93999958,7.81383419,15205300
3/22/2011,11.93000031,11.93999958,11.80000019,11.81999969,7.735302925,10850100
3/23/2011,11.88000011,12.06000042,11.72000027,12.03999996,7.879279613,17840300
3/24/2011,12.13000011,12.31000042,12.02999973,12.27999973,8.036336899,16177100
3/25/2011,12.31999969,12.32999992,12.18999958,12.23999977,8.010163307,10185100
3/28/2011,12.26000023,12.35999966,12.10000038,12.17000008,7.964353561,7657800
3/29/2011,12.06999969,12.09000015,12.01000023,12.06000042,7.89236784,25880800
3/30/2011,12.13000011,12.14999962,12.02000046,12.10999966,7.925089359,13372800
3/31/2011,12.31000042,12.34000015,12.09000015,12.18000031,7.970899105,13090900
4/1/2011,12.26000023,12.27999973,12.15999985,12.21000004,7.990530968,10752900
4/4/2011,12.22000027,12.26000023,12.14999962,12.18000031,7.970899105,9660700
4/5/2011,12.31000042,12.51000023,12.30000019,12.46000004,8.154138565,20534300
4/6/2011,12.69999981,12.82999992,12.68000031,12.77000046,8.357011795,12934700
4/7/2011,12.69999981,12.81000042,12.64999962,12.72000027,8.324288368,8459300
4/8/2011,12.72999954,12.85000038,12.63000011,12.64999962,8.278478622,7510900
4/11/2011,12.53999996,12.57999992,12.42000008,12.51000023,8.186858177,9431600
4/12/2011,12.32999992,12.38000011,12.14999962,12.22999954,8.00361824,8548900
4/13/2011,12.35000038,12.36999989,12.22999954,12.26000023,8.023251534,11613700
4/14/2011,12.18000031,12.35000038,12.17000008,12.31000042,8.055975914,11826400
4/15/2011,12.27000046,12.30000019,12.13000011,12.21000004,7.990530968,6326500
4/18/2011,12.11999989,12.13000011,11.86999989,11.94999981,7.820381641,11477300
4/19/2011,11.98999977,12.01000023,11.85000038,11.96000004,7.826924324,17106500
4/20/2011,12.38000011,12.44999981,12.27000046,12.44999981,8.147592545,16936700
4/21/2011,12.53999996,12.61999989,12.51000023,12.56000042,8.21958065,14928000
4/25/2011,12.48999977,12.52000046,12.22999954,12.27999973,8.036336899,11027600
4/26/2011,12.35999966,12.56000042,12.31999969,12.56000042,8.21958065,11100000
4/27/2011,12.82999992,13.35000038,12.64999962,13.28999996,8.697311401,44473500
4/28/2011,13.18000031,13.47999954,13.15999985,13.40999985,8.775841713,31618300
4/29/2011,13.38000011,13.5,13.31999969,13.5,8.834740639,15371600
5/2/2011,13.51000023,13.56999969,13.43999958,13.51000023,8.841286659,16884100
5/3/2011,13.5,13.56000042,13.38000011,13.46000004,8.808564186,18363000
5/4/2011,13.48999977,13.5,13.31000042,13.43999958,8.795475006,16035100
5/5/2011,13.47999954,13.68999958,13.44999981,13.55000019,8.867462158,17851100
5/6/2011,13.65999985,13.89000034,13.65999985,13.75,8.998346329,19126000
5/9/2011,13.80000019,13.80000019,13.60000038,13.67000008,8.945993423,16039800
5/10/2011,13.59000015,13.78999996,13.55000019,13.75,8.998346329,11120200
5/11/2011,13.67000008,13.81000042,13.47999954,13.5,8.834740639,12408500
5/12/2011,13.47999954,13.93999958,13.47999954,13.81999969,9.044154167,26161400
5/13/2011,13.81999969,13.84000015,13.53999996,13.59000015,8.893637657,12839300
5/16/2011,13.52999973,13.68000031,13.47000027,13.47000027,8.815107346,13765000
5/17/2011,13.46000004,13.60000038,13.27999973,13.39000034,8.762752533,21091500
5/18/2011,13.48999977,13.60999966,13.47999954,13.52999973,8.854375839,11029700
5/19/2011,13.52999973,13.53999996,13.35999966,13.44999981,8.802017212,8295100
5/20/2011,13.43999958,13.48999977,13.31999969,13.40999985,8.775841713,8234400
5/23/2011,13.22000027,13.26000023,13.09000015,13.11999989,8.586061478,14639200
5/24/2011,13.18000031,13.35999966,13.14000034,13.14999962,8.605689049,15758800
5/25/2011,13.10999966,13.26000023,13.06999969,13.17000008,8.618779182,11050400
5/26/2011,13.17000008,13.39000034,13.13000011,13.34000015,8.730031967,15105200
5/27/2011,13.35999966,13.43999958,13.21000004,13.26000023,8.677679062,10229900
5/31/2011,13.64999962,13.75,13.44999981,13.65999985,8.939446449,17418500
6/1/2011,13.72999954,13.78999996,13.60000038,13.68000031,8.952534676,17616700
6/2/2011,13.72000027,13.77999973,13.64999962,13.69999981,8.965624809,12586800
6/3/2011,13.67000008,13.77999973,13.59000015,13.64000034,8.926359177,9232000
6/6/2011,13.63000011,13.80000019,13.59000015,13.68000031,8.952534676,10591300
6/7/2011,13.78999996,14.05000019,13.77999973,13.88000011,9.083421707,14722000
6/8/2011,13.89999962,13.89999962,13.64000034,13.72000027,8.978713036,14932900
6/9/2011,13.72000027,13.72999954,13.31999969,13.56000042,8.874004364,14243900
6/10/2011,13.39999962,13.43999958,13,13.05000019,8.540247917,30974300
6/13/2011,13.05000019,13.09000015,12.96000004,12.98999977,8.500981331,13034200
6/14/2011,13.26000023,13.36999989,13.25,13.32999992,8.723487854,12413100
6/15/2011,13.21000004,13.35000038,13.10999966,13.11999989,8.586061478,18221700
6/16/2011,13.09000015,13.15999985,12.90999985,13,8.507530212,16911900
6/17/2011,13.10000038,13.10999966,12.67000008,12.72000027,8.324288368,18469400
6/20/2011,12.81999969,12.93999958,12.73999977,12.89999962,8.44208622,10737600
6/21/2011,13.03999996,13.27999973,13.01000023,13.27000046,8.684218407,13390400
6/22/2011,13.14999962,13.14999962,12.90999985,12.92000008,8.455176353,16821800
6/23/2011,12.68000031,12.89000034,12.5,12.84000015,8.402819633,18140700
6/24/2011,12.64999962,12.69999981,12.35999966,12.39999962,8.114869118,26052200
6/27/2011,12.39000034,12.60000038,12.32999992,12.52999973,8.199949265,27858400
6/28/2011,12.60000038,12.81999969,12.56999969,12.81999969,8.389732361,32005100
6/29/2011,12.46000004,12.5,12.26000023,12.35000038,8.423149109,16606000
6/30/2011,12.53999996,12.71000004,12.44999981,12.60999966,8.600479126,20957200
7/1/2011,12.59000015,12.92000008,12.59000015,12.90999985,8.805091858,17024900
7/5/2011,12.85000038,12.85000038,12.61999989,12.72000027,8.675502777,10336700
7/6/2011,12.63000011,12.64000034,12.39999962,12.52999973,8.545916557,20917400
7/7/2011,12.64999962,12.85999966,12.56000042,12.76000023,8.702786446,20138900
7/8/2011,12.64000034,12.64999962,12.34000015,12.61999989,8.607300758,13968700
7/11/2011,12.47000027,12.56000042,12.34000015,12.36999989,8.43679142,10239400
7/12/2011,12.31000042,12.32999992,12.11999989,12.23999977,8.348129272,16394900
7/13/2011,12.46000004,12.68999958,12.39999962,12.43999958,8.48453331,17094300
7/14/2011,12.40999985,12.43000031,12.09000015,12.14999962,8.286743164,17778000
7/15/2011,12.25,12.31000042,12.10000038,12.22000027,8.334486008,11521800
7/18/2011,12.14000034,12.18000031,12.02999973,12.14000034,8.279922485,14976100
7/19/2011,12.09000015,12.27999973,12,12.22000027,8.334486008,13348100
7/20/2011,12.46000004,12.53999996,12.35999966,12.47000027,8.504994392,8756200
7/21/2011,12.47000027,12.68000031,12.42000008,12.56999969,8.573197365,8316300
7/22/2011,12.60000038,12.97999954,12.60000038,12.97999954,8.852834702,16438500
7/25/2011,12.72000027,12.81999969,12.60000038,12.75,8.69596386,24419600
7/26/2011,12.81000042,13.05000019,12.80000019,12.89999962,8.798271179,16114900
7/27/2011,12.82999992,12.85999966,12.52999973,12.56000042,8.566379547,19118800
7/28/2011,12.5,12.71000004,12.27999973,12.31000042,8.395869255,27805500
7/29/2011,12.31000042,12.43000031,12.22999954,12.35999966,8.429971695,20581700
8/1/2011,12.60000038,12.68999958,12.32999992,12.52999973,8.545916557,20125100
8/2/2011,12.44999981,12.46000004,12.18999958,12.18999958,8.314026833,12811200
8/3/2011,12.14000034,12.25,11.92000008,12.15999985,8.293563843,19356500
8/4/2011,12.02000046,12.14000034,11.56999969,11.57999992,7.897981167,27060800
8/5/2011,11.56000042,11.68999958,11.18000031,11.56000042,7.884337902,22109100
8/8/2011,11.18999958,11.31000042,10.84000015,10.93999958,7.46147871,18751900
8/9/2011,11.06999969,11.52000046,10.86999989,11.5,7.843419075,21818200
8/10/2011,11.31999969,11.39000034,11.05000019,11.06999969,7.550144196,19386900
8/11/2011,11.21000004,11.68999958,11.21000004,11.52000046,7.857060432,17011900
8/12/2011,11.42000008,11.55000019,11.34000015,11.46000004,7.816140652,9037700
8/15/2011,11.61999989,11.72000027,11.55000019,11.67000008,7.959366322,5535100
8/16/2011,11.48999977,11.68000031,11.39999962,11.52000046,7.857060432,11531700
8/17/2011,11.53999996,11.59000015,11.35000038,11.51000023,7.850241184,10491600
8/18/2011,11.14999962,11.21000004,10.75,11.05000019,7.536504269,21118100
8/19/2011,10.93999958,11.22000027,10.89999962,10.93999958,7.46147871,11898100
8/22/2011,11.21000004,11.31000042,11.03999996,11.23999977,7.666088104,17618100
8/23/2011,11.35999966,11.89000034,11.35999966,11.84000015,8.075311661,16565700
8/24/2011,11.78999996,11.80000019,11.52999973,11.73999977,8.007107735,14453900
8/25/2011,11.68999958,11.78999996,11.31000042,11.35000038,7.741113186,17994600
8/26/2011,11.39999962,11.85999966,11.39999962,11.81000042,8.054852486,9421300
8/29/2011,11.93000031,12.13000011,11.89999962,12.13000011,8.273101807,8293300
8/30/2011,12.02000046,12.06000042,11.89000034,11.97000027,8.163974762,7907200
8/31/2011,12.06999969,12.07999992,11.89000034,11.97000027,8.163974762,10145300
9/1/2011,11.92000008,12.06000042,11.85999966,11.89000034,8.109414101,9095900
9/2/2011,11.72000027,11.80000019,11.56999969,11.65999985,7.952548027,10719500
9/6/2011,11.39000034,11.55000019,11.31000042,11.52000046,7.857060432,12790800
9/7/2011,11.80000019,12.05000019,11.77999973,12.05000019,8.218538284,12396600
9/8/2011,11.89000034,12.10000038,11.85000038,12,8.184439659,16279000
9/9/2011,11.93999958,12.07999992,11.80000019,11.88000011,8.102593422,15057500
9/12/2011,11.76000023,11.98999977,11.69999981,11.93999958,8.14351368,12798200
9/13/2011,11.86999989,11.97999954,11.77999973,11.96000004,8.157157898,11612100
9/14/2011,11.82999992,11.93000031,11.60999966,11.81999969,8.061672211,18850400
9/15/2011,12,12.19999981,12,12.10999966,8.259462357,15916200
9/16/2011,12.35000038,12.51000023,12.26000023,12.40999985,8.464075089,15643200
9/19/2011,12.18000031,12.28999996,12.01000023,12.22000027,8.334486008,7858900
9/20/2011,12.23999977,12.28999996,12.10999966,12.11999989,8.266283035,10876500
9/21/2011,12.22000027,12.31000042,11.90999985,11.92000008,8.129873276,12460100
9/22/2011,11.52000046,11.64000034,11.39000034,11.52000046,7.857060432,24446200
9/23/2011,11.34000015,11.71000004,11.28999996,11.71000004,7.986647606,22340300
9/26/2011,11.59000015,11.64999962,11.30000019,11.56000042,7.884337902,18025300
9/27/2011,11.76000023,12.15999985,11.73999977,12.02000046,8.198077202,18203400
9/28/2011,11.93999958,12,11.77000046,11.77000046,8.027572632,11587300
9/29/2011,11.94999981,11.98999977,11.63000011,11.81000042,8.054852486,10301800
9/30/2011,11.71000004,11.80000019,11.38000011,11.43000031,7.795678139,15664200
10/3/2011,11.35000038,11.65999985,11.31000042,11.31000042,7.713830948,15931500
10/4/2011,11.26000023,11.75,11.26000023,11.73999977,8.007107735,19700000
10/5/2011,11.65999985,11.81999969,11.52999973,11.81999969,8.061672211,11445900
10/6/2011,11.73999977,11.84000015,11.55000019,11.82999992,8.068491936,16134800
10/7/2011,11.81999969,11.88000011,11.60999966,11.80000019,8.048030853,16618600
10/10/2011,11.96000004,12.03999996,11.89999962,12.02000046,8.198077202,11210000
10/11/2011,11.92000008,12.02000046,11.85000038,11.85999966,8.088950157,8253000
10/12/2011,11.97999954,12.22000027,11.96000004,12.15999985,8.293563843,10920200
10/13/2011,12.01000023,12.18000031,11.93999958,12.17000008,8.300385475,14678500
10/14/2011,12.28999996,12.32999992,12.17000008,12.30000019,8.389046669,9567900
10/17/2011,12.18999958,12.22000027,11.93999958,12.01000023,8.191259384,9357900
10/18/2011,12,12.25,11.93999958,12.21000004,8.327665329,8859600
10/19/2011,12.11999989,12.28999996,12.06000042,12.10999966,8.259462357,8569800
10/20/2011,12.02000046,12.03999996,11.64000034,11.81000042,8.054852486,13372900
10/21/2011,11.97000027,12.19999981,11.97000027,12.18000031,8.307207108,7230000
10/24/2011,12.15999985,12.48999977,12.15999985,12.47999954,8.511815071,7181400
10/25/2011,12.31999969,12.35999966,12.18000031,12.18999958,8.314026833,10456100
10/26/2011,12.32999992,12.43000031,12.11999989,12.25,8.354948044,16953200
10/27/2011,12.68999958,13.06000042,12.64000034,12.94999981,8.832371712,29647900
10/28/2011,12.84000015,12.85999966,12.71000004,12.73999977,8.689141273,13080000
10/31/2011,12.63000011,12.75,12.55000019,12.61999989,8.607300758,8923100
11/1/2011,12.34000015,12.55000019,12.22000027,12.44999981,8.491355896,14767400
11/2/2011,12.59000015,12.72999954,12.51000023,12.72000027,8.675502777,11367900
11/3/2011,12.88000011,12.93000031,12.63000011,12.89999962,8.798271179,12036400
11/4/2011,12.85000038,13.06000042,12.84000015,12.97999954,8.852834702,9961200
11/7/2011,12.93000031,13.01000023,12.80000019,13,8.866473198,7639100
11/8/2011,12.94999981,12.97999954,12.72999954,12.93000031,8.818733215,7545200
11/9/2011,12.55000019,12.65999985,12.42000008,12.47999954,8.511815071,11188800
11/10/2011,12.57999992,12.75,12.52999973,12.67000008,8.641402245,15910900
11/11/2011,12.69999981,13.02000046,12.68999958,12.94999981,8.832371712,12454400
11/14/2011,12.98999977,13.09000015,12.93000031,12.97999954,8.852834702,9046900
11/15/2011,12.94999981,13.07999992,12.85999966,13.07999992,8.921038628,10189200
11/16/2011,12.94999981,13.02000046,12.72999954,12.73999977,8.689141273,12697300
11/17/2011,12.86999989,12.86999989,12.60999966,12.71000004,8.668684006,13148200
11/18/2011,12.72000027,12.72000027,12.47999954,12.65999985,8.63458252,11364900
11/21/2011,12.5,12.61999989,12.36999989,12.56000042,8.566379547,15051900
11/22/2011,12.56000042,12.64000034,12.47999954,12.56000042,8.566379547,16107200
11/23/2011,12.35000038,12.40999985,12.14000034,12.19999981,8.320847511,11899800
11/25/2011,12.02999973,12.19999981,12,12.06999969,8.232180595,5505000
11/28/2011,12.35999966,12.57999992,12.35999966,12.55000019,8.559561729,11545800
11/29/2011,12.52999973,12.55000019,12.39000034,12.39999962,8.457252502,9364300
11/30/2011,12.77000046,12.96000004,12.68000031,12.92000008,8.81191349,18986100
12/1/2011,12.94999981,13.27000046,12.93999958,13.21000004,9.009700775,11239500
12/2/2011,13.23999977,13.35999966,13.09000015,13.11999989,8.948317528,8691500
12/5/2011,13.27000046,13.30000019,13.11999989,13.22000027,9.016522408,15855000
12/6/2011,13.05000019,13.13000011,12.92000008,12.93999958,8.825550079,13573800
12/7/2011,12.88000011,13.27999973,12.85999966,13.22000027,9.016522408,11695100
12/8/2011,13.05000019,13.21000004,12.90999985,12.93999958,8.825550079,9011500
12/9/2011,12.82999992,13.18999958,12.72000027,13.07999992,8.921038628,13774300
12/12/2011,12.88000011,12.93999958,12.72000027,12.93000031,8.818733215,9816300
12/13/2011,12.93999958,13.02999973,12.60000038,12.72000027,8.675502777,12554400
12/14/2011,12.64999962,12.80000019,12.53999996,12.55000019,8.559561729,9798500
12/15/2011,12.68999958,12.68999958,12.43000031,12.5,8.525456429,8199400
12/16/2011,12.51000023,12.80000019,12.43000031,12.76000023,8.702786446,13528100
12/19/2011,12.67000008,12.75,12.31000042,12.31999969,8.40268898,10443300
12/20/2011,12.63000011,12.80000019,12.56000042,12.65999985,8.63458252,22957200
12/21/2011,12.86999989,12.94999981,12.52000046,12.71000004,8.668684006,16766200
12/22/2011,12.78999996,12.93000031,12.75,12.90999985,8.805091858,5828300
12/23/2011,12.89000034,12.96000004,12.76000023,12.92000008,8.81191349,3709400
12/27/2011,12.90999985,13.15999985,12.86999989,13.02000046,8.880113602,4506200
12/28/2011,12.96000004,13.07999992,12.89999962,12.92000008,8.81191349,6138400
12/29/2011,12.97000027,13.05000019,12.89000034,13.02000046,8.880113602,3996700
12/30/2011,13.03999996,13.10000038,12.88000011,12.90999985,8.805091858,4183200
1/3/2012,13.10999966,13.35000038,13.06000042,13.26000023,9.043805122,8910500
1/4/2012,13.14999962,13.21000004,13.03999996,13.14000034,8.961961746,7386600
1/5/2012,13.18999958,13.27999973,13.14000034,13.26000023,9.043805122,10306100
1/6/2012,13.27000046,13.27000046,13.09000015,13.14999962,8.96877861,7775800
1/9/2012,13.14999962,13.39000034,13.13000011,13.38000011,9.125647545,7543100
1/10/2012,13.52999973,13.81999969,13.46000004,13.77000046,9.391641617,15501300
1/11/2012,13.60999966,13.69999981,13.57999992,13.65999985,9.316617012,11564800
1/12/2012,13.69999981,13.97999954,13.69999981,13.82999992,9.432562828,12716100
1/13/2012,13.76000023,13.80000019,13.59000015,13.75,9.378002167,9564100
1/17/2012,13.71000004,13.73999977,13.42000008,13.46000004,9.180210114,13523900
1/18/2012,13.61999989,13.93999958,13.61999989,13.82999992,9.432562828,14004200
1/19/2012,13.88000011,14.27000046,13.86999989,14.26000023,9.725839615,14215100
1/20/2012,14.19999981,14.26000023,13.94999981,13.97000027,9.528048515,14399700
1/23/2012,14.02000046,14.14999962,13.88000011,14.01000023,9.555333138,9998400
1/24/2012,13.89000034,14.03999996,13.85000038,13.93000031,9.500766754,9240200
1/25/2012,14.02000046,14.17000008,13.89999962,14.15999985,9.657636642,9296200
1/26/2012,14.22000027,14.43000031,14.18000031,14.22999954,9.705378532,13756900
1/27/2012,14.05000019,14.18999958,13.98999977,14.10999966,9.623534203,11038700
1/30/2012,14.06999969,14.06999969,13.85000038,13.97999954,9.53486824,9843400
1/31/2012,14.11999989,14.18999958,13.98999977,14.07999992,9.603072166,7117600
2/1/2012,14.10000038,14.27000046,14.10000038,14.18999958,9.678095818,9918300
2/2/2012,14.18999958,14.22000027,13.89999962,13.90999985,9.487127304,11380900
2/3/2012,13.81000042,14.06000042,13.80000019,14.05000019,9.582613945,11174500
2/6/2012,14.01000023,14.03999996,13.89999962,13.98999977,9.541690826,9070400
2/7/2012,13.93999958,14.14000034,13.88000011,14.05000019,9.582613945,6824400
2/8/2012,14.03999996,14.26000023,14.02000046,14.18999958,9.678095818,6962600
2/9/2012,14.19999981,14.31999969,14.06999969,14.27999973,9.739481926,9101100
2/10/2012,14.07999992,14.09000015,13.78999996,13.84000015,9.439383507,8965700
2/13/2012,14.09000015,14.15999985,13.98999977,14.10999966,9.623534203,13300700
2/14/2012,14.05000019,14.19999981,14.03999996,14.18000031,9.671279907,10985800
2/15/2012,14.30000019,14.46000004,14.25,14.31999969,9.766762733,12026600
2/16/2012,14.31999969,14.57999992,14.30000019,14.52999973,9.909990311,7762500
2/17/2012,14.63000011,14.77000046,14.55000019,14.61999989,9.971373558,7889600
2/21/2012,14.57999992,14.67000008,14.32999992,14.38000011,9.807681084,9565000
2/22/2012,14.40999985,14.5,14.30000019,14.47999954,9.875887871,7314500
2/23/2012,14.32999992,14.32999992,14.10000038,14.14000034,9.643994331,9306400
2/24/2012,14.19999981,14.39999962,14.19999981,14.36999989,9.800863266,7352500
2/27/2012,14.28999996,14.44999981,14.18000031,14.39000034,9.814505577,5314700
2/28/2012,14.44999981,14.68999958,14.44999981,14.68999958,10.01911736,7511800
2/29/2012,14.73999977,14.80000019,14.48999977,14.52000046,9.903172493,10514800
3/1/2012,14.64999962,14.68000031,14.43000031,14.64000034,9.985014915,6178400
3/2/2012,14.53999996,14.64000034,14.48999977,14.59000015,9.950910568,6143400
3/5/2012,14.43000031,14.51000023,14.22999954,14.32999992,9.773580551,6702200
3/6/2012,14.22999954,14.34000015,14.10000038,14.15999985,9.657636642,7497600
3/7/2012,14.27000046,14.44999981,14.21000004,14.39999962,9.821323395,9138800
3/8/2012,14.5,14.61999989,14.46000004,14.60999966,9.964550972,5385700
3/9/2012,14.64999962,14.67000008,14.51000023,14.60000038,9.957734108,5586600
3/12/2012,14.60000038,14.60000038,14.34000015,14.39999962,9.821323395,7423400
3/13/2012,14.60000038,14.86999989,14.55000019,14.86999989,10.14188099,6853900
3/14/2012,14.93000031,15.10999966,14.80000019,14.81000042,10.10096073,6642900
3/15/2012,14.93000031,15.02000046,14.80000019,14.93999958,10.18962669,7049200
3/16/2012,14.89000034,14.93000031,14.76000023,14.78999996,10.08731747,5240700
3/19/2012,15,15.27000046,14.85999966,15.15999985,10.33967304,7112900
3/20/2012,15.06999969,15.07999992,14.84000015,14.93999958,10.18962669,5302400
3/21/2012,15.31000042,15.43000031,15.14000034,15.21000004,10.37377357,7137700
3/22/2012,15.03999996,15.17000008,14.97999954,15.02999973,10.25100613,6137600
3/23/2012,15.17000008,15.17000008,14.96000004,14.98999977,10.22372627,6650100
3/26/2012,14.98999977,15.39999962,14.97999954,15.38000011,10.4897213,9689000
3/27/2012,15.43000031,15.51000023,15.35000038,15.36999989,10.48290062,5885600
3/28/2012,15.27999973,15.39000034,15.11999989,15.18000031,10.35331726,10838900
3/29/2012,15.02999973,15.10000038,14.96000004,15.07999992,10.28510952,7107500
3/30/2012,15.19999981,15.40999985,15.14000034,15.27999973,10.42151451,7648300
4/2/2012,15.27000046,15.52000046,15.13000011,15.39999962,10.5033617,7762700
4/3/2012,15.40999985,15.48999977,15.17000008,15.22000027,10.38059235,8125600
4/4/2012,15.09000015,15.14000034,14.84000015,15,10.2305479,6057300
4/5/2012,15.02999973,15.31000042,14.98999977,15.23999977,10.39423656,8314700
4/9/2012,14.98999977,15.10000038,14.84000015,14.85999966,10.13506126,8027100
4/10/2012,14.85999966,14.98999977,14.60000038,14.61999989,9.971373558,11512600
4/11/2012,14.77000046,14.89000034,14.77000046,14.78999996,10.08731747,6097900
4/12/2012,14.84000015,15,14.82999992,14.92000008,10.17598152,7144700
4/13/2012,15.06000042,15.22999954,14.94999981,15.10000038,10.29875183,9421500
4/16/2012,15.26000023,15.32999992,15.03999996,15.10000038,10.29875183,6344600
4/17/2012,15.14999962,15.25,15.01000023,15.21000004,10.37377357,11083600
4/18/2012,15.17000008,15.35999966,14.97999954,15.27999973,10.42151451,6028300
4/19/2012,15.35000038,15.44999981,15.14000034,15.25,10.40105629,7294800
4/20/2012,15.35000038,15.36999989,15.05000019,15.10999966,10.30556965,6731400
4/23/2012,14.89000034,14.93000031,14.73999977,14.89000034,10.15552139,7086600
4/24/2012,14.96000004,15.06000042,14.78999996,14.85999966,10.13506126,9714900
4/25/2012,15.03999996,15.03999996,14.85999966,14.90999985,10.1691637,10077400
4/26/2012,15.25,15.93999958,15.14999962,15.81999969,10.7898159,19367100
4/27/2012,15.77000046,16.14999962,15.64999962,16.14999962,11.01488876,15868000
4/30/2012,16.06999969,16.06999969,15.57999992,15.57999992,10.62612438,14862000
5/1/2012,15.60999966,15.75,15.52000046,15.52999973,10.5920248,9316000
5/2/2012,15.65999985,16.12999916,15.55000019,16.10000038,10.98078823,13476100
5/3/2012,16.04000092,16.11000061,15.65999985,15.69999981,10.70797253,9513700
5/4/2012,15.69999981,15.72000027,15.43999958,15.43999958,10.53064156,9666400
5/7/2012,15.31000042,15.5,15.23999977,15.42000008,10.51700497,8319800
5/8/2012,15.22000027,15.32999992,14.88000011,15.15999985,10.33967304,13955300
5/9/2012,15.03999996,15.30000019,14.97999954,15.13000011,10.31921196,11156700
5/10/2012,15.34000015,15.44999981,15.15999985,15.39000034,10.49654102,7212800
5/11/2012,15.19999981,15.52999973,15.19999981,15.39000034,10.49654102,7900500
5/14/2012,15.14000034,15.27000046,15.07999992,15.07999992,10.28510952,8117100
5/15/2012,15.14999962,15.17000008,14.73999977,14.78999996,10.08731747,16526100
5/16/2012,14.89000034,15.01000023,14.71000004,14.92000008,10.17598152,14335800
5/17/2012,14.81999969,14.93000031,14.67000008,14.69999981,10.02593422,11276300
5/18/2012,14.64000034,14.81999969,14.27999973,14.27999973,9.739481926,12673100
5/21/2012,14.38000011,14.48999977,14.34000015,14.42000008,9.834964752,18255500
5/22/2012,14.39000034,14.52000046,14.31000042,14.39999962,9.821323395,13708400
5/23/2012,14.02000046,14.11999989,13.85999966,14.07999992,9.603072166,12717800
5/24/2012,14.14999962,14.21000004,13.89999962,13.96000004,9.521227837,10795800
5/25/2012,13.93000031,14.10000038,13.89999962,13.97999954,9.53486824,6457500
5/29/2012,14.26000023,14.34000015,14.05000019,14.14999962,9.650814056,13769800
5/30/2012,13.96000004,13.98999977,13.81000042,13.93000031,9.500766754,10371800
5/31/2012,13.98999977,14.03999996,13.65999985,13.72999954,9.364357948,23792400
6/1/2012,13.39999962,13.43000031,13.03999996,13.06000042,8.907396317,20047900
6/4/2012,13.06999969,13.18000031,12.86999989,13.02000046,8.880113602,13534100
6/5/2012,13.06000042,13.27000046,13.02999973,13.21000004,9.009700775,12895100
6/6/2012,13.19999981,13.52000046,13.13000011,13.5,9.207490921,12973900
6/7/2012,13.64000034,13.71000004,13.48999977,13.53999996,9.23477459,11723700
6/8/2012,13.28999996,13.59000015,13.22000027,13.46000004,9.180210114,9304500
6/11/2012,13.77999973,13.89000034,13.36999989,13.40999985,9.14610672,10415400
6/12/2012,13.44999981,13.75,13.40999985,13.69999981,9.343901634,17728000
6/13/2012,13.69999981,13.69999981,13.51000023,13.55000019,9.241597176,11660300
6/14/2012,13.47000027,13.57999992,13.30000019,13.47000027,9.187031746,12390800
6/15/2012,13.44999981,13.68999958,13.43999958,13.67000008,9.323437691,6615300
6/18/2012,13.69999981,13.97000027,13.59000015,13.96000004,9.521227837,12021400
6/19/2012,13.94999981,14.15999985,13.88000011,14.10999966,9.623534203,13003500
6/20/2012,14.06999969,14.19999981,14,14.13000011,9.637174606,5594700
6/21/2012,13.98999977,14.03999996,13.52999973,13.57999992,9.262056351,12836500
6/22/2012,13.72000027,13.89000034,13.68000031,13.82999992,9.432562828,8114800
6/25/2012,13.63000011,13.68999958,13.35000038,13.38000011,9.125647545,14658900
6/26/2012,13.39000034,13.47000027,13.18000031,13.31000042,9.077903748,15803600
6/27/2012,13.48999977,13.64999962,13.39999962,13.53999996,9.23477459,11644700
6/28/2012,13.43999958,13.52000046,13.31999969,13.43999958,9.166568756,11919300
6/29/2012,13.81999969,14.07999992,13.76000023,13.96000004,9.521227837,12805700
7/2/2012,14.22000027,14.27000046,14.02000046,14.27000046,9.73265934,10545300
7/3/2012,14.35000038,14.43999958,14.27999973,14.43999958,9.848605156,5737000
7/5/2012,13.69999981,13.85999966,13.55000019,13.64999962,9.645103455,12786000
7/6/2012,13.55000019,13.59000015,13.38000011,13.5,9.539113998,14424300
7/9/2012,13.42000008,13.53999996,13.38000011,13.5,9.539113998,10952700
7/10/2012,13.35999966,13.52000046,13.23999977,13.27999973,9.383662224,16719300
7/11/2012,13.25,13.27000046,13.06999969,13.14999962,9.291804314,18558000
7/12/2012,12.86999989,12.96000004,12.73999977,12.80000019,9.044495583,12984200
7/13/2012,12.81999969,12.97999954,12.76000023,12.89000034,9.108089447,8612900
7/16/2012,12.78999996,12.84000015,12.63000011,12.67000008,8.952634811,13843600
7/17/2012,12.68999958,12.73999977,12.52000046,12.68999958,8.966765404,11144900
7/18/2012,12.59000015,13.18000031,12.59000015,13.14000034,9.284737587,19926600
7/19/2012,13.39999962,13.42000008,12.85999966,12.85999966,9.086890221,20516300
7/20/2012,12.92000008,12.92000008,12.63000011,12.64999962,8.938505173,24366500
7/23/2012,12.34000015,12.80000019,12.14000034,12.77999973,9.030361176,24666900
7/24/2012,12.65999985,12.92000008,12.60999966,12.90999985,9.122220993,18263200
7/25/2012,12.86999989,13.14999962,12.85000038,13.01000023,9.19288063,19915700
7/26/2012,13.11999989,13.43000031,13.11999989,13.35999966,9.440193176,19660800
7/27/2012,13.48999977,13.76000023,13.47000027,13.68000031,9.666302681,13812600
7/30/2012,13.52999973,13.65999985,13.32999992,13.48999977,9.532049179,9516300
7/31/2012,13.61999989,14.02999973,13.61999989,13.97000027,9.87121582,18347900
8/1/2012,13.88000011,13.94999981,13.47000027,13.88000011,9.807621956,24950500
8/2/2012,13.75,13.98999977,13.60000038,13.86999989,9.800559044,21545800
8/3/2012,14.10999966,14.19999981,13.98999977,14.18000031,10.01960278,10165300
8/6/2012,14.17000008,14.35999966,14.11999989,14.23999977,10.06200409,13239500
8/7/2012,14.21000004,14.35000038,14.14999962,14.17000008,10.012537,11280600
8/8/2012,14.10000038,14.14999962,14.03999996,14.09000015,9.956007957,10068400
8/9/2012,14.15999985,14.47000027,14.15999985,14.32999992,10.12559414,8949000
8/10/2012,14.26000023,14.5,14.26000023,14.48999977,10.23864937,12526400
8/13/2012,14.39999962,14.5,14.23999977,14.31000042,10.11145878,8447200
8/14/2012,14.44999981,14.53999996,14.36999989,14.39999962,10.17505455,7096300
8/15/2012,14.27999973,14.53999996,14.27999973,14.42000008,10.1891861,6466100
8/16/2012,14.52000046,14.52999973,14.39999962,14.44999981,10.21038437,9423100
8/17/2012,14.34000015,14.43000031,14.32999992,14.39999962,10.17505455,8674200
8/20/2012,14.39000034,14.52000046,14.31999969,14.5,10.24571419,9385100
8/21/2012,14.57999992,14.77000046,14.55000019,14.64999962,10.35170937,14315400
8/22/2012,14.5,14.56000042,14.35000038,14.39999962,10.17505455,7536500
8/23/2012,14.44999981,14.48999977,14.25,14.32999992,10.12559414,7987500
8/24/2012,14.34000015,14.43999958,14.17000008,14.36999989,10.15385628,7707100
8/27/2012,14.44999981,14.47999954,14.28999996,14.38000011,10.16092396,6884900
8/28/2012,14.32999992,14.39999962,14.27000046,14.31000042,10.11145878,5735000
8/29/2012,14.28999996,14.40999985,14.23999977,14.35000038,10.13972473,5854000
8/30/2012,14.28999996,14.34000015,14.21000004,14.25,10.06906605,7696200
8/31/2012,14.40999985,14.72000027,14.35000038,14.69999981,10.38703823,11061400
9/4/2012,14.64000034,14.69999981,14.31999969,14.38000011,10.16092396,10616400
9/5/2012,14.27000046,14.35000038,14.14999962,14.18000031,10.01960278,9397900
9/6/2012,14.30000019,14.5,14.18999958,14.40999985,10.18212128,12516400
9/7/2012,14.46000004,14.64000034,14.42000008,14.51000023,10.25278091,7940500
9/10/2012,14.56999969,14.80000019,14.53999996,14.69999981,10.38703823,11787400
9/11/2012,14.72999954,15,14.72000027,14.92000008,10.5424881,9695100
9/12/2012,14.98999977,15.02999973,14.89000034,14.97000027,10.57782078,9029500
9/13/2012,14.94999981,15.06000042,14.72000027,15.02999973,10.62021542,11231800
9/14/2012,15.23999977,15.64000034,15.17000008,15.35999966,10.85339355,9997300
9/17/2012,15.25,15.26000023,14.98999977,14.98999977,10.59195137,7884100
9/18/2012,15.14000034,15.14999962,14.93999958,15.09000015,10.66261387,9924700
9/19/2012,15.11999989,15.17000008,14.97999954,15.03999996,10.62728119,8933500
9/20/2012,14.86999989,14.94999981,14.73999977,14.80000019,10.45769691,8822200
9/21/2012,15.01000023,15.03999996,14.80000019,14.80000019,10.45769691,9381100
9/24/2012,14.78999996,14.86999989,14.73999977,14.82999992,10.47889423,8883700
9/25/2012,14.86999989,14.94999981,14.75,14.80000019,10.45769691,13185500
9/26/2012,14.80000019,15,14.80000019,14.98999977,10.59195137,14680700
9/27/2012,15.15999985,15.61999989,15.15999985,15.60000038,11.02297783,22079700
9/28/2012,15.60000038,15.82999992,15.57999992,15.81999969,11.17843151,18294000
10/1/2012,15.72999954,15.93999958,15.69999981,15.89999962,11.2349596,19411300
10/2/2012,15.97999954,16.05999947,15.85999966,16,11.30561638,17701800
10/3/2012,16.04000092,16.04999924,15.81999969,16.04999924,11.34094715,13156700
10/4/2012,16.04000092,16.17000008,16,16.15999985,11.41867256,15213900
10/5/2012,16.15999985,16.30999947,16.03000069,16.06999969,11.3550787,10687600
10/8/2012,15.84000015,15.84000015,15.47999954,15.52999973,10.9735136,12827100
10/9/2012,15.43000031,15.44999981,15.23999977,15.35999966,10.85339355,9900400
10/10/2012,15.31999969,15.39000034,15.10999966,15.11999989,10.68380737,10169200
10/11/2012,15.18999958,15.23999977,15,15.02999973,10.62021542,8288900
10/12/2012,15.13000011,15.15999985,15.05000019,15.11999989,10.68380737,11019600
10/15/2012,15.18999958,15.36999989,15.14999962,15.28999996,10.80393219,13756900
10/16/2012,15.35000038,15.5,15.30000019,15.44999981,10.91698551,10332200
10/17/2012,15.39000034,15.64999962,15.31999969,15.60000038,11.02297783,11422800
10/18/2012,15.51000023,15.60999966,15.40999985,15.55000019,10.98764801,7576200
10/19/2012,15.28999996,15.38000011,15.15999985,15.22000027,10.75446796,14543200
10/22/2012,15.23999977,15.40999985,15.22999954,15.32999992,10.83219624,8037000
10/23/2012,15.07999992,15.31000042,15.06999969,15.22000027,10.75446796,8265300
10/24/2012,15.65999985,15.73999977,15.14000034,15.14999962,10.70500469,7975800
10/25/2012,15.39999962,15.5,15.22000027,15.38000011,10.86752605,10750400
10/26/2012,15.47999954,15.65999985,15.32999992,15.5,10.9523201,9848800
10/31/2012,15.93000031,16,15.68999958,15.89999962,11.2349596,8240100
11/1/2012,15.98999977,16.20999908,15.85000038,16.11000061,11.38334465,7898500
11/2/2012,16.17000008,16.17000008,15.75,15.77000046,11.14310169,6977400
11/5/2012,15.84000015,15.89000034,15.76000023,15.88000011,11.22082424,13086400
11/6/2012,15.89000034,16.28000069,15.88000011,16.20000076,11.44693947,8769700
11/7/2012,16.04999924,16.22999954,15.97000027,16.17000008,11.42573929,16034300
11/8/2012,16.20000076,16.30999947,16.12000084,16.12999916,11.39747715,9815600
11/9/2012,16.20000076,16.48999977,16.14999962,16.36000061,11.55999088,12006600
11/12/2012,16.47999954,16.59000015,16.42000008,16.45000076,11.62358856,9216100
11/13/2012,16.29000092,16.37999916,16.14999962,16.18000031,11.43280792,10552800
11/14/2012,16.25,16.29999924,15.85999966,15.92000008,11.24909019,12734000
11/15/2012,16.04999924,16.09000015,15.90999985,16.04999924,11.34094715,6853600
11/16/2012,16.09000015,16.27000046,15.89999962,16.19000053,11.43987179,10454800
11/19/2012,16.21999931,16.34000015,16.10000038,16.34000015,11.5458622,6442400
11/20/2012,16.20000076,16.28000069,16.04000092,16.25,11.48226738,5566500
11/21/2012,16.20999908,16.32999992,16.17000008,16.26000023,11.48933315,4410400
11/23/2012,16.79999924,16.96999931,16.75,16.84000015,11.8991642,9092900
11/26/2012,16.85000038,16.85000038,16.54000092,16.62000084,11.74371243,11667800
11/27/2012,16.87000084,16.94000053,16.75,16.82999992,11.89209843,12304300
11/28/2012,16.75,16.92000008,16.67000008,16.89999962,11.94155788,9950200
11/29/2012,17,17.20000076,16.97999954,17.12999916,12.10407925,7697000
11/30/2012,17.35000038,17.46999931,17.27000046,17.27000046,12.20300007,10360100
12/3/2012,17.27000046,17.32999992,17.05999947,17.07999992,12.06874657,5731000
12/4/2012,17.04000092,17.05999947,16.73999977,16.75,11.83556843,14163100
12/5/2012,16.95000076,17.11000061,16.87999916,16.95999908,11.98395252,11844700
12/6/2012,16.97999954,17.04999924,16.94000053,17.04999924,12.0475502,7265400
12/7/2012,17.26000023,17.34000015,17,17.03000069,12.03341866,12843700
12/10/2012,16.95999908,17.07999992,16.84000015,16.87999916,11.92742634,8013500
12/11/2012,17.13999939,17.26000023,17.11000061,17.19000053,12.14647579,10565100
12/12/2012,17.23999977,17.23999977,17.03000069,17.05999947,12.05461407,8601000
12/13/2012,17.20999908,17.37000084,17.04999924,17.11000061,12.08994389,11060000
12/14/2012,17.10000038,17.12999916,16.90999985,16.95000076,11.97688961,12329200
12/17/2012,16.92000008,16.98999977,16.82999992,16.94000053,11.96982098,10028800
12/18/2012,16.86000061,17.03000069,16.76000023,16.97999954,11.99808598,9133700
12/19/2012,17.02000046,17.20000076,16.98999977,17.09000015,12.07581615,6620600
12/20/2012,17.01000023,17.12999916,16.95000076,17.10000038,12.08287811,8313900
12/21/2012,16.75,17.02000046,16.68000031,16.95000076,11.97688961,8153700
12/24/2012,16.90999985,17,16.84000015,16.93000031,11.96275806,1533500
12/26/2012,16.95000076,17.06999969,16.90999985,16.92000008,11.95569134,3234800
12/27/2012,16.97999954,17.10000038,16.81999969,16.97999954,11.99808598,6257900
12/28/2012,16.86000061,17.20000076,16.84000015,17.12999916,12.10407925,6091600
12/31/2012,17.02000046,17.20999908,16.94000053,17.15999985,12.1252737,5631600
1/2/2013,17.76000023,18.12000084,17.70000076,18.10000038,12.78948116,10226100
1/3/2013,18.27000046,18.29999924,18.01000023,18.09000015,12.78241348,13148600
1/4/2013,18.10000038,18.12000084,17.92000008,17.95999908,12.69055557,7464200
1/7/2013,17.86000061,17.86000061,17.67000008,17.70000076,12.50684166,9429900
1/8/2013,17.70999908,17.71999931,17.5,17.54000092,12.39378452,8112900
1/9/2013,17.76000023,17.93000031,17.39999962,17.54000092,12.39378452,12977400
1/10/2013,17.80999947,18.21999931,17.69000053,18.18000031,12.84600639,15772200
1/11/2013,18.07999992,18.20000076,17.92000008,18.14999962,12.82481003,12556600
1/14/2013,18.15999985,18.20000076,17.89999962,18.01000023,12.72588634,8392500
1/15/2013,17.87999916,17.94000053,17.77000046,17.88999939,12.64109516,12064700
1/16/2013,17.76000023,17.85000038,17.75,17.79999924,12.57749939,8976600
1/17/2013,18.10000038,18.35000038,17.98999977,18.26000023,12.9025383,11372400
1/18/2013,18.20999908,18.20999908,17.98999977,18.13999939,12.81774044,12608400
1/22/2013,18.10000038,18.15999985,17.98999977,18.15999985,12.83187485,11338900
1/23/2013,18.14999962,18.30999947,18.12000084,18.27000046,12.90960598,9210500
1/24/2013,18.04000092,18.06999969,17.79000092,17.80999947,12.58456421,8766400
1/25/2013,17.75,17.79000092,17.56999969,17.75,12.54216957,9410300
1/28/2013,17.70000076,17.70000076,17.51000023,17.52000046,12.37965298,13755500
1/29/2013,17.77000046,17.87000084,17.67000008,17.76000023,12.5492363,10022400
1/30/2013,17.70000076,17.85000038,17.62000084,17.79999924,12.57749939,8748500
1/31/2013,17.79000092,17.87000084,17.72999954,17.73999977,12.53510571,10751300
2/1/2013,17.88999939,18.12999916,17.87000084,18.06999969,12.76828384,8979400
2/4/2013,18.01000023,18.12999916,17.87999916,17.89999962,12.64816093,5769800
2/5/2013,17.97999954,18.21999931,17.96999931,18.18000031,12.84600639,6314500
2/6/2013,18.23999977,18.28000069,17.98999977,18.04000092,12.74708652,5810300
2/7/2013,18.05999947,18.36000061,18.02000046,18.29999924,12.93079758,8194200
2/8/2013,18.22999954,18.47999954,18.21999931,18.45000076,13.03678894,9341100
2/11/2013,18.44000053,18.56999969,18.38999939,18.47999954,13.05798817,4804300
2/12/2013,18.39999962,18.53000069,18.34000015,18.5,13.07212067,4868400
2/13/2013,18.52000046,18.54999924,18.35000038,18.40999985,13.0085268,6487300
2/14/2013,18.43000031,18.57999992,18.37000084,18.56999969,13.12158108,5087900
2/15/2013,18.54999924,18.60000038,18.48999977,18.53000069,13.0933218,5266400
2/19/2013,18.65999985,19.15999985,18.62000084,19.14999962,13.53140926,11089400
2/20/2013,19.19000053,19.25,18.86000061,18.88999939,13.34769535,9250100
2/21/2013,18.84000015,18.90999985,18.62999916,18.69000053,13.20637417,7048100
2/22/2013,18.67000008,19,18.65999985,18.89999962,13.35476017,8572300
2/25/2013,18.77000046,18.80999947,18.25,18.25,12.89547157,11474200
2/26/2013,18.05999947,18.06999969,17.69000053,17.80999947,12.58456421,18927900
2/27/2013,18,18.37000084,17.98999977,18.18000031,12.84600639,15507300
2/28/2013,18.30999947,18.5,18.12000084,18.25,12.89547157,9086700
3/1/2013,18.17000008,18.35000038,18.06999969,18.25,12.89547157,8703200
3/4/2013,17.88999939,18.17000008,17.87999916,18.13999939,12.81774044,10449900
3/5/2013,18.39999962,18.40999985,18.26000023,18.32999992,12.9519968,8628300
3/6/2013,18.29000092,18.43000031,18.07999992,18.12000084,12.80360985,9243600
3/7/2013,18.17000008,18.25,17.97999954,18.04999924,12.75414944,12116900
3/8/2013,18.17000008,18.19000053,17.79000092,17.90999985,12.65522861,9194700
3/11/2013,17.87000084,17.87999916,17.70000076,17.71999931,12.52096844,8261800
3/12/2013,17.79999924,17.89999962,17.70000076,17.72999954,12.52803802,6289800
3/13/2013,18.01000023,18.04999924,17.89999962,18,12.71881962,9987400
3/14/2013,18.04999924,18.14999962,17.86000061,18.04999924,12.75414944,7771400
3/15/2013,17.87000084,17.90999985,17.61000061,17.63999939,12.46444321,13988800
3/18/2013,17.45000076,17.45000076,17.20000076,17.23999977,12.1818037,13773100
3/19/2013,17.20999908,17.23999977,17,17.07999992,12.06874657,12270900
3/20/2013,17.13999939,17.32999992,17.10000038,17.25,12.18886757,10920000
3/21/2013,17.11000061,17.11000061,16.87000084,16.88999939,11.93449116,8847800
3/22/2013,16.90999985,17.09000015,16.87999916,17.06999969,12.0616827,5857700
3/25/2013,17.14999962,17.20999908,16.93000031,16.95000076,11.97688961,8533300
3/26/2013,16.98999977,17.11000061,16.95000076,17.06999969,12.0616827,8555300
3/27/2013,17.01000023,17.26000023,16.96999931,17.17000008,12.13234234,10581000
3/28/2013,17.11000061,17.20999908,17.03000069,17.19000053,12.14647579,11994500
4/1/2013,17.20999908,17.27000046,17.03000069,17.07999992,12.06874657,10849200
4/2/2013,17.12999916,17.22999954,17.06999969,17.11000061,12.08994389,10203600
4/3/2013,17.09000015,17.12000084,16.64999962,16.73999977,11.82850456,15742400
4/4/2013,16.72999954,16.84000015,16.64999962,16.82999992,11.89209843,11240200
4/5/2013,16.54999924,16.78000069,16.47999954,16.72999954,11.82143784,11192000
4/8/2013,16.61000061,16.86000061,16.55999947,16.84000015,11.8991642,9706100
4/9/2013,16.67000008,17.06999969,16.67000008,16.95000076,11.97688961,10358700
4/10/2013,17.04999924,17.25,16.95999908,17.19000053,12.14647579,12085500
4/11/2013,17.34000015,17.52000046,17.20999908,17.34000015,12.2524662,8494300
4/12/2013,17.23999977,17.37000084,17.10000038,17.30999947,12.23126602,7375800
4/15/2013,17.02000046,17.17000008,16.87999916,16.88999939,11.93449116,9138100
4/16/2013,17.13999939,17.29000092,17.12000084,17.23999977,12.1818037,9856000
4/17/2013,17.10000038,17.17000008,16.98999977,17.07999992,12.06874657,21226100
4/18/2013,18.13999939,18.32999992,17.88999939,17.94000053,12.67642403,24337500
4/19/2013,18.61000061,18.97999954,18.54999924,18.79999924,13.28409863,21119200
4/22/2013,18.62999916,18.77000046,18.35000038,18.5,13.07212067,20376200
4/23/2013,18.34000015,18.51000023,18.12999916,18.28000069,12.91666794,21663000
4/24/2013,18.23999977,18.53000069,18.20999908,18.44000053,13.02972507,10201900
4/25/2013,18.5,18.69000053,18.46999931,18.69000053,13.20637417,15245700
4/26/2013,18.70000076,18.80999947,18.48999977,18.53000069,13.0933218,7028200
4/29/2013,18.63999939,18.86000061,18.62000084,18.82999992,13.30529881,7825300
4/30/2013,18.86000061,19.20999908,18.81999969,19.07999992,13.48194885,12088600
5/1/2013,19.11000061,19.17000008,19.03000069,19.11000061,13.50314808,8604300
5/2/2013,19.12999916,19.54000092,19.12999916,19.53000069,13.79991817,11268200
5/3/2013,19.39999962,19.57999992,19.39999962,19.40999985,13.71512508,9254600
5/6/2013,19.48999977,19.62999916,19.47999954,19.54999924,13.81405163,5661100
5/7/2013,19.62000084,19.62000084,19.37000084,19.46999931,13.75752926,8522800
5/8/2013,19.79999924,20.28000069,19.71999931,20.20999908,14.28041077,14032800
5/9/2013,20.12000084,20.29999924,20.10000038,20.20999908,14.28041077,8912600
5/10/2013,20.10000038,20.18000031,20,20.17000008,14.25214481,7955300
5/13/2013,20.09000015,20.10000038,19.92000008,19.93000031,14.08256245,6519800
5/14/2013,19.96999931,20.04999924,19.86000061,19.88999939,14.05429935,8539100
5/15/2013,19.85000038,19.87000084,19.76000023,19.79999924,13.99070358,9222200
5/16/2013,19.60000038,19.64999962,19.45000076,19.45000076,13.74339294,10411800
5/17/2013,19.62000084,19.62000084,19.43000031,19.51000023,13.78578663,10542300
5/20/2013,19.65999985,19.67000008,19.34000015,19.37000084,13.68686771,8361000
5/21/2013,19.37999916,19.53000069,19.18000031,19.22999954,13.58793831,12950200
5/22/2013,19.20000076,19.27000046,18.82999992,18.88999939,13.34769535,12530800
5/23/2013,18.54999924,18.84000015,18.39999962,18.75,13.24877071,11028900
5/24/2013,18.75,18.87000084,18.64999962,18.86000061,13.32649612,5303600
5/28/2013,19.11000061,19.21999931,18.98999977,19.04999924,13.46075058,9106200
5/29/2013,19.02000046,19.29999924,19.02000046,19.23999977,13.5950079,13092900
5/30/2013,19.18000031,19.19000053,18.95999908,18.96999931,13.40422153,8189600
5/31/2013,18.92000008,18.92000008,18.62999916,18.65999985,13.18517494,5732400
6/3/2013,18.62999916,18.72999954,18.59000015,18.70999908,13.22050476,7736400
6/4/2013,18.70000076,19.03000069,18.69000053,18.94000053,13.38302231,10672000
6/5/2013,18.95000076,18.96999931,18.62000084,18.65999985,13.18517494,6480800
6/6/2013,18.64999962,18.73999977,18.5,18.60000038,13.14278221,6501100
6/7/2013,18.81999969,18.85000038,18.64999962,18.69000053,13.20637417,9081200
6/10/2013,18.71999931,18.94000053,18.64999962,18.80999947,13.29116631,7479600
6/11/2013,18.63999939,18.75,18.5,18.52000046,13.08625603,6397300
6/12/2013,18.63999939,18.71999931,18.29000092,18.36000061,12.97319794,8052500
6/13/2013,18.17000008,18.30999947,17.98999977,18.27000046,12.90960598,10935400
6/14/2013,18.27000046,18.32999992,17.89999962,17.98999977,12.71175098,12849000
6/17/2013,18.21999931,18.37000084,18.03000069,18.12000084,12.80360985,9447900
6/18/2013,18.23999977,18.44000053,18.12000084,18.43000031,13.0226593,5406300
6/19/2013,18.29999924,18.45999908,17.98999977,17.98999977,12.71175098,8924900
6/20/2013,17.68000031,17.70000076,17.36000061,17.40999985,12.30192471,12639600
6/21/2013,17.60000038,17.61000061,17.14999962,17.18000031,12.13940716,23104500
6/24/2013,16.78000069,17.06999969,16.61000061,16.93000031,11.96275806,13192700
6/25/2013,17.19000053,17.56999969,17.13999939,17.53000069,12.38671589,11598600
6/26/2013,17.54999924,17.70999908,17.48999977,17.63999939,12.46444321,9187600
6/27/2013,17.88999939,18.12000084,17.81999969,17.93000031,12.66935921,12208300
6/28/2013,18.29999924,18.40999985,18.20000076,18.31999969,12.94492912,12464500
7/1/2013,18.60000038,18.67000008,18.42000008,18.45000076,13.03678894,11763500
7/2/2013,18.64999962,18.85000038,18.47999954,18.5,13.07212067,12477200
7/3/2013,18.02000046,18.15999985,17.93000031,18.12000084,13.16073227,6647800
7/5/2013,18.47999954,18.54000092,18.15999985,18.20999908,13.22609711,13475100
7/8/2013,17.87000084,17.92000008,17.56999969,17.60000038,12.78305149,12284200
7/9/2013,17.86000061,18.02000046,17.80999947,17.84000015,12.95736027,9364200
7/10/2013,17.96999931,18.11000061,17.80999947,17.84000015,12.95736027,8103100
7/11/2013,18.5,18.65999985,18.46999931,18.54000092,13.46578503,13715600
7/12/2013,18.57999992,18.63999939,18.30999947,18.44000053,13.39314938,8718400
7/15/2013,18.34000015,18.48999977,18.30999947,18.39999962,13.36409855,6033700
7/16/2013,18.23999977,18.45000076,18.23999977,18.43000031,13.38588333,5607100
7/17/2013,18.43000031,18.63999939,18.38999939,18.45000076,13.4004097,12115500
7/18/2013,17.53000069,17.55999947,16.73999977,16.80999947,12.2092638,43566600
7/19/2013,16.42000008,16.52000046,15.89000034,16.48999977,11.97684574,24303600
7/22/2013,16.52000046,16.64999962,16.44000053,16.62000084,12.07126808,18796700
7/23/2013,16.96999931,17.02000046,16.70000076,16.73999977,12.15842342,14272700
7/24/2013,17.06999969,17.21999931,16.95999908,17.02000046,12.36179256,17278700
7/25/2013,17.10000038,17.19000053,17.06999969,17.18000031,12.47799969,12460600
7/26/2013,17.11000061,17.13999939,16.79999924,16.89999962,12.27463341,14971300
7/29/2013,16.85000038,16.86000061,16.68000031,16.70000076,12.12937164,5983600
7/30/2013,17.02000046,17.12999916,16.88999939,16.96999931,12.32547569,8600400
7/31/2013,17.05999947,17.11000061,16.96999931,16.97999954,12.33273983,10546900
8/1/2013,17.04000092,17.27000046,16.95999908,17.25,12.52884007,15090600
8/2/2013,17.04999924,17.04999924,16.76000023,16.79999924,12.20200348,11401700
8/5/2013,16.73999977,16.86000061,16.61000061,16.81999969,12.21653175,7301600
8/6/2013,16.65999985,16.80999947,16.56999969,16.59000015,12.04947948,13470400
8/7/2013,16.39999962,16.39999962,16.11000061,16.17000008,11.74442577,17069600
8/8/2013,16.26000023,16.27000046,16.09000015,16.21999931,11.78074265,10922600
8/9/2013,16.14999962,16.27000046,16.12999916,16.20999908,11.77347946,10587800
8/12/2013,16.17000008,16.22999954,15.97000027,16.04999924,11.65727139,14971700
8/13/2013,16.27000046,16.36000061,16.11000061,16.27000046,11.81705666,16817700
8/14/2013,16.29000092,16.29999924,16.05999947,16.05999947,11.66453552,7870800
8/15/2013,15.94999981,16.09000015,15.88000011,16,11.62095261,10792600
8/16/2013,16.11000061,16.20999908,15.97000027,15.97000027,11.59916687,10987100
8/19/2013,16,16.03000069,15.81000042,15.81000042,11.48295593,6690600
8/20/2013,15.85000038,15.97999954,15.81000042,15.82999992,11.4974823,10514800
8/21/2013,15.77000046,15.92000008,15.69999981,15.75,11.43937492,10358700
8/22/2013,15.88000011,16.12000084,15.86999989,16.05999947,11.66453552,8432900
8/23/2013,16.19000053,16.29000092,16.13999939,16.21999931,11.78074265,7465700
8/26/2013,16.18000031,16.42000008,16.15999985,16.26000023,11.80979538,7273500
8/27/2013,16.06999969,16.15999985,15.93999958,15.97999954,11.6064291,8530100
8/28/2013,16.17000008,16.29999924,16.12999916,16.26000023,11.80979538,6967400
8/29/2013,16.45999908,16.75,16.45999908,16.67000008,12.10758305,9963200
8/30/2013,16.79000092,17.10000038,16.51000023,16.55999947,12.02768517,11490100
9/3/2013,17.05999947,17.22999954,16.81999969,16.89999962,12.27463341,11182100
9/4/2013,17,17,16.75,16.86000061,12.24558067,13726500
9/5/2013,16.95999908,17.26000023,16.95000076,17.18000031,12.47799969,7738300
9/6/2013,17.22999954,17.29000092,17,17.01000023,12.35452557,6338000
9/9/2013,17.11000061,17.34000015,17.09000015,17.29999924,12.56515408,9635300
9/10/2013,17.54000092,17.54000092,17.34000015,17.47999954,12.69589138,12162900
9/11/2013,17.45000076,17.52000046,17.39999962,17.44000053,12.66684341,7063000
9/12/2013,17.38999939,17.47999954,17.21999931,17.28000069,12.55063057,5454000
9/13/2013,17.26000023,17.34000015,17.21999931,17.32999992,12.58694744,4095700
9/16/2013,17.64999962,17.76000023,17.60000038,17.62000084,12.79757977,7962200
9/17/2013,17.79999924,17.81999969,17.62000084,17.68000031,12.84115601,5369100
9/18/2013,17.47999954,17.77000046,17.35000038,17.61000061,12.79031181,14262300
9/19/2013,17.68000031,17.73999977,17.57999992,17.60000038,12.78305149,8842600
9/20/2013,17.54000092,17.61000061,17.29999924,17.30999947,12.57241726,10964700
9/23/2013,17.71999931,17.75,17.53000069,17.64999962,12.8193655,10653800
9/24/2013,17.63999939,17.69000053,17.45999908,17.55999947,12.75399494,9132700
9/25/2013,17.43000031,17.46999931,17.25,17.31999969,12.57968521,8526900
9/26/2013,17.27000046,17.32999992,17.14999962,17.31999969,12.57968521,4675400
9/27/2013,17.25,17.26000023,17.03000069,17.06999969,12.39810753,7682900
9/30/2013,16.87000084,17.12000084,16.73999977,16.95999908,12.31821156,10700100
10/1/2013,17.10000038,17.43000031,17.09000015,17.42000008,12.65231514,9771900
10/2/2013,17.39999962,17.48999977,17.20000076,17.46999931,12.68862724,7562800
10/3/2013,17.77000046,17.85000038,17.52000046,17.70000076,12.85567951,10645800
10/4/2013,17.60000038,17.75,17.54999924,17.68000031,12.84115601,4444200
10/7/2013,17.60000038,17.76000023,17.47999954,17.62000084,12.79757977,6451300
10/8/2013,17.81999969,17.96999931,17.45000076,17.45999908,12.68136406,10981400
10/9/2013,17.64999962,17.67000008,17.14999962,17.26000023,12.53610229,16482600
10/10/2013,17.43000031,17.67000008,17.42000008,17.67000008,12.83389091,10695500
10/11/2013,17.89999962,18.12000084,17.82999992,18.09000015,13.13894176,11789100
10/14/2013,17.90999985,18.04000092,17.85000038,18.01000023,13.08083534,6662100
10/15/2013,18,18.22999954,17.96999931,18.14999962,13.18251991,11212900
10/16/2013,18.17000008,18.29999924,18.13999939,18.28000069,13.2769413,15598100
10/17/2013,18.25,18.70999908,18.18000031,18.64999962,13.54567242,11722200
10/18/2013,18.75,19.15999985,18.70000076,19.07999992,13.8579874,18201700
10/21/2013,18.95000076,19.01000023,18.87000084,18.97999954,13.78535748,9149900
10/22/2013,19.05999947,19.25,19.02000046,19.15999985,13.91609287,9070100
10/23/2013,18.97999954,19,18.69000053,18.71999931,13.59651375,7310500
10/24/2013,18.79999924,18.82999992,18.57999992,18.68000031,13.56746197,10937800
10/25/2013,18.37999916,18.51000023,18.29000092,18.46999931,13.41493511,11326500
10/28/2013,18.59000015,18.70000076,18.54999924,18.61000061,13.5166235,4698300
10/29/2013,18.69000053,18.79000092,18.59000015,18.77000046,13.63283157,6290000
10/30/2013,18.75,18.90999985,18.47999954,18.57999992,13.49483395,6733800
10/31/2013,18.59000015,18.67000008,18.35000038,18.40999985,13.37136269,11222600
11/1/2013,18.53000069,18.62999916,18.39999962,18.46999931,13.41493511,6402000
11/4/2013,18.5,18.54999924,18.26000023,18.34000015,13.32051945,8109000
11/5/2013,18.12999916,18.17000008,18.04000092,18.07999992,13.13167572,9365500
11/6/2013,18.07999992,18.30999947,18.03000069,18.27000046,13.26967716,9934100
11/7/2013,18.34000015,18.35000038,18.10000038,18.12999916,13.16799259,10357600
11/8/2013,18,18.04000092,17.87000084,18.01000023,13.08083534,8990200
11/11/2013,17.84000015,17.85000038,17.70999908,17.72999954,12.87747002,6615000
11/12/2013,17.65999985,17.80999947,17.61000061,17.80999947,12.93557549,8571600
11/13/2013,17.5,17.75,17.36000061,17.61000061,12.79031181,12877300
11/14/2013,17.61000061,17.64999962,17.47999954,17.5,12.71042252,10754400
11/15/2013,17.62999916,17.77000046,17.54000092,17.65999985,12.82662582,12669700
11/18/2013,17.71999931,17.87999916,17.67000008,17.70000076,12.85567951,10210200
11/19/2013,17.84000015,17.85000038,17.54999924,17.56999969,12.76126194,8452000
11/20/2013,17.47999954,17.68000031,17.43000031,17.54999924,12.74673271,10457400
11/21/2013,17.31999969,17.35000038,16.86000061,17.02000046,12.36179256,19212800
11/22/2013,16.98999977,17.19000053,16.93000031,17.12999916,12.44168568,15826400
11/25/2013,17.18000031,17.25,17.12999916,17.17000008,12.4707365,9930300
11/26/2013,17.45000076,17.54999924,17.35000038,17.45999908,12.68136406,14337100
11/27/2013,17.65999985,17.71999931,17.51000023,17.57999992,12.76852322,13181100
11/29/2013,17.70000076,17.79000092,17.65999985,17.72999954,12.87747002,3991200
12/2/2013,17.69000053,17.75,17.36000061,17.39999962,12.63778877,12010000
12/3/2013,17.44000053,17.70000076,17.43000031,17.53000069,12.73220825,10074800
12/4/2013,17.46999931,17.64999962,17.45000076,17.54000092,12.73946953,6448500
12/5/2013,17.51000023,17.56999969,17.38999939,17.39999962,12.63778877,9852400
12/6/2013,17.52000046,17.63999939,17.5,17.62000084,12.79757977,6875100
12/9/2013,17.70000076,17.71999931,17.46999931,17.56999969,12.76126194,9100100
12/10/2013,17.44000053,17.48999977,17.31999969,17.37000084,12.61599636,9872100
12/11/2013,17.60000038,17.64999962,17.43000031,17.47999954,12.69589138,7899600
12/12/2013,17.44000053,17.47999954,17.09000015,17.12000084,12.43442059,10866900
12/13/2013,17.23999977,17.27000046,17.02000046,17.07999992,12.4053688,10409400
12/16/2013,17.11000061,17.23999977,17.10000038,17.11000061,12.42716026,7179800
12/17/2013,17.29000092,17.29999924,17.06999969,17.07999992,12.4053688,24563300
12/18/2013,17.01000023,17.04999924,16.68000031,17,12.34726238,16981600
12/19/2013,16.96999931,17.09000015,16.89999962,17.04999924,12.3835783,8418300
12/20/2013,16.93000031,17.13999939,16.87000084,16.98999977,12.33999825,7594000
12/23/2013,17.12999916,17.25,17.05999947,17.13999939,12.44894695,7667100
12/24/2013,17.14999962,17.21999931,17.07999992,17.19000053,12.48526287,2766700
12/26/2013,17.26000023,17.34000015,17.10000038,17.18000031,12.47799969,2839300
12/27/2013,17.21999931,17.28000069,17.17000008,17.26000023,12.53610229,4619200
12/30/2013,17.40999985,17.62000084,17.40999985,17.57999992,12.76852322,7808000
12/31/2013,17.46999931,17.55999947,17.38999939,17.44000053,12.66684341,7647200
1/2/2014,17.38999939,17.39999962,17.11000061,17.14999962,12.45621014,6029100
1/3/2014,17.07999992,17.15999985,16.92000008,16.95000076,12.31094933,11362700
1/6/2014,16.98999977,17.02000046,16.86000061,16.89999962,12.27463341,10370200
1/7/2014,16.89999962,16.97999954,16.82999992,16.90999985,12.28189468,13083100
1/8/2014,17.05999947,17.15999985,17.04999924,17.09000015,12.4126339,13428900
1/9/2014,16.96999931,16.98999977,16.65999985,16.76000023,12.17295074,9422200
1/10/2014,16.84000015,17.01000023,16.81999969,16.89999962,12.27463341,11148000
1/13/2014,17.01000023,17.13999939,16.89999962,16.90999985,12.28189468,10286100
1/14/2014,17.05999947,17.38999939,17.04000092,17.37999916,12.62326336,13334500
1/15/2014,17.47999954,17.70000076,17.43000031,17.55999947,12.75399494,15510900
1/16/2014,17.90999985,18.18000031,17.88999939,18.14999962,13.18251991,21768200
1/17/2014,17.96999931,17.96999931,17.70000076,17.77000046,12.90652657,14574800
1/21/2014,17.77000046,17.82999992,17.62000084,17.69000053,12.84841919,8371500
1/22/2014,17.77000046,17.97999954,17.71999931,17.95999908,13.04452038,12870700
1/23/2014,17.79999924,17.94000053,17.61000061,17.70000076,12.85567951,8872200
1/24/2014,17.71999931,17.77000046,17.51000023,17.56999969,12.76126194,12403200
1/27/2014,17.30999947,17.31999969,17.02000046,17.14999962,12.45621014,11006600
1/28/2014,17.19000053,17.26000023,17.04999924,17.15999985,12.46347237,7525700
1/29/2014,17.12000084,17.23999977,16.97999954,17.01000023,12.35452557,9378900
1/30/2014,17.12000084,17.26000023,17.10000038,17.13999939,12.44894695,7230000
1/31/2014,17,17.12000084,16.87000084,16.92000008,12.28915691,13590600
2/3/2014,17.02000046,17.11000061,16.68000031,16.77000046,12.18021107,14171700
2/4/2014,16.77000046,16.87000084,16.70000076,16.73999977,12.15842342,12321900
2/5/2014,16.62000084,16.67000008,16.44000053,16.45999908,11.95505619,14334100
2/6/2014,16.70000076,16.98999977,16.70000076,16.98999977,12.33999825,10142700
2/7/2014,17.11000061,17.27000046,17.07999992,17.15999985,12.46347237,9430700
2/10/2014,17.13999939,17.31999969,17.10000038,17.26000023,12.53610229,8003300
2/11/2014,17.29999924,17.45000076,17.19000053,17.38999939,12.63051987,9631800
2/12/2014,17.45999908,17.5,17.31999969,17.37999916,12.62326336,6962800
2/13/2014,17.25,17.52000046,17.25,17.45000076,12.67410278,6564600
2/14/2014,17.61000061,17.95999908,17.60000038,17.88999939,12.99368286,11269900
2/18/2014,17.90999985,17.94000053,17.68000031,17.79000092,12.92105198,6412700
2/19/2014,17.72999954,17.87999916,17.61000061,17.76000023,12.89925766,8702500
2/20/2014,17.60000038,17.77000046,17.45999908,17.69000053,12.84841919,11836500
2/21/2014,17.80999947,17.87000084,17.69000053,17.73999977,12.88473415,6013200
2/24/2014,17.70999908,17.79000092,17.64999962,17.69000053,12.84841919,5499200
2/25/2014,17.63999939,17.71999931,17.59000015,17.62000084,12.79757977,5944700
2/26/2014,17.63999939,17.87000084,17.62000084,17.82999992,12.95009995,9376100
2/27/2014,17.80999947,18.01000023,17.79000092,18.01000023,13.08083534,8659800
2/28/2014,18.02000046,18.14999962,17.97999954,18.06999969,13.1244154,11279600
3/3/2014,17.86000061,18.07999992,17.77000046,18.03000069,13.09536076,18168800
3/4/2014,18.05999947,18.12999916,18.01000023,18.04000092,13.10262966,12548700
3/5/2014,18.32999992,18.42000008,18.26000023,18.38999939,13.3568325,9863100
3/6/2014,18.73999977,18.88999939,18.67000008,18.87000084,13.70546436,14240300
3/7/2014,19.01000023,19.02000046,18.69000053,18.77000046,13.63283157,14153200
3/10/2014,18.70000076,18.95999908,18.67000008,18.95999908,13.77082443,10652100
3/11/2014,18.92000008,18.95999908,18.69000053,18.77000046,13.63283157,8748200
3/12/2014,18.77000046,19.48999977,18.77000046,19.43000031,14.11219883,21260500
3/13/2014,19.42000008,19.52000046,19.18000031,19.27000046,13.99598598,18414700
3/14/2014,19.13999939,19.29000092,18.88999939,18.89999962,13.72725201,13077400
3/17/2014,19.04000092,19.15999985,18.95000076,19.11000061,13.87977791,10786300
3/18/2014,19.07999992,19.20000076,19.04000092,19.18000031,13.93062305,11987400
3/19/2014,19.07999992,19.10000038,18.77000046,18.87999916,13.71272564,10596800
3/20/2014,18.54999924,18.85000038,18.46999931,18.85000038,13.69093704,13124200
3/21/2014,18.78000069,18.85000038,18.42000008,18.53000069,13.45851898,12885000
3/24/2014,18.61000061,18.67000008,18.39999962,18.63999939,13.53841114,7898200
3/25/2014,18.79000092,19.18000031,18.79000092,19.12000084,13.88703918,17129500
3/26/2014,19.26000023,19.34000015,19.07999992,19.09000015,13.86525345,10597800
3/27/2014,19,19.5,19,19.42000008,14.10493279,14222200
3/28/2014,19.45000076,19.89999962,19.45000076,19.63999939,14.26471901,11246400
3/31/2014,19.73999977,20.04000092,19.72999954,20.02000046,14.54072189,14482300
4/1/2014,20.06999969,20.36000061,20.05999947,20.31999969,14.75860882,16133600
4/2/2014,20.29999924,20.35000038,19.98999977,20.04000092,14.5552454,14875200
4/3/2014,19.95999908,20.09000015,19.79999924,19.94000053,14.48261261,14904400
4/4/2014,20.03000069,20.19000053,19.72999954,19.77000046,14.3591423,14585200
4/7/2014,19.64999962,19.80999947,19.61000061,19.73999977,14.33734894,9693500
4/8/2014,19.88999939,19.97999954,19.79000092,19.97999954,14.51166439,9181600
4/9/2014,19.95999908,20.20999908,19.95999908,20.14999962,14.63513947,9754100
4/10/2014,20.20999908,20.29999924,19.79000092,19.81999969,14.39545536,9776500
4/11/2014,19.81999969,19.95999908,19.73999977,19.88999939,14.44629955,8414400
4/14/2014,20.05999947,20.32999992,19.97999954,20.26000023,14.71503544,9819500
4/15/2014,20.32999992,20.55999947,20.05999947,20.51000023,14.89661121,22468600
4/16/2014,20.40999985,20.42000008,20.04999924,20.14999962,14.63513947,15121500
4/17/2014,20.59000015,20.92000008,20.56999969,20.71999931,15.04913521,20492800
4/21/2014,20.39999962,20.59000015,20.26000023,20.55999947,14.93292427,11525800
4/22/2014,20.37999916,20.57999992,20.35000038,20.55999947,14.93292427,11191200
4/23/2014,20.37000084,20.45999908,20.29999924,20.40999985,14.82398129,9031700
4/24/2014,20.44000053,20.60000038,20.26000023,20.55999947,14.93292427,12202800
4/25/2014,20.06999969,20.14999962,19.85000038,19.90999985,14.46082592,15474700
4/28/2014,20.12999916,20.30999947,20.05999947,20.29999924,14.74408913,14382700
4/29/2014,20.29000092,20.39999962,20.07999992,20.10000038,14.59882355,13771200
4/30/2014,19.95999908,20.10000038,19.79999924,20.10000038,14.59882355,12965700
5/1/2014,20.09000015,20.11000061,19.75,19.77000046,14.3591423,10276400
5/2/2014,19.75,19.79999924,19.62000084,19.62000084,14.25019646,11073200
5/5/2014,19.53000069,19.72999954,19.5,19.65999985,14.27925014,7061200
5/6/2014,19.78000069,20.09000015,19.72999954,20,14.52619362,10549900
5/7/2014,20.04000092,20.34000015,19.96999931,20.32999992,14.76587391,14637400
5/8/2014,20.35000038,20.59000015,20.32999992,20.51000023,14.89661121,13522200
5/9/2014,20.5,20.54999924,20.26000023,20.40999985,14.82398129,10384000
5/12/2014,20.12000084,20.59000015,20.11000061,20.59000015,14.95471478,19623700
5/13/2014,20.52000046,20.70999908,20.42000008,20.63999939,14.99102974,9547500
5/14/2014,20.70999908,20.86000061,20.54999924,20.57999992,14.94745445,10140100
5/15/2014,20.57999992,20.70000076,20.42000008,20.65999985,15.00555897,12943300
5/16/2014,20.67000008,20.81999969,20.38999939,20.77000046,15.08545303,9131200
5/19/2014,20.63999939,20.72999954,20.56999969,20.65999985,15.00555897,6459900
5/20/2014,20.53000069,20.70999908,20.45999908,20.51000023,14.89661121,4564200
5/21/2014,20.51000023,20.62000084,20.47999954,20.5,14.88934803,5629400
5/22/2014,20.56999969,20.71999931,20.53000069,20.63999939,14.99102974,6156500
5/23/2014,20.71999931,20.71999931,20.54999924,20.65999985,15.00555897,7179700
5/27/2014,20.82999992,20.95999908,20.70000076,20.88999939,15.17260647,7520300
5/28/2014,20.95000076,21.02000046,20.80999947,20.86000061,15.15081978,7761100
5/29/2014,20.85000038,20.85000038,20.63999939,20.70000076,15.03460789,6114900
5/30/2014,20.39999962,20.62999916,20.39999962,20.55999947,14.93292427,6671500
6/2/2014,20.67000008,20.69000053,20.56999969,20.65999985,15.00555897,6475000
6/3/2014,20.70000076,21.29999924,20.62999916,21.23999977,15.42681599,20116100
6/4/2014,21.21999931,21.26000023,21.07999992,21.10000038,15.32512951,10888700
6/5/2014,21.12000084,21.20999908,21.04999924,21.20000076,15.39776421,8404000
6/6/2014,21.21999931,21.22999954,21.06999969,21.09000015,15.31787205,7647900
6/9/2014,21.29000092,21.31999969,21.15999985,21.20999908,15.40502548,8131800
6/10/2014,21.19000053,21.39999962,21.12999916,21.29999924,15.47039223,7595600
6/11/2014,21.30999947,21.37000084,21.04999924,21.12999916,15.34692192,7507600
6/12/2014,21.10000038,21.21999931,20.98999977,21.11000061,15.3323946,5641600
6/13/2014,21.13999939,21.20999908,21.02000046,21.09000015,15.31787205,5705100
6/16/2014,21.09000015,21.21999931,21.06999969,21.20999908,15.40502548,4543500
6/17/2014,21.22999954,21.29999924,21.12999916,21.26000023,15.44134617,10287700
6/18/2014,21.22999954,21.44000053,21.12999916,21.35000038,15.50671291,8455000
6/19/2014,21.34000015,21.69000053,21.34000015,21.69000053,15.7536602,9709300
6/20/2014,21.47999954,21.5,21.13999939,21.14999962,15.36144733,8450400
6/23/2014,21.02000046,21.02000046,20.82999992,20.85000038,15.14355659,6105200
6/24/2014,21.05999947,21.14999962,20.75,20.78000069,15.09271717,8122200
6/25/2014,20.87999916,21.05999947,20.47999954,21.03000069,15.27429104,5486200
6/26/2014,21.05999947,21.14999962,20.90999985,21.02000046,15.26702595,5177100
6/27/2014,21.18000031,21.29999924,21.12000084,21.28000069,15.45586777,5816000
6/30/2014,21.35000038,21.45000076,21.27000046,21.38999939,15.53576374,6491200
7/1/2014,21.67000008,21.97999954,21.67000008,21.96999931,15.95701981,8655700
7/2/2014,22.36000061,22.62999916,22.26000023,22.37999916,16.25480652,10574100
7/3/2014,22.57999992,22.70999908,22.51000023,22.70999908,16.49449158,4317800
7/7/2014,22.81999969,22.87999916,22.62000084,22.67000008,16.46544075,12390700
7/8/2014,22.61000061,22.68000031,22.45999908,22.56999969,16.3928051,10319000
7/9/2014,22.45000076,22.48999977,22.32999992,22.42000008,16.28385925,12353400
7/10/2014,22.20999908,22.95000076,22.20000076,22.95000076,16.66880608,14431800
7/11/2014,23,23.06999969,22.73999977,22.80999947,16.56712341,13026000
7/14/2014,22.54000092,22.68000031,22.42000008,22.65999985,16.82853508,14313800
7/15/2014,22.56999969,22.59000015,22.23999977,22.46999931,16.68743134,10256800
7/16/2014,21.64999962,21.70000076,20.90999985,20.93000031,15.54374409,41814000
7/17/2014,20.82999992,20.82999992,20.12000084,20.20000076,15.00161457,25798200
7/18/2014,20.55999947,20.67000008,20.44000053,20.47999954,15.20955086,19052400
7/21/2014,20.52000046,20.55999947,20.39999962,20.43000031,15.17242146,17570900
7/22/2014,20.70999908,20.80999947,20.67000008,20.70999908,15.38036156,10489800
7/23/2014,20.75,20.79000092,20.63999939,20.68000031,15.35807991,11879700
7/24/2014,20.84000015,20.96999931,20.75,20.88999939,15.51403999,12694300
7/25/2014,20.63999939,20.63999939,20.29999924,20.35000038,15.1130085,12177800
7/28/2014,20.20000076,20.42000008,20.12999916,20.37000084,15.12786102,12681000
7/29/2014,20.67000008,20.79999924,20.53000069,20.54000092,15.25410748,9895500
7/30/2014,20.73999977,20.78000069,20.61000061,20.71999931,15.38778782,9957300
7/31/2014,20.18000031,20.28000069,19.92000008,20,14.85308075,16332100
8/1/2014,20.03000069,20.29999924,20.03000069,20.20000076,15.00161457,9833500
8/4/2014,20.55999947,20.62000084,20.35000038,20.51000023,15.2318306,9836300
8/5/2014,20.01000023,20.04999924,19.68000031,19.79999924,14.70454121,13411900
8/6/2014,19.95999908,20.11000061,19.88999939,20.04000092,14.88278294,9394300
8/7/2014,20.10000038,20.23999977,19.87000084,19.90999985,14.7862339,8653500
8/8/2014,19.96999931,20.03000069,19.71999931,19.79000092,14.69712257,19783100
8/11/2014,20.01000023,20.17000008,20.01000023,20.04999924,14.8902092,10054400
8/12/2014,20.10000038,20.11000061,19.89999962,19.98999977,14.84564686,9283800
8/13/2014,20.32999992,20.45000076,20.27000046,20.32999992,15.09815598,11932500
8/14/2014,20.54999924,20.60000038,20.45999908,20.53000069,15.24668503,6287000
8/15/2014,20.54999924,20.54999924,20.29999924,20.45000076,15.18727398,7212400
8/18/2014,20.43000031,20.48999977,20.34000015,20.46999931,15.20212173,4432100
8/19/2014,20.63999939,20.80999947,20.63999939,20.73999977,15.4026432,7677200
8/20/2014,20.73999977,20.89999962,20.71999931,20.84000015,15.47690582,10026700
8/21/2014,20.71999931,20.79000092,20.59000015,20.62000084,15.3135252,10642500
8/22/2014,20.73999977,21,20.73999977,20.82999992,15.46947479,11389900
8/25/2014,20.85000038,20.87000084,20.64999962,20.68000031,15.35807991,9991200
8/26/2014,20.70999908,20.85000038,20.63999939,20.79999924,15.44719601,7830700
8/27/2014,20.92000008,20.95000076,20.69000053,20.90999985,15.5288887,12153100
8/28/2014,20.71999931,20.93000031,20.59000015,20.90999985,15.5288887,7620800
8/29/2014,20.95000076,20.95000076,20.80999947,20.94000053,15.55117321,5322800
9/2/2014,21.02000046,21.26000023,20.98999977,21.07999992,15.65514088,8116900
9/3/2014,21.28000069,21.37999916,21.17000008,21.35000038,15.85565853,9850200
9/4/2014,21.31999969,21.37999916,21.18000031,21.19000053,15.73683548,8057900
9/5/2014,21.12999916,21.19000053,20.97999954,21.18000031,15.72941017,5969000
9/8/2014,21.17000008,21.18000031,21.01000023,21.06999969,15.64771748,6724200
9/9/2014,21.06999969,21.20000076,20.97999954,21.04999924,15.63286591,7312400
9/10/2014,20.79999924,21.07999992,20.75,21.03000069,15.61800957,6244800
9/11/2014,20.82999992,20.94000053,20.73999977,20.89999962,15.52146149,7389100
9/12/2014,20.73999977,20.76000023,20.28000069,20.34000015,15.10557747,15136400
9/15/2014,20.46999931,20.46999931,20.22999954,20.23999977,15.03131199,8072900
9/16/2014,20.22999954,20.59000015,20.13999939,20.47999954,15.20955086,8209000
9/17/2014,20.55999947,20.72999954,20.54000092,20.62000084,15.3135252,6456800
9/18/2014,20.70000076,20.95999908,20.64999962,20.92000008,15.53631401,8889700
9/19/2014,20.87999916,20.95000076,20.5,20.52000046,15.23925591,8952700
9/22/2014,20.43000031,20.45000076,20.20000076,20.36000061,15.1204319,12063100
9/23/2014,20.29000092,20.47999954,20.28000069,20.34000015,15.10557747,9091000
9/24/2014,20.5,20.63999939,20.45000076,20.59000015,15.29124546,9684500
9/25/2014,20.32999992,20.37000084,20.05999947,20.11000061,14.93477154,12835200
9/26/2014,20.07999992,20.20000076,20.06999969,20.13999939,14.95705032,11396400
9/29/2014,19.93000031,20.03000069,19.75,19.95000076,14.81594658,12150400
9/30/2014,19.89999962,20.19000053,19.80999947,20.18000031,14.98675728,15357400
10/1/2014,20.18000031,20.22999954,19.98999977,20.10000038,14.92734146,16100700
10/2/2014,20.10000038,20.40999985,19.93000031,20.29000092,15.06845188,22937000
10/3/2014,20.61000061,20.89999962,20.53000069,20.82999992,15.46947479,19548800
10/6/2014,20.89999962,20.90999985,20.70000076,20.81999969,15.46205521,19804800
10/7/2014,20.69000053,20.73999977,20.36000061,20.37999916,15.13528728,9473500
10/8/2014,20.17000008,20.65999985,20.12000084,20.60000038,15.29866695,12264600
10/9/2014,20.77000046,20.78000069,20.40999985,20.46999931,15.20212173,10846800
10/10/2014,20.18000031,20.21999931,19.38999939,19.44000053,14.43719101,28668600
10/13/2014,19.80999947,20.11000061,19.62000084,19.67000008,14.60800171,14696600
10/14/2014,19.88999939,20.37999916,19.85000038,20.13999939,14.95705032,21296600
10/15/2014,19.71999931,20.25,19.45000076,20.06999969,14.90506458,20760400
10/16/2014,20.22999954,21.09000015,20.19000053,20.71999931,15.38778782,30662100
10/17/2014,20.54999924,20.81999969,20.54999924,20.71999931,15.38778782,14809100
10/20/2014,20.79000092,20.98999977,20.62999916,20.87000084,15.49919033,11512400
10/21/2014,20.93000031,21.46999931,20.79999924,21.38999939,15.88536644,17393800
10/22/2014,21.60000038,21.70000076,21.19000053,21.23999977,15.77396488,14927700
10/23/2014,21.32999992,21.42000008,21.12999916,21.29999924,15.81853008,10095300
10/24/2014,21.01000023,21.19000053,20.88999939,21.18000031,15.72941017,8800200
10/27/2014,21.31999969,21.39999962,21.11000061,21.36000061,15.86308956,11136800
10/28/2014,21.45000076,21.60000038,21.34000015,21.59000015,16.03389359,11058800
10/29/2014,21.56999969,21.65999985,21.44000053,21.59000015,16.03389359,9201700
10/30/2014,21.48999977,21.54000092,21.01000023,21.11000061,15.67741966,12181300
10/31/2014,21.69000053,22.12999916,21.69000053,22.02000046,16.35324287,19615000
11/3/2014,21.97999954,21.97999954,21.75,21.89999962,16.26411819,10560900
11/4/2014,21.98999977,22,21.76000023,21.95000076,16.30125809,8881100
11/5/2014,22.05999947,22.18000031,21.84000015,22.03000069,16.36067009,8994500
11/6/2014,22.04000092,22.05999947,21.71999931,21.79999924,16.18985367,6782500
11/7/2014,21.81999969,21.87000084,21.61000061,21.81999969,16.20470619,7835600
11/10/2014,22.10000038,22.32999992,22.09000015,22.26000023,16.53147507,7833800
11/11/2014,22.36000061,22.39999962,22.10000038,22.20000076,16.48691368,6580400
11/12/2014,21.78000069,22.06999969,21.75,22.04999924,16.37551498,11788800
11/13/2014,22.26000023,22.42000008,22.15999985,22.34000015,16.59088516,10891000
11/14/2014,22.44000053,22.46999931,22.30999947,22.39999962,16.63544846,8233100
11/17/2014,22.17000008,22.20000076,21.78000069,21.90999985,16.27154922,16309900
11/18/2014,21.76000023,22.11000061,21.70000076,22.04999924,16.37551498,13347000
11/19/2014,22.34000015,22.63999939,22.23999977,22.53000069,16.73199463,14975100
11/20/2014,22.60000038,22.81999969,22.52000046,22.76000023,16.90280724,11797500
11/21/2014,22.95000076,23.10000038,22.88999939,23.05999947,17.125597,11661000
11/24/2014,22.86000061,23.01000023,22.75,22.94000053,17.03647995,9042000
11/25/2014,22.94000053,23.06999969,22.87000084,22.90999985,17.01420021,6605100
11/26/2014,22.98999977,23.23999977,22.93000031,23.18000031,17.21471596,7688400
11/28/2014,23.32999992,23.54000092,23.12000084,23.46999931,17.43008423,6019000
12/1/2014,23.20000076,23.21999931,22.84000015,22.94000053,17.03647995,7990200
12/2/2014,22.67000008,22.69000053,22.44000053,22.56999969,16.76169586,9853000
12/3/2014,22.75,23.07999992,22.57999992,22.93000031,17.02905273,16566400
12/4/2014,22.89999962,22.93000031,22.70000076,22.81999969,16.9473629,6130000
12/5/2014,22.76000023,22.79999924,22.54999924,22.73999977,16.88794518,7679900
12/8/2014,22.78000069,22.89999962,22.38999939,22.5,16.70970535,9404100
12/9/2014,22.28000069,22.60000038,22.06999969,22.57999992,16.76912689,9606600
12/10/2014,22.45000076,22.45000076,22.17000008,22.19000053,16.47949028,10065400
12/11/2014,22,22.37000084,21.92000008,22.13999939,16.44235611,11096100
12/12/2014,22.12999916,22.21999931,21.96999931,21.96999931,16.3161087,11335100
12/15/2014,22.19000053,22.38999939,21.88999939,21.94000053,16.29382896,14120700
12/16/2014,21.80999947,21.85000038,21.43000031,21.44000053,15.92249584,11179200
12/17/2014,21.26000023,21.64999962,21.15999985,21.63999939,16.07102966,13146600
12/18/2014,22.04999924,22.21999931,21.71999931,21.79000092,16.18243408,10804900
12/19/2014,22.48999977,22.54999924,21.98999977,22.20000076,16.48691368,11708000
12/22/2014,22.27000046,22.57999992,22.21999931,22.37000084,16.61316872,4714700
12/23/2014,22.21999931,22.37000084,22.20000076,22.20999908,16.49434471,6055100
12/24/2014,22.23999977,22.51000023,22.21999931,22.35000038,16.59832001,1975600
12/26/2014,22.53000069,22.54000092,22.27000046,22.30999947,16.56860542,2634900
12/29/2014,22.65999985,22.75,22.37999916,22.37999916,16.62059021,3737200
12/30/2014,22.32999992,22.55999947,22.31999969,22.44000053,16.6651516,4791900
12/31/2014,22.47999954,22.63999939,22.32999992,22.37999916,16.62059021,3877200
1/2/2015,22.45000076,22.45999908,22,22.28000069,16.54632568,6074100
1/5/2015,22.13999939,22.17000008,21.70999908,21.73999977,16.145298,9031800
1/6/2015,21.31999969,21.57999992,21.15999985,21.36000061,15.86308956,10169500
1/7/2015,21.59000015,21.76000023,21.34000015,21.67000008,16.0933094,10180200
1/8/2015,21.69000053,22.01000023,21.67000008,21.80999947,16.19728088,15825900
1/9/2015,21.62000084,21.63999939,21.02000046,21.20000076,15.74425888,17596000
1/12/2015,21.05999947,21.09000015,20.69000053,20.79000092,15.43977261,24695300
1/13/2015,21.02000046,21.29999924,20.98999977,21.04999924,15.63286591,11043200
1/14/2015,20.64999962,21.10000038,20.60000038,21.05999947,15.64028931,21760200
1/15/2015,22.59000015,23.12999916,21.90999985,22.88999939,16.99934769,36350200
1/16/2015,22.37000084,22.70000076,22.29000092,22.60000038,16.78397751,22402000
1/20/2015,22.60000038,23.19000053,22.46999931,23.09000015,17.14787865,23999700
1/21/2015,23,23.29000092,22.95999908,23.20999908,17.23700142,17966600
1/22/2015,23.20000076,23.71999931,22.88999939,23.70999908,17.60831642,25334400
1/23/2015,23.93000031,24.29999924,23.87999916,23.98999977,17.81626129,13027300
1/26/2015,23.95000076,24.19000053,23.89999962,24.15999985,17.94252014,14091400
1/27/2015,24.12999916,24.26000023,23.95000076,24.19000053,17.96480179,14735300
1/28/2015,24.44000053,24.48999977,23.85000038,23.93000031,17.77170563,16762900
1/29/2015,23.69000053,23.79999924,23.07999992,23.29000092,17.29641533,19411300
1/30/2015,22.98999977,23.12000084,22.67000008,22.70999908,16.86567116,17590300
2/2/2015,23.03000069,23.07999992,22.70999908,22.94000053,17.03647995,12854500
2/3/2015,23.34000015,23.44000053,23.05999947,23.14999962,17.19243622,16676200
2/4/2015,23.59000015,23.75,23.45000076,23.57999992,17.51177979,11266500
2/5/2015,23.71999931,23.76000023,23.30999947,23.65999985,17.57118797,12016600
2/6/2015,23.45000076,23.62999916,23.04999924,23.10000038,17.15530586,16529800
2/9/2015,22.92000008,22.94000053,22.48999977,22.67000008,16.8359623,12821100
2/10/2015,23.89999962,23.95000076,23.45999908,23.86000061,17.71971893,17077300
2/11/2015,23.87999916,24.35000038,23.77000046,24.29000092,18.03906441,14211100
2/12/2015,24.40999985,24.47999954,24.14999962,24.46999931,18.17274284,10136200
2/13/2015,24.45000076,24.95999908,24.39999962,24.84000015,18.44752502,11637500
2/17/2015,24.69000053,24.88999939,24.68000031,24.77000046,18.39553642,10525500
2/18/2015,24.69000053,24.85000038,24.61000061,24.70999908,18.35098267,7433100
2/19/2015,24.68000031,24.70999908,24.45999908,24.52000046,18.20987511,9929400
2/20/2015,24.70000076,24.70999908,24.29999924,24.44000053,18.1504631,7268000
2/23/2015,24.40999985,24.43000031,24.12999916,24.21999931,17.98707581,7827400
2/24/2015,24.37999916,25.07999992,24.35000038,25.04000092,18.59605026,15932700
2/25/2015,25.04999924,25.31999969,24.98999977,25.04000092,18.59605026,10388400
2/26/2015,24.79999924,24.98999977,24.64999962,24.68000031,18.32870102,7588500
2/27/2015,24.75,24.78000069,24.46999931,24.53000069,18.21730423,8541000
3/2/2015,24.39999962,24.62999916,24.39999962,24.62999916,18.29156685,7081200
3/3/2015,24.70999908,24.72999954,24.39999962,24.5,18.19501877,7485300
3/4/2015,24.56999969,24.60000038,24.12999916,24.32999992,18.06876755,9415000
3/5/2015,24.45999908,24.47999954,24.13999939,24.45999908,18.165308,6882400
3/6/2015,24.25,24.37999916,24.04000092,24.09000015,17.89053154,6375000
3/9/2015,23.67000008,23.70000076,23.26000023,23.45000076,17.41523361,15598700
3/10/2015,23.02000046,23.26000023,22.90999985,23.04999924,17.1181736,12405600
3/11/2015,23.40999985,23.71999931,23.40999985,23.48999977,17.44494057,9485000
3/12/2015,23.5,23.75,23.46999931,23.53000069,17.47464752,10892000
3/13/2015,23.65999985,23.96999931,23.64999962,23.87999916,17.73456955,9748200
3/16/2015,23.96999931,24.38999939,23.89999962,24.28000069,18.03163719,18384800
3/17/2015,24.04999924,24.44000053,23.95000076,24.30999947,18.05391502,12558800
3/18/2015,24.51000023,24.89999962,24.14999962,24.70999908,18.35098267,14551700
3/19/2015,24.89999962,25.14999962,24.62999916,24.65999985,18.31384277,11699700
3/20/2015,24.79999924,24.89999962,24.68000031,24.77000046,18.39553642,7196900
3/23/2015,24.87999916,24.95000076,24.75,24.79999924,18.41781807,9110900
3/24/2015,24.61000061,24.70000076,24.45000076,24.5,18.19501877,9071500
3/25/2015,24.44000053,24.45000076,23.07999992,23.18000031,17.21471596,32339400
3/26/2015,23.05999947,23.51000023,22.95999908,23.20000076,17.22957039,36432500
3/27/2015,22.90999985,23.12000084,22.65999985,22.94000053,17.03647995,20264000
3/30/2015,22.78000069,23.29999924,22.78000069,23.25,17.26669884,14707100
3/31/2015,23.40999985,23.55999947,23.31999969,23.47999954,17.43750763,13621500
4/1/2015,23.43000031,23.46999931,23.13999939,23.22999954,17.25185013,13314800
4/2/2015,23.62000084,23.82999992,23.57999992,23.69000053,17.59346581,12443500
4/6/2015,23.20000076,23.73999977,23.19000053,23.54000092,17.48207283,11439200
4/7/2015,23.54000092,23.62999916,23.35000038,23.38999939,17.37067032,13305600
4/8/2015,23.12999916,23.35000038,23.07999992,23.20000076,17.22957039,10835200
4/9/2015,23.25,23.67000008,23.23999977,23.44000053,17.40780449,10183300
4/10/2015,23.72999954,23.79999924,23.37999916,23.5,17.45236397,10531900
4/13/2015,23.51000023,23.69000053,23.30999947,23.32999992,17.32611084,11125700
4/14/2015,23.23999977,23.29999924,22.82999992,23.18000031,17.21471596,13787000
4/15/2015,23.15999985,23.63999939,23.09000015,23.51000023,17.459795,16883000
4/16/2015,23.51000023,23.54999924,22.64999962,23.23999977,17.25927162,28320800
4/17/2015,23.04000092,23.25,22.87000084,23.21999931,17.24442291,16113600
4/20/2015,23.39999962,23.62000084,23.19000053,23.27000046,17.28155518,15253500
4/21/2015,23.29999924,23.37000084,23.15999985,23.32999992,17.32611084,13191400
4/22/2015,23.39999962,23.84000015,23.38999939,23.84000015,17.70486259,15880200
4/23/2015,23.84000015,24.42000008,23.70000076,24.29999924,18.04649162,22973300
4/24/2015,25.19000053,25.30999947,24.69000053,24.90999985,18.499506,28481800
4/27/2015,24.88999939,25.77000046,24.77000046,25.40999985,18.87083626,25744900
4/28/2015,25.22999954,25.29000092,24.79999924,25.01000023,18.57377625,14437100
4/29/2015,24.85000038,24.89999962,24.59000015,24.79000092,18.41038895,12642500
4/30/2015,24.5,24.62000084,24.36000061,24.44000053,18.1504631,16033300
5/1/2015,24.70000076,24.84000015,24.56999969,24.73999977,18.37325859,9732900
5/4/2015,24.55999947,24.61000061,24.28000069,24.31999969,18.06134224,9436900
5/5/2015,24.20000076,24.45000076,24.17000008,24.29000092,18.03906441,13233000
5/6/2015,24.37999916,24.51000023,24.25,24.45000076,18.15788841,8302200
5/7/2015,24.35000038,24.40999985,24.22999954,24.37000084,18.09847641,7299600
5/8/2015,24.45999908,24.73999977,24.38999939,24.54999924,18.23215675,11054400
5/11/2015,24.57999992,24.62000084,24.34000015,24.37000084,18.09847641,6256500
5/12/2015,24.18000031,24.5,24.13999939,24.37999916,18.1058979,10406900
5/13/2015,24.47999954,24.67000008,24.38999939,24.44000053,18.1504631,6596700
5/14/2015,24.37000084,24.52000046,24.30999947,24.40999985,18.12818336,9130500
5/15/2015,24.45000076,24.60000038,24.40999985,24.55999947,18.23957825,5952400
5/18/2015,24.47999954,24.47999954,24.37000084,24.40999985,18.12818336,9387100
5/19/2015,24.47999954,24.65999985,24.45999908,24.59000015,18.26185989,10063100
5/20/2015,24.52000046,24.67000008,24.40999985,24.57999992,18.25443077,9053200
5/21/2015,24.37999916,24.43000031,24.14999962,24.23999977,18.00193214,12175800
5/22/2015,24.37000084,24.57999992,24.20000076,24.20000076,17.97222519,8574500
5/26/2015,24.17000008,24.37999916,24.14999962,24.26000023,18.01678848,10911600
5/27/2015,24.17000008,24.70000076,24.10000038,24.60000038,18.26928711,14361100
5/28/2015,24.48999977,24.64999962,24.36000061,24.45000076,18.15788841,10416600
5/29/2015,24.04999924,24.43000031,23.94000053,24.28000069,18.03163719,13170000
6/1/2015,24.18000031,24.23999977,23.93000031,24.13999939,17.92766762,10391300
6/2/2015,23.97999954,24,23.63999939,23.67000008,17.57861328,12267300
6/3/2015,23.78000069,23.79999924,23.47999954,23.65999985,17.57118797,10846500
6/4/2015,23.27000046,23.43000031,22.78000069,22.97999954,17.0661869,16981800
6/5/2015,22.81999969,23.04000092,22.75,22.86000061,16.97706604,9277100
6/8/2015,22.87000084,22.92000008,22.60000038,22.64999962,16.82110786,9155900
6/9/2015,22.87000084,23.10000038,22.70999908,22.82999992,16.95478439,14045900
6/10/2015,23.04999924,23.34000015,23,23.32999992,17.32611084,14611900
6/11/2015,23.65999985,23.70999908,23.45999908,23.51000023,17.459795,12836500
6/12/2015,23.54000092,23.76000023,23.39999962,23.67000008,17.57861328,12115900
6/15/2015,23.38999939,23.44000053,23.22999954,23.26000023,17.27412415,12984800
6/16/2015,23.23999977,23.64999962,23.20000076,23.57999992,17.51177979,12381400
6/17/2015,23.55999947,23.70000076,23.45000076,23.60000038,17.5266304,12642300
6/18/2015,23.65999985,23.82999992,23.56999969,23.76000023,17.64545441,11225200
6/19/2015,23.62000084,23.68000031,23.38999939,23.39999962,17.37810135,11609100
6/22/2015,23.65999985,23.88999939,23.60000038,23.84000015,17.70486259,13407100
6/23/2015,24.01000023,24.04000092,23.75,23.93000031,17.77170563,9339600
6/24/2015,23.95999908,24,23.82999992,23.89999962,17.74942589,9368200
6/25/2015,24.04000092,24.32999992,24,24.07999992,17.88310623,8369700
6/26/2015,23.92000008,24.04000092,23.44000053,23.62999916,17.54890823,14805800
6/29/2015,22.67000008,22.94000053,22.36000061,22.37999916,17.14892006,14494500
6/30/2015,22.86000061,23.12999916,22.67000008,22.70999908,17.4017868,15836800
7/1/2015,23.12999916,23.22999954,22.85000038,22.93000031,17.570364,12403200
7/2/2015,23,23.32999992,22.95000076,23.14999962,17.7389431,7884900
7/6/2015,23,23.26000023,22.87000084,22.94000053,17.57803535,7476100
7/7/2015,22.80999947,23,22.44000053,22.95999908,17.59335899,10131500
7/8/2015,22.59000015,22.65999985,22.18000031,22.22999954,17.03398323,13956700
7/9/2015,22.57999992,22.64999962,22.11000061,22.21999931,17.02632332,12147200
7/10/2015,22.34000015,22.67000008,22.34000015,22.56999969,17.29450989,9042600
7/13/2015,22.69000053,22.87999916,22.55999947,22.86000061,17.51672745,11501200
7/14/2015,22.77000046,22.89999962,22.69000053,22.79999924,17.47075653,8778400
7/15/2015,22.70999908,22.90999985,22.40999985,22.55999947,17.28684425,13861500
7/16/2015,22.04999924,22.82999992,21.70000076,22.72999954,17.41711426,29850800
7/17/2015,22.95000076,23.09000015,22.78000069,23.03000069,17.64699936,10314200
7/20/2015,23.03000069,23.04000092,22.62000084,22.89999962,17.54737854,12307200
7/21/2015,22.94000053,23.15999985,22.82999992,22.87999916,17.5320549,9372700
7/22/2015,22.46999931,22.54000092,22.11000061,22.21999931,17.02632332,17279900
7/23/2015,22.12999916,22.5,22.09000015,22.30999947,17.09527969,16251500
7/24/2015,22.05999947,22.20999908,21.61000061,21.63999939,16.5818882,15045700
7/27/2015,21.56999969,21.69000053,21.32999992,21.62999916,16.57422256,10167100
7/28/2015,21.70999908,21.98999977,21.60000038,21.87999916,16.76579285,13102700
7/29/2015,21.81999969,22.27000046,21.73999977,22.11000061,16.94202614,12780100
7/30/2015,22.22999954,22.78000069,22.19000053,22.70000076,17.39412498,17400600
7/31/2015,22.54999924,22.61000061,22.03000069,22.11000061,16.94202614,16313800
8/3/2015,21.89999962,21.89999962,21.52000046,21.71999931,16.64318848,11945800
8/4/2015,21.82999992,21.92000008,21.34000015,21.45000076,16.43629837,13832400
8/5/2015,21.54999924,21.87000084,21.52000046,21.61000061,16.55890083,7506500
8/6/2015,21.42000008,21.54999924,21.01000023,21.28000069,16.30603218,12945100
8/7/2015,21.26000023,21.40999985,20.98999977,21.03000069,16.11447334,16644500
8/10/2015,21.12000084,21.88999939,20.92000008,21.61000061,16.55890083,25398700
8/11/2015,21,21.10000038,20.54999924,20.82999992,15.96121311,18685200
8/12/2015,20.53000069,20.78000069,20.18000031,20.75,15.89991379,20957100
8/13/2015,20.54999924,20.69000053,20.40999985,20.54000092,15.73899937,7873400
8/14/2015,20.37000084,20.39999962,20.21999931,20.37999916,15.61639977,11355400
8/17/2015,19.89999962,20.30999947,19.69000053,20.28000069,15.53977013,18060200
8/18/2015,20.18000031,20.20000076,20.01000023,20.03000069,15.34820938,10410700
8/19/2015,20,20.05999947,19.62999916,19.90999985,15.2562542,12520400
8/20/2015,19.79000092,20.06999969,19.61000061,19.61000061,15.02637863,12865500
8/21/2015,19.25,19.51000023,18.87000084,18.87999916,14.46700668,20217500
8/24/2015,17.73999977,19.43000031,17.31999969,18.76000023,14.37506294,31876000
8/25/2015,19.72999954,20.01000023,18.70000076,18.76000023,14.37506294,25640300
8/26/2015,19.34000015,19.47999954,18.94000053,19.45000076,14.90377998,20952300
8/27/2015,19.62000084,19.94000053,19.57999992,19.94000053,15.27924347,17880000
8/28/2015,19.62999916,20.07999992,19.54999924,20,15.32522106,10980800
8/31/2015,20.15999985,20.19000053,19.75,19.87999916,15.2332716,9081400
9/1/2015,19.35000038,19.76000023,19.25,19.40999985,14.87312412,14185700
9/2/2015,19.70000076,20.06999969,19.64999962,19.94000053,15.27924347,14670900
9/3/2015,20.14999962,20.23999977,20.02000046,20.06999969,15.37885952,8174900
9/4/2015,19.70000076,19.82999992,19.60000038,19.67000008,15.07235527,8944000
9/8/2015,19.95999908,20.05999947,19.81999969,20.04999924,15.36353779,10390900
9/9/2015,20.44000053,20.65999985,19.81999969,19.87999916,15.2332716,10318700
9/10/2015,19.79999924,19.90999985,19.27000046,19.70000076,15.09534264,17806400
9/11/2015,19.73999977,19.95000076,19.61000061,19.89999962,15.24859428,9549900
9/14/2015,19.98999977,20.17000008,19.88999939,20.04000092,15.35587502,7790800
9/15/2015,20.15999985,20.55999947,20.04000092,20.38999939,15.62406349,11469800
9/16/2015,20.70999908,20.75,20.45999908,20.67000008,15.83861351,11471100
9/17/2015,20.57999992,21.02000046,20.56999969,20.65999985,15.83095741,11394200
9/18/2015,20.53000069,20.76000023,20.35000038,20.61000061,15.79263878,14057800
9/21/2015,20.53000069,20.71999931,20.39999962,20.53000069,15.73134422,12292100
9/22/2015,20.17000008,20.23999977,19.87999916,19.95000076,15.28691101,13482400
9/23/2015,19.64999962,20.29000092,19.60000038,20.01000023,15.33288193,22169600
9/24/2015,19.88999939,20.03000069,19.55999947,19.98999977,15.31755733,11088800
9/25/2015,20.15999985,20.29999924,19.95999908,20.04999924,15.36353779,10742300
9/28/2015,19.96999931,20.04999924,19.57999992,19.62999916,15.04170418,15576100
9/29/2015,19.62000084,19.95000076,19.48999977,19.88999939,15.24093151,10919600
9/30/2015,20.36000061,20.79000092,20.32999992,20.75,15.89991379,12400200
10/1/2015,20.95000076,21,20.60000038,20.86000061,15.98420525,14508200
10/2/2015,20.20999908,20.77000046,20.20999908,20.76000023,15.90758133,15271100
10/5/2015,21.05999947,21.44000053,20.79000092,21.39999962,16.39798546,10938100
10/6/2015,21.05999947,21.36000061,20.95999908,21.22999954,16.26772118,10577700
10/7/2015,21.68000031,22.10000038,21.62999916,21.93000031,16.80410957,13647100
10/8/2015,21.78000069,22.27000046,21.67000008,22.25,17.04930687,10343500
10/9/2015,22.30999947,22.43000031,21.90999985,21.95000076,16.81943512,11648800
10/12/2015,22.06999969,22.20000076,22.01000023,22.09000015,16.92670059,6779500
10/13/2015,21.81999969,22.03000069,21.68000031,21.94000053,16.8117733,12740800
10/14/2015,21.78000069,22.53000069,21.65999985,22.34000015,17.11827087,22801100
10/15/2015,22.54999924,22.79000092,21.79000092,21.95000076,16.81943512,17867300
10/16/2015,22.01000023,22.21999931,21.98999977,22.15999985,16.98034668,9598700
10/19/2015,22.07999992,22.29999924,21.95999908,22.22999954,17.03398323,8940900
10/20/2015,22.20000076,22.42000008,22.17000008,22.30999947,17.09527969,6718400
10/21/2015,22.32999992,22.45000076,22.13999939,22.21999931,17.02632332,8154300
10/22/2015,22.38999939,22.62000084,22.31999969,22.51000023,17.24853325,8214500
10/23/2015,22.75,22.75,22.39999962,22.46999931,17.21788216,11854100
10/26/2015,22.46999931,22.52000046,21.93000031,22.15999985,16.98034668,12350400
10/27/2015,22.05999947,22.29999924,21.87999916,22.20000076,17.01099586,6885400
10/28/2015,22.06999969,22.27000046,21.87000084,22.07999992,16.91903877,9913700
10/29/2015,21.80999947,21.81999969,21.52000046,21.81999969,16.71981621,7939100
10/30/2015,21.84000015,22.06999969,21.64999962,21.95999908,16.82708931,8791800
11/2/2015,21.86000061,22.13999939,21.77000046,22.10000038,16.93437004,5716700
11/3/2015,22.23999977,22.95000076,22.11000061,22.77000046,17.44776726,12846400
11/4/2015,23.10000038,23.65999985,23.04999924,23.54999924,18.04544449,14372000
11/5/2015,23.22999954,23.22999954,22.95000076,22.97999954,17.60868263,8345300
11/6/2015,22.59000015,22.82999992,22.43000031,22.81999969,17.48608017,8805900
11/9/2015,22.75,22.97999954,22.68000031,22.95999908,17.59335899,8629200
11/10/2015,22.51000023,22.67000008,22.32999992,22.51000023,17.24853325,7388700
11/11/2015,22.42000008,22.70000076,22.28000069,22.57999992,17.30217743,5255100
11/12/2015,22.44000053,22.68000031,22.23999977,22.23999977,17.04164124,5685100
11/13/2015,22.06999969,22.14999962,21.56999969,21.88999939,16.77345467,7883500
11/16/2015,21.82999992,22.37999916,21.79999924,22.35000038,17.12594032,7121500
11/17/2015,22.43000031,22.81999969,22.37999916,22.52000046,17.25619316,7148400
11/18/2015,22.37999916,22.55999947,22.14999962,22.52000046,17.25619316,8010400
11/19/2015,22.94000053,22.94000053,22.59000015,22.67000008,17.37114143,7115100
11/20/2015,22.80999947,22.88999939,22.70999908,22.82999992,17.49374199,6039900
11/23/2015,22.92000008,22.94000053,22.54000092,22.56999969,17.29450989,5502100
11/24/2015,22.43000031,22.57999992,22.15999985,22.5,17.24086952,8911500
11/25/2015,22.56999969,22.65999985,22.51000023,22.55999947,17.28684425,5442600
11/27/2015,22.38999939,22.63999939,22.34000015,22.45000076,17.20256042,3995600
11/30/2015,22.44000053,22.87000084,22.37999916,22.76000023,17.44010162,8612900
12/1/2015,22.84000015,23.35000038,22.82999992,23.28000069,17.8385582,10256000
12/2/2015,23.19000053,23.36000061,23.05999947,23.19000053,17.76959419,6829100
12/3/2015,23.28000069,23.30999947,22.81999969,22.93000031,17.570364,5884700
12/4/2015,22.82999992,23.37000084,22.72999954,23.30999947,17.86154938,6355600
12/7/2015,23.45000076,23.5,23.18000031,23.23999977,17.80790901,4634000
12/8/2015,23,23.21999931,22.87999916,23.07999992,17.68530083,6133900
12/9/2015,22.95000076,23.01000023,22.64999962,22.72999954,17.41711426,8663600
12/10/2015,22.71999931,22.85000038,22.61000061,22.64999962,17.35581207,7171900
12/11/2015,22.42000008,22.55999947,22.15999985,22.18000031,16.99566841,11326300
12/14/2015,22.32999992,22.40999985,22.06999969,22.21999931,17.02632332,7898600
12/15/2015,22.42000008,22.89999962,22.42000008,22.81999969,17.48608017,9444200
12/16/2015,23.11000061,23.22999954,22.88999939,23.15999985,17.74660683,7384800
12/17/2015,23.09000015,23.29000092,22.95000076,22.95999908,17.59335899,8925700
12/18/2015,22.77000046,23.07999992,22.71999931,22.93000031,17.570364,8648000
12/21/2015,22.93000031,23.04999924,22.75,22.95000076,17.58569336,4958700
12/22/2015,22.97999954,23.09000015,22.95000076,23.05999947,17.6699791,4553900
12/23/2015,23.20000076,23.20999908,22.96999931,23.07999992,17.68530083,6172900
12/24/2015,23.14999962,23.28000069,23.07999992,23.14999962,17.7389431,2009500
12/28/2015,23.14999962,23.19000053,22.85000038,23.01000023,17.63166428,3100100
12/29/2015,23.06999969,23.22999954,22.97999954,23.07999992,17.68530083,4136700
12/30/2015,23.04999924,23.09000015,22.84000015,22.87999916,17.5320549,2574100
12/31/2015,22.86000061,23,22.56999969,22.75,17.43243599,3898300
1/4/2016,22.23999977,22.29999924,21.86000061,22.09000015,16.92670059,9145100
1/5/2016,22.18000031,22.42000008,21.95000076,21.95000076,16.81943512,7642100
1/6/2016,21.65999985,21.70999908,21.26000023,21.34000015,16.35201454,8063200
1/7/2016,20.87999916,21.37999916,20.81999969,21.10000038,16.16810608,11242800
1/8/2016,21.27000046,21.39999962,20.77000046,20.80999947,15.94589424,9290700
1/11/2016,21.17000008,21.25,20.70000076,20.93000031,16.03784561,9771200
1/12/2016,21.22999954,21.23999977,20.51000023,20.75,15.89991379,11629400
1/13/2016,20.89999962,21.06999969,20.45000076,20.47999954,15.6930275,12858400
1/14/2016,20.72999954,21.87000084,20.70000076,21.81999969,16.71981621,18687600
1/15/2016,20.55999947,21.28000069,20.55999947,21.10000038,16.16810608,12066200
1/19/2016,21.62999916,21.79999924,21.22999954,21.65999985,16.59721375,14807000
1/20/2016,20.84000015,21.20999908,20.73999977,21.09000015,16.16044426,10815300
1/21/2016,21.14999962,21.46999931,20.85000038,21.32999992,16.34434891,9105000
1/22/2016,21.76000023,21.95000076,21.62000084,21.93000031,16.80410957,8369200
1/25/2016,21.70999908,22.06999969,21.70000076,21.79000092,16.69683266,8463700
1/26/2016,21.78000069,21.86000061,21.5,21.59000015,16.54357338,7709700
1/27/2016,21.71999931,22,21.61000061,21.68000031,16.61253738,6432800
1/28/2016,21.78000069,21.87000084,21.47999954,21.62999916,16.57422256,7169000
1/29/2016,21.87000084,22.39999962,21.87000084,22.35000038,17.12594032,9010200
2/1/2016,22.18000031,22.54999924,22.14999962,22.45999908,17.21022034,5389200
2/2/2016,22.29999924,22.62000084,22.28000069,22.55999947,17.28684425,13487900
2/3/2016,22.75,23.10000038,22.59000015,22.92000008,17.56270599,13083200
2/4/2016,22.96999931,23.25,22.92000008,23.22999954,17.80024529,6473100
2/5/2016,23.01000023,23.36000061,22.65999985,22.75,17.43243599,9325400
2/8/2016,22.47999954,22.90999985,22.26000023,22.79999924,17.47075653,8355200
2/9/2016,22.22999954,22.68000031,22.06999969,22.55999947,17.28684425,8426600
2/10/2016,22.67000008,22.90999985,22.28000069,22.29999924,17.08761978,5761600
2/11/2016,22.15999985,22.36000061,21.79000092,22,16.85774612,10394600
2/12/2016,22.29000092,22.31999969,21.92000008,22.23999977,17.04164124,7326900
2/16/2016,22.62000084,23.69000053,22.59000015,23.34000015,17.88453293,13843800
2/17/2016,23.36000061,23.73999977,23.27000046,23.63999939,18.11440849,11956100
2/18/2016,23.97999954,24.19000053,23.76000023,23.79999924,18.23701096,12780200
2/19/2016,23.79999924,24.03000069,23.51000023,23.78000069,18.22168541,8950300
2/22/2016,24.02000046,24.12999916,23.85000038,23.95999908,18.35961151,7250300
2/23/2016,23.73999977,23.75,23.26000023,23.39999962,17.93050957,5802500
2/24/2016,23.07999992,23.5,22.82999992,23.42000008,17.94583321,5267500
2/25/2016,23.68000031,23.70000076,23.37999916,23.69000053,18.15271759,5076800
2/26/2016,23.69000053,24.09000015,23.42000008,23.77000046,18.21402359,9920900
2/29/2016,23.56999969,23.75,23.45999908,23.54999924,18.04544449,6614000
3/1/2016,24.14999962,24.68000031,23.98999977,24.57999992,18.83469772,9858800
3/2/2016,24.45000076,24.70000076,24.37999916,24.62000084,18.86534882,5841300
3/3/2016,24.62999916,24.87000084,24.45000076,24.55999947,18.81937218,7957500
3/4/2016,24.55999947,24.95000076,24.44000053,24.64999962,18.88833427,7264600
3/7/2016,24.39999962,24.71999931,24.05999947,24.70000076,18.92664909,8971500
3/8/2016,24.36000061,24.85000038,24.31999969,24.64999962,18.88833427,11734000
3/9/2016,24.71999931,24.79000092,24.52000046,24.73999977,18.95730019,5807300
3/10/2016,24.86000061,25,24.51000023,24.73999977,18.95730019,6483700
3/11/2016,25,25.37999916,24.98999977,25.35000038,19.42471504,7560000
3/14/2016,25.30999947,25.37999916,25.11000061,25.21999931,19.32510376,4109400
3/15/2016,24.89999962,25.20000076,24.72999954,24.87999916,19.06457138,8839800
3/16/2016,24.76000023,25.79999924,24.71999931,25.78000069,19.75420761,10874100
3/17/2016,25.73999977,25.85000038,25.62000084,25.77000046,19.74654961,6264700
3/18/2016,25.87999916,26.25,25.79999924,26.04000092,19.95344353,7208700
3/21/2016,25.87999916,26.02000046,25.75,25.93000031,19.86915016,5494100
3/22/2016,25.76000023,26.05999947,25.65999985,25.80999947,19.77719498,6247400
3/23/2016,25.81999969,25.81999969,25.54000092,25.68000031,19.67758751,5465900
3/24/2016,25.52000046,25.75,25.44000053,25.72999954,19.71590042,5549000
3/28/2016,25.71999931,25.76000023,25.54000092,25.62999916,19.63927269,2197200
3/29/2016,25.55999947,26.02000046,25.44000053,25.96999931,19.89979744,4550800
3/30/2016,26.31999969,26.62000084,26.31999969,26.45999908,20.27526665,5999600
3/31/2016,26.28000069,26.44000053,26.18000031,26.20000076,20.07604027,5369100
4/1/2016,25.87999916,26.20999908,25.77000046,26.12000084,20.0147419,5091200
4/4/2016,26.12999916,26.12999916,25.80999947,25.85000038,19.80784607,4302700
4/5/2016,25.51000023,25.62999916,25.23999977,25.51000023,19.54731941,8612600
4/6/2016,25.14999962,25.73999977,25.02000046,25.62000084,19.63160706,8333100
4/7/2016,25.48999977,25.52000046,25.25,25.37000084,19.44003677,7774400
4/8/2016,25.75,25.80999947,25.20999908,25.28000069,19.37107658,8214600
4/11/2016,25.70000076,25.84000015,25.5,25.51000023,19.54731941,5406300
4/12/2016,25.70000076,25.71999931,25.30999947,25.56999969,19.59329414,4766900
4/13/2016,25.95000076,26.20999908,25.78000069,26.17000008,20.05305481,9082700
4/14/2016,25.29999924,25.53000069,25.09000015,25.29999924,19.38640022,13870800
4/15/2016,25.51000023,25.57999992,25.37000084,25.45999908,19.50899887,8019100
4/18/2016,25.37999916,25.68000031,25.31999969,25.5,19.53966331,6507600
4/19/2016,25.52000046,25.67000008,25.14999962,25.15999985,19.27912903,9378700
4/20/2016,24.93000031,25.25,24.73999977,25.12000084,19.24847984,9391300
4/21/2016,25.29999924,25.35000038,25,25.15999985,19.27912903,6044400
4/22/2016,25.18000031,25.30999947,24.95000076,25.06999969,19.21016884,6447400
4/25/2016,25.14999962,25.32999992,24.95000076,25.01000023,19.16419029,7772500
4/26/2016,25.20000076,25.35000038,24.97999954,25.01000023,19.16419029,9920000
4/27/2016,24.89999962,25.34000015,24.81999969,25.25,19.34809494,7302200
4/28/2016,24.64999962,24.87999916,24.06999969,24.15999985,18.5128746,12170200
4/29/2016,24,24.01000023,23.42000008,23.59000015,18.07609749,14955900
5/2/2016,23.57999992,23.75,23.45999908,23.69000053,18.15271759,6112100
5/3/2016,23.35000038,23.45000076,23.15999985,23.31999969,17.86920738,9323900
5/4/2016,23.30999947,23.54999924,23.22999954,23.42000008,17.94583321,7789900
5/5/2016,23.45000076,23.69000053,23.39999962,23.5,18.00713158,7238400
5/6/2016,23.5,23.61000061,23.34000015,23.40999985,17.93817329,5373300
5/9/2016,23.39999962,23.48999977,23.20000076,23.37000084,17.90751648,5189800
5/10/2016,23.29999924,23.44000053,23.23999977,23.38999939,17.92284203,5374500
5/11/2016,23.36000061,23.45000076,23.12999916,23.21999931,17.79257584,6185400
5/12/2016,23.22999954,23.29000092,22.75,22.98999977,17.61634636,7674600
5/13/2016,22.85000038,23,22.77000046,22.81999969,17.48608017,4837700
5/16/2016,22.96999931,23.23999977,22.90999985,23.11000061,17.70829391,4654300
5/17/2016,23.20000076,23.30999947,22.90999985,22.95000076,17.58569336,4017400
5/18/2016,23,23.63999939,22.89999962,23.52000046,18.02245903,10028100
5/19/2016,23.30999947,23.31999969,23.04999924,23.25,17.81557083,3868700
5/20/2016,23.5,24.02000046,23.43000031,23.90999985,18.32129669,8380600
5/23/2016,24.62999916,24.76000023,24.20999908,24.27000046,18.59715843,6840000
5/24/2016,24.30999947,24.56999969,24.26000023,24.46999931,18.75040817,7573600
5/25/2016,24.61000061,24.71999931,24.52000046,24.62000084,18.86534882,5151600
5/26/2016,24.79999924,24.92000008,24.59000015,24.79000092,18.9956131,8204700
5/27/2016,24.93000031,25.01000023,24.78000069,24.79999924,19.00327492,5381300
5/31/2016,24.82999992,24.85000038,24.53000069,24.71999931,18.94197464,7999900
6/1/2016,24.71999931,25.26000023,24.71999931,25.25,19.34809494,6126800
6/2/2016,25.20999908,25.25,25.06999969,25.18000031,19.29445076,4188200
6/3/2016,25.34000015,25.60000038,25.30999947,25.53000069,19.56264496,5041800
6/6/2016,25.60000038,25.67000008,25.43000031,25.46999931,19.51666641,7579500
6/7/2016,25.71999931,26.12000084,25.70000076,26.05999947,19.96876144,6624300
6/8/2016,26.51000023,26.57999992,26.29000092,26.32999992,20.17565918,6173600
6/9/2016,25.90999985,26.25,25.90999985,26.22999954,20.09902573,5760100
6/10/2016,25.89999962,25.96999931,25.54000092,25.86000061,19.8155098,6699400
6/13/2016,25.54999924,25.81999969,25.5,25.62999916,19.63927269,7414600
6/14/2016,25.54000092,25.70999908,25.38999939,25.56999969,19.59329414,7191500
6/15/2016,25.67000008,26.03000069,25.65999985,25.84000015,19.80018044,6926800
6/16/2016,25.51000023,25.90999985,25.37999916,25.86000061,19.8155098,4637700
6/17/2016,25.88999939,25.93000031,25.60000038,25.85000038,19.80784607,5813100
6/20/2016,26.31999969,26.63999939,26.28000069,26.37000084,20.20630455,10019300
6/21/2016,26.45000076,26.64999962,26.34000015,26.59000015,20.37488174,6095200
6/22/2016,26.60000038,26.92000008,26.52000046,26.54000092,20.33657074,8010400
6/23/2016,26.63999939,26.80999947,26.52000046,26.80999947,20.54346275,6708600
6/24/2016,25.59000015,26.20000076,25.51000023,25.68000031,19.67758751,9529800
6/27/2016,24.63999939,24.95999908,24.36000061,24.89999962,19.79603767,10314300
6/28/2016,25.21999931,25.37000084,25.09000015,25.26000023,20.08224678,14428100
6/29/2016,25.68000031,25.96999931,25.67000008,25.79999924,20.51156044,8758600
6/30/2016,26.06999969,26.42000008,25.82999992,26.22999954,20.85342026,9765900
7/1/2016,26.62999916,26.64999962,26.48999977,26.53000069,21.09192657,5939300
7/5/2016,26.15999985,26.29999924,26.12000084,26.26000023,20.87727165,5678400
7/6/2016,25.79999924,26.20000076,25.75,26.14999962,20.78981781,6062900
7/7/2016,26.25,26.53000069,26.23999977,26.30999947,20.91701508,5327900
7/8/2016,26.5,26.79999924,26.40999985,26.72999954,21.25092888,5780600
7/11/2016,27.15999985,27.37000084,27.12999916,27.20000076,21.62459183,6051600
7/12/2016,27.20000076,27.29000092,26.84000015,26.96999931,21.44173622,8538700
7/13/2016,26.92000008,27.01000023,26.76000023,26.88999939,21.37813187,10553300
7/14/2016,27,27.22999954,26.63999939,27.11000061,21.55304337,12145100
7/15/2016,27.19000053,27.26000023,26.96999931,27.01000023,21.47353745,5996500
7/18/2016,27.30999947,27.64999962,27.14999962,27.63999939,21.97440147,7767300
7/19/2016,27.37999916,27.52000046,27.19000053,27.27000046,21.68025017,4997300
7/20/2016,27.39999962,27.59000015,27.28000069,27.54999924,21.90284729,5805100
7/21/2016,27.67000008,27.81999969,27.42000008,27.47999954,21.84719467,6369300
7/22/2016,27.53000069,27.79000092,27.47999954,27.73999977,22.05390167,5116800
7/25/2016,27.48999977,27.92000008,27.48999977,27.86000061,22.14930344,7799700
7/26/2016,27.96999931,28.40999985,27.95999908,28.32999992,22.52296829,10178800
7/27/2016,28.48999977,28.48999977,27.94000053,28.10000038,22.34011459,7057700
7/28/2016,28.29000092,28.38999939,28,28.13999939,22.37191582,4746300
7/29/2016,28.10000038,28.10000038,27.65999985,27.78000069,22.0857029,7366600
8/1/2016,28.35000038,28.75,28.35000038,28.62000084,22.75352287,7328200
8/2/2016,28.48999977,28.48999977,28.05999947,28.15999985,22.38781738,6088500
8/3/2016,28.07999992,28.23999977,27.90999985,28.15999985,22.38781738,3872000
8/4/2016,28.21999931,28.43000031,28.12000084,28.39999962,22.57861328,3165000
8/5/2016,28.64999962,28.85000038,28.62999916,28.79000092,22.8886776,5573000
8/8/2016,28.76000023,29.13999939,28.70999908,29.09000015,23.12718582,8731700
8/9/2016,29.18000031,29.43000031,29.13999939,29.39999962,23.37363815,6660600
8/10/2016,29.42000008,29.45000076,29.18000031,29.21999931,23.2305336,8229100
8/11/2016,29.13999939,29.37000084,28.79999924,29.13999939,23.16693115,9134000
8/12/2016,29.17000008,29.27000046,29.05999947,29.23999977,23.24643135,3481800
8/15/2016,29.37999916,29.45000076,29.30999947,29.38999939,23.36568832,3187000
8/16/2016,29.15999985,29.20000076,28.97999954,29.07999992,23.11923409,5914400
8/17/2016,29,29,28.73999977,28.97999954,23.03973007,6996800
8/18/2016,28.90999985,29.20000076,28.84000015,29.15999985,23.18283463,4254200
8/19/2016,28.62999916,28.69000053,28.51000023,28.63999939,22.76942635,6241800
8/22/2016,28.29999924,28.47999954,28.21999931,28.39999962,22.57861328,6415400
8/23/2016,28.60000038,28.69000053,28.45999908,28.5,22.65812111,5501800
8/24/2016,28.56999969,28.60000038,28.34000015,28.38999939,22.57067108,5391500
8/25/2016,28.62999916,28.84000015,28.52000046,28.60000038,22.73762894,6388200
8/26/2016,28.60000038,28.89999962,28.43000031,28.63999939,22.76942635,5267500
8/29/2016,28.57999992,28.77000046,28.55999947,28.70000076,22.81712532,3143900
8/30/2016,28.59000015,28.69000053,28.53000069,28.62000084,22.75352287,5001800
8/31/2016,28.76000023,28.97999954,28.67000008,28.73999977,22.84892654,4674700
9/1/2016,28.69000053,29.03000069,28.62999916,28.95999908,23.0238266,6066600
9/2/2016,29.10000038,29.20999908,29.03000069,29.13999939,23.16693115,6050200
9/6/2016,29.51000023,29.71999931,29.29999924,29.48999977,23.44519615,6433000
9/7/2016,30.35000038,30.54999924,29.78000069,29.81999969,23.70754623,14429800
9/8/2016,29.89999962,29.92000008,29.63999939,29.79000092,23.68370438,6361600
9/9/2016,29.29999924,29.32999992,28.54999924,28.59000015,22.72967339,8325600
9/12/2016,28.54999924,29.04000092,28.20000076,28.98999977,23.0476799,5844500
9/13/2016,28.70999908,28.78000069,28.30999947,28.48999977,22.65017319,6857800
9/14/2016,28.52000046,28.76000023,28.36000061,28.62000084,22.75352287,5088700
9/15/2016,28.61000061,29.27000046,28.61000061,29.18000031,23.19873428,6305100
9/16/2016,29.12999916,29.21999931,28.77000046,28.90999985,22.98407936,7329300
9/19/2016,29.90999985,30.12000084,29.87000084,29.93000031,23.7950058,7696400
9/20/2016,30.15999985,30.23999977,29.88999939,29.89999962,23.77115059,5763300
9/21/2016,30.09000015,30.55999947,30.04999924,30.5,24.24816513,8097200
9/22/2016,30.76000023,30.95000076,30.51000023,30.65999985,24.37536812,5329000
9/23/2016,30.64999962,30.67000008,30.02000046,30.12000084,23.94605827,7959800
9/26/2016,30.02000046,30.06999969,29.70999908,29.84000015,23.72344589,4363300
9/27/2016,29.79999924,30.43000031,29.64999962,30.39999962,24.16866112,5707200
9/28/2016,30.46999931,30.5,30.12999916,30.32999992,24.11301422,4125100
9/29/2016,30.30999947,30.64999962,30.17000008,30.39999962,24.16866112,5985800
9/30/2016,30.29000092,30.68000031,30.22999954,30.59000015,24.3197155,5725700
10/3/2016,30.63999939,30.80999947,30.56999969,30.71999931,24.42306519,4198500
10/4/2016,30.81999969,30.92000008,30.36000061,30.38999939,24.1607151,5104800
10/5/2016,30.67000008,30.70999908,30.5,30.53000069,24.27201462,6205000
10/6/2016,30.70000076,30.80999947,30.37999916,30.77000046,24.46282387,4099900
10/7/2016,30.87999916,31.20999908,30.64999962,31.18000031,24.78877831,5753400
10/10/2016,31.19000053,31.47999954,31.15999985,31.28000069,24.86828423,7810500
10/11/2016,30.98999977,30.98999977,30.51000023,30.72999954,24.43101501,10157600
10/12/2016,30.89999962,31.40999985,30.70000076,31.35000038,24.92393303,9587000
10/13/2016,30.93000031,30.93000031,29.52000046,30.53000069,24.27201462,17323000
10/14/2016,31.05999947,31.27000046,30.56999969,30.65999985,24.37536812,9822900
10/17/2016,30.52000046,30.76000023,30.37999916,30.56999969,24.30381584,7598400
10/18/2016,30.90999985,30.97999954,30.69000053,30.86000061,24.53437042,5487500
10/19/2016,30.95000076,31.04000092,30.65999985,30.97999954,24.629776,6733000
10/20/2016,30.93000031,31.14999962,30.79999924,31.05999947,24.69337463,7329800
10/21/2016,30.92000008,31.13999939,30.76000023,31.07999992,24.70927429,3817100
10/24/2016,31.13999939,31.40999985,31.07999992,31.40999985,24.97163582,3768900
10/25/2016,31.39999962,31.62000084,31.37999916,31.54999924,25.08293343,3214700
10/26/2016,31.19000053,31.43000031,31.06999969,31.20999908,24.81263161,4121500
10/27/2016,31.22999954,31.26000023,30.75,30.77000046,24.46282387,6243200
10/28/2016,30.94000053,31.10000038,30.76000023,30.77000046,24.46282387,5210800
10/31/2016,30.93000031,31.12999916,30.84000015,31.10000038,24.72517967,3212300
11/1/2016,31.12000084,31.20000076,30.47999954,30.70999908,24.41511345,5815800
11/2/2016,30.67000008,30.72999954,30.23999977,30.38999939,24.1607151,5274700
11/3/2016,30.35000038,30.5,30.18000031,30.28000069,24.07326126,4890800
11/4/2016,30.20999908,30.45000076,30.02000046,30.23999977,24.04145432,4431900
11/7/2016,30.71999931,31.37999916,30.68000031,31.35000038,24.92393303,3981800
11/8/2016,31.20000076,31.5,31.01000023,31.34000015,24.9159832,4077100
11/9/2016,30.63999939,30.98999977,30.30999947,30.59000015,24.3197155,8996700
11/10/2016,30.54999924,30.54999924,29.37000084,29.44000053,23.4054451,10104300
11/11/2016,29.05999947,30.07999992,28.76000023,29.93000031,23.7950058,7506800
11/14/2016,29.28000069,29.60000038,28.80999947,28.85000038,22.93637657,8551400
11/15/2016,29.30999947,29.44000053,28.77000046,29.20000076,23.21463394,11135600
11/16/2016,29.09000015,29.89999962,29.09000015,29.86000061,23.73934937,8802600
11/17/2016,30,30.02000046,29.35000038,29.46999931,23.42928886,7065100
11/18/2016,29.43000031,29.56999969,29.19000053,29.46999931,23.42928886,5136600
11/21/2016,29.60000038,29.73999977,29.45999908,29.64999962,23.57239532,4477100
11/22/2016,29.96999931,30.14999962,29.77000046,29.90999985,23.7790947,8937500
11/23/2016,29.89999962,30.12999916,29.73999977,29.88999939,23.76320648,4017500
11/25/2016,29.75,29.80999947,29.61000061,29.65999985,23.58033752,2101800
11/28/2016,29.70999908,29.94000053,29.54000092,29.65999985,23.58033752,5435000
11/29/2016,29.57999992,29.75,29.13999939,29.54999924,23.49289131,9254600
11/30/2016,29.54999924,29.81999969,29.39999962,29.69000053,23.60419655,6403400
12/1/2016,29.5,29.52000046,28.34000015,28.54999924,22.69787598,12499600
12/2/2016,28.52000046,28.87000084,28.38999939,28.86000061,22.94432259,5195800
12/5/2016,28.94000053,29.29000092,28.87000084,29.02000046,23.07153702,3953100
12/6/2016,29.30999947,29.61000061,29.20000076,29.51000023,23.46109009,4336200
12/7/2016,29.47999954,29.94000053,29.25,29.93000031,23.7950058,3911600
12/8/2016,30.27000046,30.27000046,29.86000061,30.04000092,23.88245964,4094600
12/9/2016,30.31999969,30.62999916,29.95999908,30.12000084,23.94605827,4387400
12/12/2016,29.96999931,29.96999931,29.62999916,29.89999962,23.77115059,3428000
12/13/2016,30.05999947,30.63999939,30.03000069,30.36000061,24.1368618,5857700
12/14/2016,30.26000023,30.38999939,29.85000038,29.87000084,23.74730301,6108400
12/15/2016,30.15999985,30.29000092,30.03000069,30.15999985,23.9778614,5073300
12/16/2016,30.04999924,30.07999992,29.38999939,29.47999954,23.43724632,6662100
12/19/2016,29.48999977,29.54000092,29.17000008,29.27000046,23.27029228,6157000
12/20/2016,29.35000038,29.55999947,29.13999939,29.30999947,23.30208588,5570800
12/21/2016,29.22999954,29.28000069,28.90999985,29.13999939,23.16693115,6267500
12/22/2016,28.98999977,29,28.5,28.73999977,22.84892654,7455900
12/23/2016,28.78000069,29.12999916,28.69000053,29.04999924,23.09538269,4853500
12/27/2016,29,29.22999954,29,29.10000038,23.13513374,3083000
12/28/2016,29.26000023,29.31999969,29.04000092,29.12000084,23.15103149,3663300
12/29/2016,28.98999977,29.15999985,28.80999947,29.12999916,23.15898132,5323900
12/30/2016,29.20000076,29.22999954,28.62000084,28.75,22.85687065,4862800
1/3/2017,29.25,29.51000023,29.05999947,29.30999947,23.30208588,6280300
1/4/2017,29.38999939,29.45999908,29.20000076,29.29999924,23.29413605,4391800
1/5/2017,29.53000069,29.90999985,29.52000046,29.79999924,23.69164467,4775700
1/6/2017,29.73999977,29.85000038,29.45999908,29.62999916,23.55649185,4878700
1/9/2017,29.79000092,30.13999939,29.71999931,30.04000092,23.88245964,8371700
1/10/2017,30.04000092,30.29999924,29.89999962,30.06999969,23.90630531,7582000
1/11/2017,29.78000069,30.20000076,29.71999931,30.17000008,23.98580742,7467300
1/12/2017,29.31999969,29.86000061,28.97999954,29.29000092,23.28618813,13032200
1/13/2017,29.5,29.64999962,29.21999931,29.44000053,23.4054451,9811100
1/17/2017,29.61000061,29.64999962,29.45999908,29.62000084,23.54854393,7679800
1/18/2017,29.54999924,29.68000031,29.44000053,29.48999977,23.44519615,7692800
1/19/2017,29.48999977,29.69000053,29.38999939,29.62999916,23.55649185,8493200
1/20/2017,29.62000084,30.26000023,29.56999969,30.06999969,23.90630531,7399400
1/23/2017,30.30999947,30.48999977,30.20999908,30.32999992,24.11301422,6959800
1/24/2017,30.53000069,30.89999962,30.51000023,30.81999969,24.50257111,7213600
1/25/2017,31.10000038,31.32999992,30.94000053,31.30999947,24.89212799,8025800
1/26/2017,31.26000023,31.45000076,31.01000023,31.11000061,24.7331295,8308700
1/27/2017,31.17000008,31.35000038,31,31.25,24.84443283,5982200
1/30/2017,31.06999969,31.20000076,30.94000053,31.19000053,24.79673195,7253100
1/31/2017,31.04000092,31.15999985,30.72999954,30.90999985,24.57411575,6263100
2/1/2017,31.23999977,31.30999947,30.84000015,31.07999992,24.70927429,5036900
2/2/2017,30.70999908,30.88999939,30.62000084,30.78000069,24.47076797,5794800
2/3/2017,30.95999908,31.07999992,30.79999924,30.96999931,24.62182426,5249100
2/6/2017,30.95000076,30.95000076,30.70000076,30.87000084,24.54231644,3523700
2/7/2017,30.90999985,30.96999931,30.5,30.52000046,24.26406097,6209500
2/8/2017,30.69000053,30.70000076,30.29000092,30.32999992,24.11301422,7776600
2/9/2017,30.32999992,30.5,30.17000008,30.20999908,24.01761055,8547000
2/10/2017,30.44000053,30.80999947,30.35000038,30.70999908,24.41511345,6749400
2/13/2017,30.94000053,31.79999924,30.94000053,31.69000053,25.19423866,10203800
2/14/2017,31.46999931,31.46999931,31.11000061,31.32999992,24.90802765,5208600
2/15/2017,31.5,31.79999924,31.5,31.75,25.24194145,4577200
2/16/2017,31.71999931,32.49000168,31.62999916,32.31999969,25.69510078,13197100
2/17/2017,32.09999847,32.38000107,32.02000046,32.34000015,25.71100616,7518200
2/21/2017,32.38999939,32.47000122,32.16999817,32.33000183,25.70306206,5475400
2/22/2017,32.20000076,32.20000076,31.90999985,32.06999969,25.49634552,5296200
2/23/2017,32.15000153,32.15000153,31.72999954,31.75,25.24194145,5291200
2/24/2017,31.61000061,31.92000008,31.46999931,31.92000008,25.37709427,3687100
2/27/2017,31.81999969,31.81999969,31.47999954,31.53000069,25.06703758,5841900
2/28/2017,31.59000015,31.68000031,31.39999962,31.46999931,25.01933479,6040800
3/1/2017,31.42000008,31.60000038,31.26000023,31.57999992,25.10678101,4910300
3/2/2017,31.19000053,31.23999977,30.79000092,30.87000084,24.54231644,8561100
3/3/2017,30.87000084,30.92000008,30.54000092,30.85000038,24.52642059,6120700
3/6/2017,30.79999924,30.94000053,30.70999908,30.85000038,24.52642059,5467400
3/7/2017,31.01000023,31.39999962,30.95999908,31.30999947,24.89212799,7014000
3/8/2017,31.46999931,31.52000046,31.20000076,31.21999931,24.82057953,4528500
3/9/2017,30.88999939,31.05999947,30.71999931,30.97999954,24.629776,6120700
3/10/2017,30.87000084,31.07999992,30.81999969,31.05999947,24.69337463,5655300
3/13/2017,31.27000046,31.56999969,31.23999977,31.5,25.0431881,3965700
3/14/2017,31.37999916,31.46999931,31.20000076,31.20999908,24.81263161,5967200
3/15/2017,31.37999916,32.02999878,31.34000015,31.90999985,25.36914444,4571400
3/16/2017,32.25,32.47000122,32.20000076,32.40999985,25.76665688,6489000
3/17/2017,32.59999847,32.75999832,32.43999863,32.59000015,25.90975761,6199800
3/20/2017,32.79999924,33.11000061,32.70999908,32.84999847,26.11646461,5126700
3/21/2017,33.24000168,33.52999878,32.43999863,32.47999954,25.82230377,9159900
3/22/2017,32.56999969,32.84999847,32.47999954,32.68999863,25.98926163,6713500
3/23/2017,32.47000122,32.65999985,32.36999893,32.56000137,25.88591576,5909900
3/24/2017,32.72999954,33.09999847,32.61000061,32.81000137,26.08466721,5899900
3/27/2017,32.84999847,33.25999832,32.77999878,33.16999817,26.3708725,5661500
3/28/2017,33.36000061,33.43000031,33.13000107,33.34999847,26.51396751,4527000
3/29/2017,32.95000076,32.97000122,32.77000046,32.93000031,26.18006516,4083900
3/30/2017,32.84000015,33.15000153,32.77999878,33.06999969,26.2913723,3890600
3/31/2017,32.70000076,32.93999863,32.56999969,32.84000015,26.1085186,4853500
4/3/2017,32.93999863,33,32.70999908,32.88999939,26.14826012,4283100
4/4/2017,32.79999924,32.95000076,32.77000046,32.86000061,26.12441063,3756600
4/5/2017,33.06000137,33.33000183,32.86999893,32.90000153,26.15621567,5112900
4/6/2017,32.88000107,32.93999863,32.72999954,32.86000061,26.12441063,3990800
4/7/2017,32.86000061,33.04000092,32.77000046,32.86999893,26.13236618,3366300
4/10/2017,32.86999893,32.86999893,32.41999817,32.52000046,25.8541069,4937100
4/11/2017,32.68999863,32.68999863,31.97999954,32.40000153,25.75870514,6293800
4/12/2017,32.47000122,32.63999939,32.02000046,32.27999878,25.66330338,6136500
4/13/2017,32.09999847,32.45000076,31.81999969,31.82999992,25.30554581,8781700
4/17/2017,32.04000092,32.06999969,31.77000046,32.02999878,25.4645443,6918900
4/18/2017,31.76000023,31.86000061,31.62999916,31.79000092,25.27374077,5468600
4/19/2017,31.92000008,31.95000076,31.48999977,31.61000061,25.13063812,4739200
4/20/2017,31.77000046,31.87000084,31.63999939,31.79000092,25.27374077,4237700
4/21/2017,32.09000015,32.13999939,31.95000076,32.08000183,25.50429916,4530400
4/24/2017,32.58000183,32.79999924,32.49000168,32.70000076,25.99721146,5717000
4/25/2017,32.75999832,33.18000031,32.75,33.06999969,26.2913723,5614300
4/26/2017,33.06000137,33.11000061,32.81999969,33,26.23571396,6027700
4/27/2017,33.11000061,33.29999924,33.00999832,33.02000046,26.25161743,5625600
4/28/2017,33.15000153,33.25,33.04000092,33.06999969,26.2913723,5250500
5/1/2017,33.15999985,33.40999985,33.13999939,33.40000153,26.5537262,4015100
5/2/2017,33.56999969,33.99000168,33.56999969,33.93000031,26.97508621,5989300
5/3/2017,33.88000107,34.29000092,33.84000015,34.29000092,27.26129913,6660700
5/4/2017,34.18999863,34.18999863,33.97000122,34.13999939,27.14204216,5697300
5/5/2017,34.15999985,34.43999863,34.02999878,34.41999817,27.36465645,5249800
5/8/2017,34.70000076,35.09999847,34.63000107,34.97999954,27.80985832,6906900
5/9/2017,35.13000107,35.45999908,35.13000107,35.40999985,28.15172195,7297900
5/10/2017,35.27000046,35.63000107,35.08000183,35.40999985,28.15172195,9936700
5/11/2017,35.61999893,35.79999924,35.36999893,35.56000137,28.27097511,6648900
5/12/2017,35.5,35.52000046,35.25,35.36999893,28.11991692,4905000
5/15/2017,35.36000061,35.38999939,34.88000107,35.06000137,27.87346649,9784700
5/16/2017,35.00999832,35.02999878,34.79999924,35.02999878,27.84961319,6046200
5/17/2017,34.79999924,34.81000137,34.38999939,34.41999817,27.36465645,8128100
5/18/2017,34.43999863,34.99000168,34.40999985,34.90000153,27.74625778,8303700
5/19/2017,35.08000183,35.22999954,34.93999863,35.20000076,27.98476982,7283300
5/22/2017,35.38999939,35.50999832,35.25999832,35.40000153,28.14376831,5914200
5/23/2017,35.38999939,35.49000168,35.29999924,35.40000153,28.14376831,6612800
5/24/2017,35.41999817,35.59000015,35.34000015,35.52000046,28.2391777,7812500
5/25/2017,35.65999985,35.79000092,35.49000168,35.56999969,28.27891922,4514900
5/26/2017,35.54999924,35.58000183,35.33000183,35.50999832,28.23122025,3109800
5/30/2017,35.68000031,35.81000137,35.47999954,35.77999878,28.44587898,4219300
5/31/2017,35.31999969,35.36000061,35.09999847,35.36000061,28.1119709,7663100
6/1/2017,35.70000076,35.91999817,35.52999878,35.88999939,28.53333664,6016100
6/2/2017,35.90999985,36.22999954,35.84999847,36.18000031,28.76388359,5779200
6/5/2017,36.56000137,36.66999817,36.29999924,36.38999939,28.93084526,4819600
6/6/2017,36.38000107,36.58000183,36.24000168,36.43000031,28.96264267,5028000
6/7/2017,36.59000015,36.70999908,36.38000107,36.45999908,28.98648834,6537700
6/8/2017,36.75,36.90000153,36.54000092,36.83000183,29.28065109,7593900
6/9/2017,36.58000183,36.70000076,35.20000076,35.79000092,28.45382309,12040100
6/12/2017,35.79000092,35.79000092,35.00999832,35.24000168,28.01657486,11057000
6/13/2017,35.45999908,35.59000015,35.25,35.56000137,28.27097511,4969400
6/14/2017,35.47000122,35.77000046,35.36999893,35.65000153,28.34252739,7016400
6/15/2017,35.11000061,35.47000122,35.00999832,35.43999863,28.17556953,4623300
6/16/2017,35.86999893,35.95000076,35.72000122,35.86999893,28.51743126,7432400
6/19/2017,36.13000107,36.36000061,36.06999969,36.20999908,28.78774643,4523700
6/20/2017,36.52000046,36.74000168,36.11999893,36.13000107,28.72414398,4987400
6/21/2017,36.20999908,36.77999878,36.20999908,36.70999908,29.18524742,6329400
6/22/2017,36.72000122,36.91999817,36.63000107,36.70999908,29.18524742,6273400
6/23/2017,36.72000122,36.77999878,36.54000092,36.72999954,29.20114517,5558600
6/26/2017,36.43999863,36.52000046,35.91999817,36.13000107,29.66005325,10127200
6/27/2017,35.79000092,35.79000092,34.97000122,35.09000015,28.80629158,8081100
6/28/2017,35.27000046,35.38999939,34.75,35.34999847,29.01972008,8306200
6/29/2017,35.22999954,35.22999954,34.52999878,34.81000137,28.57642555,7332200
6/30/2017,34.84000015,35.09000015,34.70000076,34.95999908,28.69956589,5177500
7/3/2017,35.04000092,35.16999817,34.83000183,34.88000107,28.63388824,4470600
7/5/2017,35.08000183,35.08000183,34.63000107,34.81999969,28.58463478,9222200
7/6/2017,34.5,34.63999939,34.31000137,34.5,28.32194328,6493700
7/7/2017,34.54999924,34.66999817,34.47999954,34.63000107,28.42865753,7937800
7/10/2017,34.61000061,35.15999985,34.54999924,35,28.7324028,7779700
7/11/2017,35.43000031,35.43000031,35.04999924,35.38000107,29.04434967,9300800
7/12/2017,35.65000153,35.79999924,35.5,35.68999863,29.29884529,9211200
7/13/2017,35.45999908,36.15999985,35.45999908,36.15000153,29.67646408,9943900
7/14/2017,36.13000107,36.34999847,35.97999954,36.25,29.75855827,7196600
7/17/2017,36.02999878,36.06000137,35.63999939,35.90999985,29.47944832,4649800
7/18/2017,35.88000107,36.04000092,35.72000122,35.86999893,29.44660378,6185300
7/19/2017,36.06000137,36.41999817,36.06000137,36.40999985,29.88990402,7033800
7/20/2017,36.40999985,36.40999985,36.08000183,36.09999847,29.63541985,6996600
7/21/2017,36.06000137,36.06000137,35.70000076,35.84999847,29.43019104,5023500
7/24/2017,36.11000061,36.22000122,36.00999832,36.22000122,29.73392868,6842100
7/25/2017,36.00999832,36.25,35.97000122,36.09999847,29.63541985,5276300
7/26/2017,36.09999847,36.25,35.93999863,36.22000122,29.73392868,4342200
7/27/2017,36.54000092,36.61000061,35.95999908,36.18000031,29.70108986,7243100
7/28/2017,36.04999924,36.06999969,35.70000076,35.86000061,29.43840218,3678400
7/31/2017,36.02999878,36.40000153,35.84999847,35.95999908,29.52049255,7757600
8/1/2017,35.95000076,35.99000168,35.70999908,35.84000015,29.42197418,5437300
8/2/2017,36.40000153,36.47000122,35.86000061,36.06999969,29.61079407,6064600
8/3/2017,36.11000061,36.11000061,35.65000153,35.79000092,29.38092613,3919800
8/4/2017,35.93000031,36.08000183,35.75999832,36.02999878,29.57795715,4071400
8/7/2017,36.25999832,36.81999969,36.25999832,36.79000092,30.20186043,4860200
8/8/2017,36.70999908,36.95999908,36.63999939,36.70000076,30.12796974,3301200
8/9/2017,36.20000076,36.47000122,36.02999878,36.45999908,29.93094826,3153700
8/10/2017,36,36.02999878,35.34000015,35.34000015,29.01151276,5605400
8/11/2017,35.52000046,36.20000076,35.43000031,36.13999939,29.66825485,4291100
8/14/2017,36.02999878,36.09999847,35.84999847,36.04999924,29.59437752,3875600
8/15/2017,36.18999863,36.49000168,36.09000015,36.41999817,29.89811707,3820400
8/16/2017,36.20000076,36.43999863,36.13999939,36.34000015,29.83243752,3232000
8/17/2017,36.29999924,36.34000015,35.77000046,35.79000092,29.38092613,3324000
8/18/2017,36,36.09999847,35.61000061,35.86000061,29.43840218,3692800
8/21/2017,35.90999985,36.00999832,35.63000107,35.97999954,29.53690529,3588100
8/22/2017,36.47000122,36.66999817,36.34000015,36.52000046,29.98020363,3202300
8/23/2017,36.47000122,36.59999847,36.36999893,36.58000183,30.02946663,2956400
8/24/2017,36.77999878,36.93000031,36.58000183,36.83000183,30.23469734,4544500
8/25/2017,36.93000031,37.06000137,36.75,36.84999847,30.25112152,2975200
8/28/2017,36.59000015,36.86999893,36.56999969,36.77000046,30.18543816,2199900
8/29/2017,36.52000046,36.97000122,36.5,36.88000107,30.27574158,2997700
8/30/2017,36.88000107,37.08000183,36.79999924,36.93000031,30.31678963,2838900
8/31/2017,36.95000076,36.97999954,36.70000076,36.97000122,30.34962463,4288600
9/1/2017,37,37.24000168,36.90999985,37.22000122,30.55485725,4100000
9/5/2017,37.25,37.40000153,36.65000153,36.84999847,30.25112152,7123000
9/6/2017,37.06000137,37.36999893,37,37.27000046,30.59589386,4187700
9/7/2017,37.24000168,37.54000092,37.18000031,37.54000092,30.81755638,3597500
9/8/2017,37.56999969,37.68000031,37.34999847,37.5,30.78471756,5581800
9/11/2017,37.38999939,37.88000107,37.34999847,37.84000015,31.06382942,6920100
9/12/2017,37.84999847,37.93999863,37.65000153,37.86000061,31.08024788,3524500
9/13/2017,37.66999817,37.79000092,37.49000168,37.52999878,30.8093338,4983400
9/14/2017,37.5,37.72999954,37.36999893,37.38000107,30.68620872,5799000
9/15/2017,37.52000046,37.66999817,37.40000153,37.65000153,30.90785408,7245600
9/18/2017,37.86999893,38.11999893,37.83000183,38.06999969,31.2526474,6179600
9/19/2017,38.18000031,38.43000031,38.13000107,38.29999924,31.44145012,6559400
9/20/2017,38.36000061,38.38999939,37.43999863,37.81999969,31.04740906,7961100
9/21/2017,37.79000092,38.33000183,37.66999817,38.24000168,31.39221191,8458000
9/22/2017,37.70000076,37.83000183,37.59000015,37.77000046,31.0063591,4529900
9/25/2017,37.5,37.5,36.86000061,37.06999969,30.43171692,5895000
9/26/2017,37.09000015,37.31999969,36.93000031,37.13999939,30.48918915,5995400
9/27/2017,37.29000092,37.36000061,37.00999832,37.25,30.57948875,4802700
9/28/2017,36.95999908,37.09999847,36.79000092,37.04999924,30.41529846,7618700
9/29/2017,37.25999832,37.59999847,37.25999832,37.54999924,30.82575798,3818500
10/2/2017,37.83000183,38.18000031,37.77000046,38.13000107,31.30190468,5096200
10/3/2017,38.36000061,38.47000122,38.25,38.43999863,31.55637932,3727100
10/4/2017,38.25,38.34000015,38.13000107,38.27000046,31.41683388,2717200
10/5/2017,38.65999985,38.84999847,38.38999939,38.45999908,31.57279968,4456400
10/6/2017,38.40999985,38.47999954,38.20999908,38.45999908,31.57279968,3086100
10/9/2017,38.59999847,38.81000137,38.5,38.77000046,31.82729149,1963500
10/10/2017,39.11000061,39.15999985,38.81999969,38.97000122,31.99148178,4112000
10/11/2017,39.79999924,40.38999939,39.68000031,40.34999847,33.1243515,9015400
10/12/2017,40.49000168,40.65999985,40.31999969,40.43999863,33.19824219,5524100
10/13/2017,40.70000076,40.86000061,40.63000107,40.81999969,33.51019287,3913100
10/16/2017,40.88000107,40.91999817,40.65000153,40.88999939,33.56764984,2707000
10/17/2017,40.83000183,41.25,40.54000092,41.25,33.8631897,7582200
10/18/2017,41.40000153,41.72000122,40.93000031,41.5,34.0684166,6653200
10/19/2017,41.02000046,41.29000092,40.5,41.06999969,33.7154274,5710500
10/20/2017,41.02000046,41.11999893,40.83000183,41.11999893,33.75646973,5251600
10/23/2017,41.36999893,41.47999954,41.11000061,41.20999908,33.83036041,5092400
10/24/2017,41.25999832,41.38000107,40.97000122,41.31999969,33.9206543,4251600
10/25/2017,41.29999924,41.40999985,40.70000076,41.15999985,33.78930664,3360000
10/26/2017,41.18000031,41.34000015,41.06999969,41.20000076,33.82213593,3651500
10/27/2017,41.47999954,42.18000031,41.41999817,42.15000153,34.60201645,4822800
10/30/2017,42.36000061,42.65999985,42.08000183,42.13000107,34.58559418,5200800
10/31/2017,42.18000031,42.52000046,42.09999847,42.33000183,34.74978638,3704500
11/1/2017,42.47999954,42.5,41.86000061,42.09999847,34.56097412,4235700
11/2/2017,42.09000015,42.24000168,41.95000076,42.15000153,34.60201645,3255800
11/3/2017,41.90000153,42.22999954,41.59000015,42.18999863,34.63485336,6140900
11/6/2017,42.18999863,42.47999954,42.08000183,42.43000031,34.83188248,5650500
11/7/2017,42.63999939,42.70999908,42.25999832,42.50999832,34.89755249,2761600
11/8/2017,42.41999817,42.54000092,42.20999908,42.43000031,34.83188248,2378400
11/9/2017,42.13999939,42.22000122,41.29000092,41.63999939,34.18334198,4680100
11/10/2017,41.79000092,41.81999969,41.59000015,41.72000122,34.24901581,5333900
11/13/2017,41.72000122,42.00999832,41.50999832,42.00999832,34.48708725,2222000
11/14/2017,41.77999878,41.88999939,41.50999832,41.86000061,34.36395264,2799400
11/15/2017,41.38999939,41.65000153,41.27999878,41.54000092,34.10126114,3417300
11/16/2017,41.75,42.24000168,41.75,42.09999847,34.56097412,3304500
11/17/2017,42.24000168,42.41999817,41.97000122,42.06999969,34.53634262,3702000
11/20/2017,42.06999969,42.27999878,41.95999908,42.20999908,34.65127563,4455300
11/21/2017,42.61999893,42.86999893,42.54999924,42.58000183,34.9550209,3668500
11/22/2017,42.59000015,42.74000168,42.29000092,42.40999985,34.81546021,2768600
11/24/2017,42.66999817,43.02000046,42.61000061,42.99000168,35.29159927,1499700
11/27/2017,41.66999817,41.68000031,41.06000137,41.09000015,33.73183441,8188400
11/28/2017,41.02999878,41.22000122,40.81000137,40.93000031,33.60050201,4864800
11/29/2017,40.88000107,40.90999985,39.24000168,39.40999985,32.35268402,11796100
11/30/2017,39.59999847,39.74000168,39.16999817,39.59999847,32.50864792,9357100
12/1/2017,39.95000076,39.99000168,39,39.70000076,32.59075165,7192200
12/4/2017,40.04999924,40.13000107,39.29999924,39.38999939,32.33626556,7109000
12/5/2017,39.20000076,39.52000046,38.93000031,39.20000076,32.18029404,4504000
12/6/2017,38.95999908,39.09000015,38.52000046,38.68000031,31.75340462,8622000
12/7/2017,38.75,39.02999878,38.61000061,39.00999832,32.02430344,11285400
12/8/2017,39.38000107,39.54999924,38.95000076,39,32.01610565,5071600
12/11/2017,39.18999863,39.58000183,39.18000031,39.36999893,32.31983948,5272500
12/12/2017,39.22000122,39.38000107,39.08000183,39.29999924,32.26238251,5488100
12/13/2017,39.47000122,39.49000168,39.22000122,39.29000092,32.25416946,4227100
12/14/2017,39.5,39.65000153,39.31999969,39.40000153,32.34447479,4737600
12/15/2017,39.40000153,39.61999893,39.25,39.5,32.42656708,7156400
12/18/2017,39.38000107,39.47000122,39.20000076,39.40000153,32.34447479,5746900
12/19/2017,39.20999908,39.40999985,39.11999893,39.34000015,32.29520798,4454900
12/20/2017,39.38000107,39.61000061,39.16999817,39.43999863,32.37731552,6330100
12/21/2017,39.56000137,39.65999985,39.20000076,39.22999954,32.20492172,3563100
12/22/2017,39.59999847,39.63000107,39.29999924,39.63000107,32.53328705,2523600
12/26/2017,39.31000137,39.31000137,38.81000137,38.95000076,31.97505569,2861500
12/27/2017,39,39.11000061,38.88000107,39.08000183,32.08177948,3092900
12/28/2017,39.50999832,39.88999939,39.40000153,39.74000168,32.62358856,4279500
12/29/2017,39.84999847,40.22000122,39.65000153,39.65000153,32.54970551,3870900
1/2/2018,40.50999832,41.04999924,40.41999817,41.02000046,33.67438507,4984000
1/3/2018,41.59000015,41.81000137,41.43999863,41.70999908,34.24081802,6963200
1/4/2018,41.91999817,42,41.45000076,41.49000168,34.06020737,4876600
1/5/2018,41.88999939,42.56999969,41.79000092,42.45999908,34.85651016,5330800
1/8/2018,42.40000153,42.47999954,42.18999863,42.43999863,34.84008408,3538200
1/9/2018,42.49000168,42.5,42.13000107,42.18000031,34.62664413,5729900
1/10/2018,41.34999847,41.45000076,40.72000122,41.29999924,33.90423584,7102700
1/11/2018,41.22000122,41.40000153,40.95000076,41.02999878,33.68258286,5701800
1/12/2018,41.04000092,41.29999924,40.75999832,41.18999863,33.81393051,5028000
1/16/2018,42.00999832,42.34999847,41.81000137,42.22999954,34.66769028,9081600
1/17/2018,42.65999985,43.27000046,42.5,43.13000107,35.40652466,7117700
1/18/2018,43.86000061,44.84999847,43.5,44.56999969,36.58866119,11866200
1/19/2018,45.06999969,45.54000092,44.58000183,44.66999817,36.67075729,6543700
1/22/2018,46,46.40000153,45.93999863,46.38000107,38.07453537,8335800
1/23/2018,46.47999954,46.56999969,46.06000137,46.27999878,37.9924469,5659600
1/24/2018,45.63999939,45.66999817,45.25,45.33000183,37.21256638,7400600
1/25/2018,45.70999908,45.77999878,45.04000092,45.09999847,37.02374268,7655700
1/26/2018,45.5,45.74000168,45.02999878,45.72000122,37.5327301,7057300
1/29/2018,45.47000122,45.68999863,45.20000076,45.40000153,37.27003098,11604400
1/30/2018,44.56999969,45.02999878,44.40000153,44.88000107,36.84314728,10224600
1/31/2018,45.43000031,45.79999924,45.11999893,45.31000137,37.19614792,6333300
2/1/2018,45.33000183,45.93000031,45.29999924,45.45000076,37.31108093,6706500
2/2/2018,45.00999832,45.31999969,44.45000076,44.50999832,36.53940964,12051800
2/5/2018,44.04999924,44.81000137,42.81000137,42.95000076,35.25876999,11748300
2/6/2018,42.27000046,43.70000076,42.09999847,43.59000015,35.7841568,13414100
2/7/2018,42.99000168,42.99000168,41.88000107,41.88000107,34.38037491,15239500
2/8/2018,42.11000061,42.11999893,40.36000061,40.36000061,33.13256836,11356000
2/9/2018,40.74000168,41.68000031,39.95999908,41.47000122,34.04380035,10588400
2/12/2018,42.02999878,42.79000092,41.95999908,42.52999878,34.91396713,6573300
2/13/2018,42.54000092,42.65999985,41.88000107,42.38000107,34.79083252,5831900
2/14/2018,42.16999817,43.09000015,41.91999817,43.04999924,35.34085846,6860100
2/15/2018,43.52000046,43.75,42.75,43.52000046,35.72668839,6116500
2/16/2018,43.34999847,43.95999908,43.31000137,43.47999954,35.69385529,4792100
2/20/2018,43.08000183,44.15999985,43,43.74000168,35.90729141,9291700
2/21/2018,43.65999985,43.81999969,42.86999893,42.88999939,35.20949936,6612600
2/22/2018,42.66999817,42.74000168,42.18000031,42.38999939,34.79902649,7984000
2/23/2018,43.38999939,43.90000153,43.11000061,43.90000153,36.03864288,7204900
2/26/2018,44.11000061,44.40999985,43.79999924,44.40999985,36.45730972,3897600
2/27/2018,44.04999924,44.29999924,43.61000061,43.61999893,35.80878067,5999100
2/28/2018,43.66999817,43.90999985,43.29000092,43.34999847,35.58712006,6400100
3/1/2018,43.34999847,43.56000137,42.31000137,42.72000122,35.06995773,7792400
3/2/2018,42.38999939,43.04999924,42.15000153,43.00999832,35.30801392,4819600
3/5/2018,43.04999924,43.75999832,42.86999893,43.49000168,35.70206833,5977200
3/6/2018,44.34000015,44.40000153,43.43000031,43.54000092,35.74310684,8632000
3/7/2018,43.31000137,44.27999878,43.18000031,44.20000076,36.28491211,4482900
3/8/2018,44.29999924,44.38999939,43.59000015,43.79999924,35.95654678,7092400
3/9/2018,44.04999924,44.59999847,43.52000046,44.59000015,36.60507584,8336200
3/12/2018,44.79000092,45.34999847,44.75,45.22000122,37.12226105,5176100
3/13/2018,45.5,45.75,44.90999985,44.99000168,36.93344879,5842300
3/14/2018,45.43000031,45.45000076,44.83000183,45.15000153,37.06479645,4300500
3/15/2018,45.09999847,45.65000153,44.88999939,45.31000137,37.19614792,3942200
3/16/2018,45,45.52000046,44.93000031,44.97000122,36.91703033,8125600
3/19/2018,44.72000122,44.86999893,44.18999863,44.59999847,36.61328888,5116500
3/20/2018,44.70000076,44.90999985,44.52000046,44.83000183,36.80210495,6404200
3/21/2018,44.56999969,44.84999847,44.25,44.70000076,36.69538498,7036400
3/22/2018,44.09999847,44.36999893,43.68999863,43.68999863,35.86624908,6318500
3/23/2018,43.63000107,43.70000076,42.58000183,42.58000183,34.9550209,5923500
3/26/2018,43.81000137,44.27999878,43.18000031,44.27000046,36.34238434,5395200
3/27/2018,44.72000122,44.84000015,43.13000107,43.29000092,35.53787231,6995000
3/28/2018,42.97999954,43.16999817,42.43999863,42.68999863,35.04532623,8563100
3/29/2018,43,43.91999817,42.95999908,43.75999832,35.92370987,7758900
4/2/2018,43.34000015,43.59000015,42.41999817,42.5,34.88934708,6361200
4/3/2018,44.27000046,44.27999878,43.02999878,43.47999954,35.69385529,6174500
4/4/2018,42.36999893,43.93999863,42.34999847,43.93999863,36.07148743,5497100
4/5/2018,44.02999878,44.22999954,43.13999939,43.31999969,35.56250763,6115100
4/6/2018,42.88000107,43.16999817,42.25999832,42.41999817,34.82367325,5133100
4/9/2018,43.09000015,44.04000092,42.90999985,43.06999969,35.3572731,6696400
4/10/2018,43.86999893,44.22000122,43.02999878,43.58000183,35.77595139,5682300
4/11/2018,43.25,43.79000092,43.25,43.38000107,35.611763,4788000
4/12/2018,43.33000183,43.84999847,43.04999924,43.84999847,35.99760818,7574700
4/13/2018,43.68999863,43.74000168,42.56000137,42.65000153,35.01248932,5749900
4/16/2018,42.81000137,43.00999832,42.68000031,42.86999893,35.19308853,5206900
4/17/2018,42.09000015,42.36000061,41.77000046,42.31000137,34.73336792,9831100
4/18/2018,42.09999847,42.25999832,41.20999908,41.91999817,34.41320419,8947400
4/19/2018,39.93000031,40.08000183,39.11000061,39.52999878,32.45119476,27527000
4/20/2018,39.36999893,39.54000092,38.81999969,38.95000076,31.97505569,15313300
4/23/2018,38.95999908,39.08000183,38.52999878,38.75,31.81087494,11178300
4/24/2018,39.04000092,39.20999908,38.29999924,38.75,31.81087494,13004000
4/25/2018,38.36000061,38.49000168,38.02000046,38.16999817,31.33473015,12359200
4/26/2018,38.08000183,38.56000137,38.08000183,38.16999817,31.33473015,7685800
4/27/2018,38.74000168,38.74000168,37.99000168,38.16999817,31.33473015,8276100
4/30/2018,38.68999863,38.84000015,38.38000107,38.45000076,31.56459999,7968000
5/1/2018,38.34000015,38.93999863,38.25999832,38.93000031,31.95864105,5507000
5/2/2018,38.59999847,38.59999847,37.65000153,37.75,30.98993874,11522200
5/3/2018,37.54999924,38.18999863,37.29999924,38.09999847,31.27726555,7021400
5/4/2018,38,38.65999985,37.93999863,38.59000015,31.67951965,9474000
5/7/2018,38.45000076,38.65000153,38.24000168,38.45000076,31.56459999,4590100
5/8/2018,38.97999954,39.38000107,38.93999863,39.18000031,32.16386414,8116600
5/9/2018,39.36999893,39.45999908,39.15999985,39.34999847,32.30342484,5861400
5/10/2018,39.56999969,39.86999893,39.43999863,39.77000046,32.64821243,7957900
5/11/2018,40.04000092,40.18000031,39.63999939,39.90999985,32.76313782,4184400
5/14/2018,40.13000107,40.54999924,39.88000107,39.95000076,32.7959938,5014000
5/15/2018,39.36000061,39.40000153,38.95999908,39.29999924,32.26238251,5622800
5/16/2018,39.40000153,39.83000183,39.27999878,39.79000092,32.66463852,7671500
5/17/2018,39.06999969,39.24000168,38.66999817,38.95999908,31.98326492,7964200
5/18/2018,38.47000122,38.54999924,38.27999878,38.41999817,31.5399704,7783900
5/21/2018,39.34000015,39.70000076,39.11999893,39.47000122,32.40193939,7902200
5/22/2018,39.47000122,39.79000092,39.45000076,39.63999939,32.54150391,5752000
5/23/2018,39.13999939,39.65000153,39.09000015,39.65000153,32.54970551,4815400
5/24/2018,39.36999893,39.45000076,38.77999878,39.27000046,32.23775101,7930800
5/25/2018,39.09999847,39.49000168,38.93000031,39.29999924,32.26238251,5403000
5/29/2018,38.49000168,38.56000137,38.02999878,38.15999985,31.32653046,7198200
5/30/2018,38.29999924,38.40000153,38.06999969,38.34000015,31.47429466,8413400
5/31/2018,38.33000183,38.86000061,38.29000092,38.70000076,31.76982307,8129400
6/1/2018,38.99000168,39.20000076,38.79999924,39.20000076,32.18029404,5970000
6/4/2018,39.84999847,40,39.66999817,39.97000122,32.81240845,8927200
6/5/2018,39.70000076,39.86000061,39.40000153,39.54000092,32.45940781,6345900
6/6/2018,39.84999847,39.93000031,39.56000137,39.56000137,32.47582245,9829700
6/7/2018,39.56000137,39.93999863,39.45999908,39.52000046,32.44298935,8216900
6/8/2018,39.15999985,39.15999985,38.52000046,38.93000031,31.95864105,8081300
6/11/2018,39,39.15000153,38.75999832,38.75999832,31.81908417,4511600
6/12/2018,39.13000107,39.36000061,38.97999954,39.20000076,32.18029404,6582600
6/13/2018,39.72999954,39.88999939,39.04999924,39.04999924,32.05715561,9616600
6/14/2018,39.02999878,39.06999969,38.59999847,38.59999847,31.6877346,7636000
6/15/2018,38.81999969,38.93999863,38.54999924,38.68999863,31.76161766,11235700
6/18/2018,38.31000137,38.36000061,37.84000015,38.25,31.40041351,8921400
6/19/2018,37.70000076,37.97000122,37.34999847,37.56000137,30.83397484,9848900
6/20/2018,38.34000015,38.59000015,38.00999832,38.34999847,31.48249626,8668600
6/21/2018,37.86999893,38.00999832,37.54999924,37.61999893,30.88322449,9246700
6/22/2018,38.27000046,38.31000137,37.97000122,38.11999893,31.29368973,10338500
6/25/2018,36.29999924,36.56000137,36.04999924,36.50999832,31.06818581,10528100
6/26/2018,36.33000183,36.70000076,36.11000061,36.45999908,31.02563667,8817000
6/27/2018,36.25,36.31999969,35.50999832,35.50999832,30.21723366,8798100
6/28/2018,35.5,35.93999863,35.34999847,35.93999863,30.58314896,7199000
6/29/2018,36.54999924,36.77000046,36.43999863,36.56000137,31.11073303,8088200
7/2/2018,36.20999908,36.56999969,36.04000092,36.54000092,31.09370804,7365500
7/3/2018,36.38999939,36.61000061,36.34999847,36.38999939,30.96607971,6512600
7/5/2018,36.40000153,36.59999847,36.24000168,36.59000015,31.13626671,9230900
7/6/2018,36.81999969,37.34999847,36.75999832,37.27000046,31.71490097,7251600
7/9/2018,37.86999893,38.02999878,37.56999969,37.83000183,32.19142914,7124100
7/10/2018,37.47000122,37.95000076,37.47000122,37.93000031,32.27653885,7211500
7/11/2018,37.33000183,37.34999847,36.90000153,36.97000122,31.45962906,7316200
7/12/2018,37.33000183,37.59000015,37.20000076,37.31000137,31.74895668,5275300
7/13/2018,37.54000092,37.79999924,37.47999954,37.77000046,32.14038467,4947500
7/16/2018,37.88000107,37.88999939,37.65000153,37.79000092,32.15740967,5399200
7/17/2018,37.5,38.11999893,37.34999847,38.04000092,32.37014389,6238500
7/18/2018,38.04000092,38.47000122,37.88000107,38.40999985,32.68499756,10532200
7/19/2018,39.43999863,40.38999939,38.61999893,39.81000137,33.8763237,17762300
7/20/2018,39.99000168,40.84999847,39.84000015,40.72999954,34.65919113,14481000
7/23/2018,40.81999969,40.97999954,40.63000107,40.74000168,34.66770935,6832800
7/24/2018,41.09999847,41.20999908,40.38000107,40.38999939,34.36987686,7018300
7/25/2018,40.52999878,40.90000153,40.31000137,40.88999939,34.79534912,7725700
7/26/2018,40.70000076,40.93999863,40.43999863,40.81999969,34.73578644,8476600
7/27/2018,40.93999863,41.91999817,40.93999863,41.45000076,35.27188492,9468500
7/30/2018,41.45000076,41.52000046,40.88999939,41.09000015,34.96554184,5174300
7/31/2018,41.25999832,41.58000183,41.09000015,41.20999908,35.06764984,4908300
8/1/2018,41.43999863,41.72999954,41.31999969,41.70999908,35.4931221,6115000
8/2/2018,41.09999847,41.65000153,41,41.54999924,35.35697937,4669300
8/3/2018,41.63999939,41.95000076,41.56000137,41.68999863,35.47610855,4575200
8/6/2018,41.20000076,41.41999817,41,41.06999969,34.94852448,7245800
8/7/2018,41.06999969,41.25,40.84000015,41.24000168,35.09318924,7494900
8/8/2018,41.56000137,42.11000061,41.45000076,41.97000122,35.71438599,5089600
8/9/2018,41.93999863,41.95000076,41.68000031,41.84000015,35.60374832,4513300
8/10/2018,41.29999924,41.29999924,40.79000092,41.02999878,34.91448593,7053200
8/13/2018,40.68999863,40.99000168,40.47000122,40.70999908,34.64218903,6708600
8/14/2018,41,41.18999863,40.86999893,40.90999985,34.8123703,5339100
8/15/2018,40.45000076,40.54999924,40.11999893,40.45000076,34.42093658,6052800
8/16/2018,40.45000076,40.72999954,40.36999893,40.40999985,34.38689423,5544000
8/17/2018,40.18999863,40.22000122,39.79000092,40.13000107,34.14863205,7897200
8/20/2018,40.02000046,40.24000168,39.90000153,40.09999847,34.12308884,4156700
8/21/2018,40.36999893,41.04000092,40.36000061,40.88999939,34.79534912,6075100
8/22/2018,40.84999847,41.04999924,40.54000092,40.90000153,34.80386353,5512700
8/23/2018,41.29999924,41.34999847,40.68000031,40.68000031,34.61664963,4126100
8/24/2018,40.93000031,41.40999985,40.83000183,41.24000168,35.09318924,4232000
8/27/2018,41.43000031,41.70999908,41.36999893,41.52999878,35.33995438,5733000
8/28/2018,42.38999939,42.75999832,42.25,42.34999847,36.03772354,10683500
8/29/2018,43.18999863,44.38000107,43.09000015,44.13000107,37.5524292,12278200
8/30/2018,44.34999847,44.49000168,43.40999985,43.45999908,36.9822998,7826200
8/31/2018,43.11999893,43.61000061,42.95999908,43.59999847,37.10142899,8782900
9/4/2018,43.25999832,44.11999893,43.18999863,44.11000061,37.53541565,8174900
9/5/2018,44.09000015,44.56999969,44.02000046,44.22000122,37.62902069,7262400
9/6/2018,43.93999863,44.06999969,43.58000183,44.04999924,37.48435593,10424900
9/7/2018,44,45.24000168,43.97999954,44.88000107,38.19064713,14256000
9/10/2018,45,45.06000137,44.52000046,44.61999893,37.96939468,6824900
9/11/2018,43.63999939,44.56999969,43.58000183,44.54999924,37.90982437,12509700
9/12/2018,43.91999817,44.29999924,43.81999969,43.93999863,37.3907547,10303700
9/13/2018,43.99000168,43.99000168,43.27000046,43.43000031,36.95676422,9624500
9/14/2018,44.02000046,44.56000137,43.95000076,44.40999985,37.79070282,5295400
9/17/2018,43.63000107,44.13999939,43.47000122,43.75999832,37.2375679,6210300
9/18/2018,43.5,44.09000015,43.34999847,43.56000137,37.06738281,8814200
9/19/2018,44.20000076,44.38999939,43.74000168,44.02000046,37.45882034,6393200
9/20/2018,44.25,44.43000031,43.90000153,44.16999817,37.58646774,4728000
9/21/2018,44.25,44.40999985,44.02000046,44.06000137,37.4928627,6668600
9/24/2018,43.84000015,44.93999863,43.79000092,44.88999939,38.19915009,8229100
9/25/2018,44.79999924,44.90999985,44.13000107,44.16999817,37.58646774,6678200
9/26/2018,44.25,44.72999954,44.25,44.27000046,37.67156982,4564300
9/27/2018,44.59999847,45.22999954,44.58000183,44.75999832,38.08851624,6711700
9/28/2018,44.5,44.61999893,43.97000122,44.15999985,37.57794952,7727700
10/1/2018,44.54999924,44.95999908,44.41999817,44.65999985,38.00342941,5029800
10/2/2018,43.75,43.99000168,43.45000076,43.61999893,37.11844635,5440300
10/3/2018,44.04000092,44.24000168,43.56999969,43.95999908,37.40776062,5631100
10/4/2018,43.06999969,43.08000183,41.97000122,42.43000031,36.10581207,7885000
10/5/2018,41.88000107,42.06999969,41.16999817,41.63000107,35.42506027,7921400
10/8/2018,40.75999832,41.16999817,40.40000153,40.95999908,34.85491562,7761800
10/9/2018,41,41.29999924,40.58000183,40.90000153,34.80386353,5678700
10/10/2018,40.34999847,40.43999863,39.34999847,39.34999847,33.48488998,12853500
10/11/2018,38.5,39.59999847,38.33000183,38.93999863,33.13599014,10209000
10/12/2018,40.13999939,40.58000183,39.18999863,39.65999985,33.74867249,7578600
10/15/2018,39.47000122,39.59000015,38.72000122,38.75,32.97431564,8209000
10/16/2018,39.84000015,40.06000137,39.40000153,40.00999832,34.0465126,10748100
10/17/2018,40,40.09000015,39.18000031,39.56999969,33.67209625,8173600
10/18/2018,39.79999924,39.95000076,38.45999908,38.54000092,32.79561996,9555600
10/19/2018,39.15999985,39.31999969,38.34000015,38.45000076,32.7190361,11266200
10/22/2018,39.18999863,39.22999954,38.54000092,38.72000122,32.9487915,8165700
10/23/2018,37.41999817,38.18000031,37.25999832,38,32.3360939,12350000
10/24/2018,37.56000137,37.56000137,36.43000031,36.47999954,31.04265976,13312400
10/25/2018,36.77999878,37.54999924,36.49000168,37.38999939,31.81701851,9927300
10/26/2018,36.54999924,37.29000092,36.13999939,36.66999817,31.20433998,11973200
10/29/2018,37.16999817,37.40999985,35.97000122,36.33000183,30.91501045,8269300
10/30/2018,36.84000015,37.79999924,36.66999817,37.77999878,32.14889145,12106400
10/31/2018,38.68999863,38.99000168,38.02999878,38.09999847,32.4211998,12610900
11/1/2018,38.77999878,39.08000183,38.38999939,39.04999924,33.22960281,14348600
11/2/2018,39.18000031,39.49000168,38.43000031,38.77999878,32.9998436,9736200
11/5/2018,38.72000122,38.81999969,38.31000137,38.47999954,32.74455261,8591900
11/6/2018,38.5,38.84999847,38.41999817,38.72999954,32.95729828,8578100
11/7/2018,39.29000092,39.29999924,38.72000122,39.18000031,33.34022141,6568700
11/8/2018,38.79000092,39.06000137,38.68999863,38.70000076,32.93177414,7953700
11/9/2018,38.09000015,38.38999939,37.81000137,38.06999969,32.39567184,5975400
11/12/2018,37.86000061,37.91999817,37.00999832,37.06000137,31.53621674,11666700
11/13/2018,37.38999939,38.11999893,37.24000168,37.40000153,31.82553482,15057100
11/14/2018,38.20000076,38.34000015,37.36999893,37.84000015,32.19994736,10404900
11/15/2018,38.06999969,38.56999969,37.88999939,38.52000046,32.77859879,10840400
11/16/2018,37.06999969,37.20000076,36.65999985,36.86999893,31.37453079,16382400
11/19/2018,36.63999939,36.68000031,35.95999908,36.04999924,30.67675591,15191700
11/20/2018,35.40000153,35.99000168,35.22000122,35.63999939,30.32785988,11673500
11/21/2018,36.41999817,36.72000122,36.13999939,36.16999817,30.778862,7013100
11/23/2018,35.83000183,36.20000076,35.75,35.95999908,30.60016632,2320500
11/26/2018,36.70999908,36.88999939,36.47000122,36.84000015,31.34900856,7077300
11/27/2018,36.38999939,36.81999969,36.38999939,36.79999924,31.31496239,6870200
11/28/2018,37.27000046,38.02000046,37.06999969,38.00999832,32.34461594,8380200
11/29/2018,37.95000076,38.36999893,37.86999893,37.93000031,32.27653885,7056600
11/30/2018,37.24000168,37.59999847,37.08000183,37.59000015,31.98721313,8734400
12/3/2018,38.81999969,39,38.38000107,38.72999954,32.95729828,7457600
12/4/2018,38.52999878,38.77999878,37.43000031,37.43999863,31.85956955,13321200
12/6/2018,35.70000076,36.86000061,35.61000061,36.86000061,31.36602402,12075700
12/7/2018,36.65000153,36.93999863,36.13999939,36.52000046,31.07669258,10802700
12/10/2018,36.31000137,36.83000183,36.08000183,36.43000031,31.00011444,12439100
12/11/2018,37.24000168,37.34999847,36.29999924,36.70000076,31.22986412,8635800
12/12/2018,37.61000061,37.70000076,37.27000046,37.38000107,31.80852509,8405400
12/13/2018,37.49000168,37.65999985,37.18999863,37.33000183,31.76597404,5825900
12/14/2018,36.79999924,37.11000061,36.52999878,36.52999878,31.08521271,5969600
12/17/2018,36.63000107,36.93999863,36.11999893,36.22000122,30.8214035,10733100
12/18/2018,36.61000061,37,36.61000061,36.75999832,31.28092575,7100400
12/19/2018,36.61999893,37.27999878,36.09999847,36.22999954,30.82991409,11786400
12/20/2018,36.40999985,36.75,35.54000092,35.88000107,30.53208733,12540400
12/21/2018,36.63999939,36.93000031,35.65000153,35.70999908,30.38742065,16981000
12/24/2018,35.56000137,35.88999939,35.27000046,35.29000092,30.03002357,6288500
12/26/2018,35.33000183,36.77000046,35.33000183,36.75999832,31.28092575,10063400
12/27/2018,36.20000076,36.79999924,35.95999908,36.77999878,31.29794693,8688600
12/28/2018,37.13000107,37.68000031,37.02000046,37.13999939,31.60429192,7369000
12/31/2018,37.43000031,37.59000015,36.77000046,36.90999985,31.40856743,4600600
1/2/2019,36.20000076,36.75,36,36.52000046,31.07669258,5273100
1/3/2019,35.34000015,35.52000046,34.27000046,34.36000061,29.23864365,15998000
1/4/2019,34.45999908,35.02999878,34.20999908,34.97000122,29.75772476,14178200
1/7/2019,35.00999832,35.47000122,34.97000122,35.22999954,29.9789772,6850800
1/8/2019,35.11000061,35.18000031,34.63999939,34.93999863,29.73219681,11462600
1/9/2019,35.33000183,35.95999908,35.33000183,35.61000061,30.30233574,11770300
1/10/2019,35.45999908,36.47999954,35.40000153,36.41999817,30.99159622,7894600
1/11/2019,36.45000076,36.77000046,36.24000168,36.61000061,31.15327263,7232700
1/14/2019,36.13000107,36.18999863,35.72000122,35.75999832,30.42997169,6146200
1/15/2019,36.04000092,36.22999954,35.79999924,36.04000092,30.66823959,10165800
1/16/2019,35.90000153,36.02999878,35.63999939,35.63999939,30.32785988,8727400
1/17/2019,34.91999817,36.54999924,34.83000183,36.29000092,30.88098145,21916900
1/18/2019,36.24000168,37.00999832,36.15999985,36.84000015,31.34900856,12905900
1/22/2019,36.5,36.75999832,36.09999847,36.36999893,30.94904518,13381700
1/23/2019,36.52999878,36.74000168,36.24000168,36.49000168,31.05117226,13918600
1/24/2019,36.88000107,37.63999939,36.77999878,37.63999939,32.02976227,14094100
1/25/2019,38,38.25999832,37.88000107,38.13999939,32.45523071,16763700
1/28/2019,36.91999817,37.65999985,36.90000153,37.43999863,31.85956955,14086500
1/29/2019,37.29000092,37.29000092,36.29999924,36.33000183,30.91501045,10100800
1/30/2019,36.81000137,37.45000076,36.29000092,37.38000107,31.80852509,9281600
1/31/2019,37.31000137,38.09999847,37.31000137,37.61999893,32.01273727,7633400
2/1/2019,37.75,37.86999893,37.43999863,37.56999969,31.97020721,6438300
2/4/2019,37.5,38.00999832,37.38000107,37.93999863,32.28504944,7283800
2/5/2019,37.91999817,38.27000046,37.88000107,38.25,32.5488472,7314000
2/6/2019,38.41999817,38.81999969,38.31000137,38.74000168,32.96580505,8795200
2/7/2019,38.36999893,38.45999908,37.83000183,38.11999893,32.43821716,7916200
2/8/2019,37.70999908,37.91999817,37.5,37.79000092,32.15740967,7147200
2/11/2019,37.91999817,38.29000092,37.83000183,38.29000092,32.58287811,8860700
2/12/2019,38.63999939,38.77000046,38.43999863,38.63999939,32.88071823,8831200
2/13/2019,38.36999893,38.47999954,38.04999924,38.13000107,32.44673538,7155600
2/14/2019,37.91999817,38.20999908,37.75999832,38.06000137,32.38716125,7782800
2/15/2019,37.90999985,38.27999878,37.86999893,38.09000015,32.41268539,6257600
2/19/2019,38.22000122,38.65999985,38.09999847,38.45999908,32.72754669,8105700
2/20/2019,38.93000031,39.50999832,38.88999939,39,33.18704605,7178600
2/21/2019,39.06999969,39.18000031,38.79999924,38.97999954,33.17004395,4607300
2/22/2019,39.11999893,39.40999985,39.08000183,39.38999939,33.5189209,5117800
2/25/2019,39.86999893,39.91999817,39.47999954,39.58000183,33.68061447,5101500
2/26/2019,39.40999985,39.66999817,39.38000107,39.59999847,33.69762802,5587300
2/27/2019,39.50999832,39.59000015,39.06000137,39.45000076,33.56998444,8194900
2/28/2019,39.11999893,39.29000092,39,39.04999924,33.22960281,5705100
3/1/2019,39.36000061,39.52000046,39.20000076,39.38999939,33.5189209,5299200
3/4/2019,39.33000183,39.33000183,38.70999908,39.15000153,33.31469345,7081100
3/5/2019,38.95000076,39.22999954,38.65999985,39.02000046,33.20407104,7192400
3/6/2019,39.06000137,39.22000122,38.77999878,38.79000092,33.00835037,4433400
3/7/2019,38.77000046,38.88000107,38.36999893,38.63000107,32.8721962,4231300
3/8/2019,37.95000076,38.38000107,37.93999863,38.20000076,32.50629807,5066200
3/11/2019,38.22999954,38.68999863,38.20000076,38.63999939,32.88071823,6005400
3/12/2019,39.04999924,39.16999817,38.86000061,38.90000153,33.10196686,5580200
3/13/2019,39.22000122,39.43999863,39.02000046,39.20999908,33.36574936,6086400
3/14/2019,39,39.04999924,38.74000168,38.81999969,33.03388596,4935000
3/15/2019,39.40999985,40.06999969,39.40999985,39.65000153,33.74017334,8871300
3/18/2019,39.86000061,39.97999954,39.63999939,39.84999847,33.91035843,6290900
3/19/2019,39.97999954,40.08000183,39.59999847,39.75999832,33.83377075,8033600
3/20/2019,39.77000046,40.15000153,39.63999939,39.84999847,33.91035843,5394000
3/21/2019,40.25,41.24000168,40.22000122,41.04000092,34.92299652,6509600
3/22/2019,40.84000015,41.02000046,40.34000015,40.43000031,34.40390778,6759100
3/25/2019,40,40.45999908,39.77000046,39.91999817,33.96993637,4901800
3/26/2019,40.11000061,40.63000107,40.06999969,40.40000153,34.37837982,5573500
3/27/2019,40.18999863,40.25999832,39.79999924,40.20000076,34.20819855,7660300
3/28/2019,40.24000168,40.54000092,40.20000076,40.34000015,34.32732773,6632700
3/29/2019,40.81999969,41.04999924,40.59999847,40.95999908,34.85491562,6116300
4/1/2019,41.08000183,41.36999893,40.74000168,41.36999893,35.20380402,6834200
4/2/2019,41.18000031,41.36000061,41,41.27000046,35.11870193,5580200
4/3/2019,41.59999847,41.95999908,41.50999832,41.79000092,35.56121063,6821100
4/4/2019,41.72999954,42.18000031,41.65000153,42.04000092,35.77394485,7610300
4/5/2019,42.34000015,42.34000015,42.06000137,42.22999954,35.93561935,4430600
4/8/2019,42.24000168,42.49000168,42.08000183,42.38999939,36.07176208,6830300
4/9/2019,42.24000168,42.29999924,42.02999878,42.20999908,35.91860199,5049900
4/10/2019,42.25999832,42.5,42.18000031,42.36999893,36.05476761,4040200
4/11/2019,42.09000015,42.20000076,41.95000076,42.09999847,35.82499313,5172200
4/12/2019,42.47000122,42.65000153,42.27999878,42.58000183,36.23345566,6555700
4/15/2019,42.58000183,42.77000046,42.45999908,42.61000061,36.2589798,5274400
4/16/2019,42.83000183,43.08000183,42.75,43.00999832,36.59936142,6639100
4/17/2019,43.90000153,44.45999908,43.86000061,44.38999939,37.77367401,15795700
4/18/2019,44.06000137,45.63999939,44,45.40000153,38.63313293,16569800
4/22/2019,44.79000092,45.15999985,44.59000015,45.15000153,38.4203949,10872000
4/23/2019,45.15000153,45.41999817,45.06000137,45.41999817,38.65014648,11437500
4/24/2019,45.08000183,45.59000015,44.93999863,45.40999985,38.64163589,10776800
4/25/2019,44.93000031,45.04000092,44.43000031,44.47999954,37.85026169,10149800
4/26/2019,43.65000153,44,43.31999969,43.93999863,37.3907547,12745000
4/29/2019,43.84999847,43.91999817,43.58000183,43.83000183,37.29714966,9272100
4/30/2019,43.40000153,43.93999863,43.25999832,43.81999969,37.28863525,11863900
5/1/2019,44.29000092,44.56000137,43.81999969,43.81999969,37.28863525,7319000
5/2/2019,43.86000061,44.47000122,43.75,44.40000153,37.78218079,10717200
5/3/2019,44.93000031,45.13999939,44.56000137,44.70999908,38.04598236,5479900
5/6/2019,43.31999969,43.81999969,43.20999908,43.75999832,37.2375679,10756400
5/7/2019,43.83000183,44.04999924,43.29000092,43.75999832,37.2375679,10225200
5/8/2019,43.52000046,44,43.45999908,43.70000076,37.18651962,8112600
5/9/2019,42.91999817,43.29999924,42.27999878,43.25,36.80359268,11229400
5/10/2019,42.86000061,43.09000015,42.18999863,42.83000183,36.4461937,8313900
5/13/2019,41.36999893,41.50999832,40.74000168,40.99000168,34.88043976,11046000
5/14/2019,41.59000015,42.08000183,41.40000153,41.97000122,35.71438599,7107800
5/15/2019,41.54999924,42.33000183,41.45999908,41.97000122,35.71438599,5347700
5/16/2019,41.63000107,41.63999939,41.22000122,41.52999878,35.33995438,9214700
5/17/2019,40.38999939,40.95000076,40.09000015,40.25,34.25074387,11271000
5/20/2019,39.25,39.29999924,38.52000046,38.65999985,32.89772797,13979700
5/21/2019,39.15000153,39.34000015,38.65999985,39.29999924,33.44234467,11806400
5/22/2019,39.20000076,39.38999939,38.88999939,38.90000153,33.10196686,12217600
5/23/2019,37.97999954,38.18000031,37.40999985,38.06999969,32.39567184,14708800
5/24/2019,38.41999817,38.74000168,38.20000076,38.20000076,32.50629807,10540700
5/28/2019,38.13000107,38.20000076,37.65000153,37.65000153,32.03827667,12484600
5/29/2019,37.45999908,37.75,37.18000031,37.68999863,32.07230377,13043000
5/30/2019,37.95000076,38.36999893,37.84000015,38.04000092,32.37014389,7351600
5/31/2019,38.27000046,38.97000122,38.25,38.34999847,32.63393402,9302700
6/3/2019,38.95999908,39.09000015,38.65999985,38.81999969,33.03388596,9618300
6/4/2019,38.63999939,39.09999847,38.41999817,39.06000137,33.23810577,6985600
6/5/2019,39.24000168,39.25999832,38.09999847,38.22999954,32.53181839,8219800
6/6/2019,38.18000031,38.59000015,37.91999817,38.43999863,32.71052933,6234000
6/7/2019,38.74000168,39,38.56000137,38.81999969,33.03388596,4456900
6/10/2019,39.49000168,40.13000107,39.45000076,39.61999893,33.71463776,8351800
6/11/2019,40.47000122,40.59999847,39.93999863,39.95999908,34.00396347,6100600
6/12/2019,40,40.18999863,39.45000076,39.45999908,33.57849121,6163200
6/13/2019,39.61999893,39.61999893,39.02999878,39.45000076,33.56998444,6646800
6/14/2019,38.63000107,38.70000076,37.83000183,37.84000015,32.19994736,11281500
6/17/2019,37.91999817,38.04999924,37.65999985,37.65999985,32.04677582,6500700
6/18/2019,38.27000046,39.41999817,38.22000122,39.20999908,33.36574936,12303200
6/19/2019,39.93999863,39.95999908,39.29999924,39.40000153,33.52743149,10217600
6/20/2019,40.45000076,40.72000122,40.13999939,40.50999832,34.47198486,10400000
6/21/2019,40.52000046,40.70000076,40.41999817,40.52000046,34.48049545,12766200
6/24/2019,39.56000137,40.06999969,39.43999863,39.97999954,35.12716293,6571000
6/25/2019,39.52000046,39.52000046,38.90999985,38.91999817,34.1958313,6790500
6/26/2019,39.38000107,39.38000107,38.97999954,39.08000183,34.33641815,9133300
6/27/2019,39.58000183,39.75999832,39.29000092,39.59000015,34.78449631,11375200
6/28/2019,39.72999954,39.72999954,39.11999893,39.16999817,34.41547775,7040000
7/1/2019,41.54000092,41.90000153,41.15000153,41.38000107,36.35722351,11046800
7/2/2019,41.18999863,41.31000137,40.74000168,40.79999924,35.84762192,4445600
7/3/2019,40.34999847,40.36999893,40.00999832,40.33000183,35.43466949,3125000
7/5/2019,39.86999893,40.09999847,39.63999939,39.93000031,35.08323288,3149300
7/8/2019,39.56999969,39.68999863,39.24000168,39.31999969,34.5472641,6772300
7/9/2019,39.65000153,40.00999832,39.41999817,39.66999817,34.8547821,6577000
7/10/2019,40.83000183,41.13999939,40.54999924,40.70999908,35.7685585,7945000
7/11/2019,41.13999939,41.18999863,40.83000183,40.90000153,35.93549347,6126600
7/12/2019,41.11000061,41.27000046,40.81999969,41.22999954,36.22544098,4695800
7/15/2019,41.75,41.93000031,41.65999985,41.81999969,36.74382019,5784300
7/16/2019,41.79999924,41.95000076,41.56999969,41.77000046,36.69988251,6529500
7/17/2019,41.68000031,41.90999985,41.52000046,41.63000107,36.57688904,5514600
7/18/2019,42.52000046,43.22999954,42.31000137,43.18999863,37.9475174,11257600
7/19/2019,43.08000183,44.02000046,43.06999969,43.83000183,38.50984955,11438800
7/22/2019,44.20000076,44.88000107,44.13000107,44.59999847,39.18637085,10035800
7/23/2019,44.54000092,44.58000183,44.24000168,44.41999817,39.02822876,6565800
7/24/2019,44.5,44.63000107,44.24000168,44.54000092,39.13364792,7130400
7/25/2019,44.20999908,44.24000168,43.61999893,43.61999893,38.32533264,6593900
7/26/2019,43.72999954,43.88999939,43.38000107,43.45999908,38.18475723,4399000
7/29/2019,43.52000046,43.95000076,43.40000153,43.93999863,38.60649872,4138600
7/30/2019,43.40000153,43.40000153,42.77000046,43.11000061,37.87723923,4938500
7/31/2019,43.02999878,43.16999817,42.04999924,42.63000107,37.45549774,7592300
8/1/2019,42.75,43.38999939,41.59999847,41.86999893,36.78774643,9662800
8/2/2019,41.15000153,41.77999878,41.00999832,41.65000153,36.59445572,9317000
8/5/2019,40.40999985,40.52000046,39.77999878,39.86999893,35.03051758,6668400
8/6/2019,41.18000031,41.50999832,40.88999939,41.25999832,36.25180054,8667700
8/7/2019,41.04999924,41.45000076,40.79999924,41.25999832,36.25180054,5484700
8/8/2019,41.84999847,42.18000031,41.75,41.90000153,36.81411362,7795900
8/9/2019,41.59000015,41.70999908,41,41.40999985,36.38358688,3480500
8/12/2019,41.04999924,41.27000046,40.84999847,40.95999908,35.98820114,3463500
8/13/2019,40.63000107,41.99000168,40.54999924,41.84000015,36.76138687,7697800
8/14/2019,40.84999847,41.09000015,40.25,40.43000031,35.52253723,9621800
8/15/2019,40.38000107,40.99000168,40.34000015,40.86000061,35.90034103,7690100
8/16/2019,41.18000031,41.72999954,41.15000153,41.54000092,36.49781036,4845700
8/19/2019,42.15999985,42.20999908,41.65000153,41.77999878,36.7086792,3797600
8/20/2019,42,42.22000122,41.72000122,41.93999863,36.84924316,7540300
8/21/2019,42.40999985,42.63999939,42.29000092,42.58000183,37.41156387,3914600
8/22/2019,42.38999939,42.49000168,41.72999954,42.13000107,37.01618958,3145600
8/23/2019,41.93999863,42.15000153,40.86000061,40.95000076,35.97941589,7526900
8/26/2019,41.36999893,41.54999924,41.13000107,41.34000015,36.32208633,5519000
8/27/2019,41.54999924,41.68000031,41.27000046,41.34999847,36.33086395,4192800
8/28/2019,41.31999969,41.77000046,41.04999924,41.65000153,36.59445572,3586000
8/29/2019,42.34000015,42.56999969,42.22999954,42.27999878,37.14797592,5171600
8/30/2019,42.70999908,42.88999939,42.36000061,42.63000107,37.45549774,5382200
9/3/2019,42.15000153,42.15999985,41.58000183,41.72000122,36.65596008,4748000
9/4/2019,42.61000061,43.15000153,42.38999939,43.15000153,37.91238785,4460900
9/5/2019,43.75999832,44.50999832,43.75999832,44.24000168,38.87007904,7698300
9/6/2019,44,44.04000092,43.68999863,43.70999908,38.4044075,4325300
9/9/2019,43.90999985,44.08000183,43.54000092,43.84999847,38.52742004,4677000
9/10/2019,43.59999847,44.09999847,43.36000061,44.09999847,38.7470665,5001600
9/11/2019,43.90999985,44.27000046,43.84000015,44.22000122,38.85250854,4016800
9/12/2019,44.29000092,44.45999908,43.93000031,44.06999969,38.72071075,6577900
9/13/2019,44.43000031,44.83000183,44.18999863,44.74000168,39.30938339,6231100
9/16/2019,44.52999878,44.74000168,44.49000168,44.59999847,39.18637085,3716300
9/17/2019,44.27999878,45.15000153,44.20999908,45.13000107,39.65203094,6110900
9/18/2019,45.16999817,45.20000076,44.61000061,45.04000092,39.57295609,4044800
9/19/2019,44.79999924,45.22000122,44.75999832,44.90000153,39.73402405,6422700
9/20/2019,44.77000046,44.90000153,43.86999893,43.86999893,38.82254028,7249200
9/23/2019,44.18000031,44.29000092,43.84999847,44.06999969,38.99951935,4347000
9/24/2019,44.40000153,44.54999924,44.06000137,44.11999893,39.04376984,7592200
9/25/2019,44.20000076,45.09999847,44,45.00999832,39.83137512,6719500
9/26/2019,45.09999847,46.50999832,45.09999847,46.45999908,41.11454773,15832500
9/27/2019,46,46.47999954,45.18999863,45.50999832,40.27384567,9610400
9/30/2019,46.56999969,46.74000168,46.11999893,46.47999954,41.1322403,8396900
10/1/2019,46.95999908,47.84999847,46.95999908,47.18999863,41.76054764,11575200
10/2/2019,46.70999908,46.93999863,46.33000183,46.43000031,41.08799362,5785200
10/3/2019,46.45000076,47.13999939,46.24000168,47.13000107,41.70746231,6091600
10/4/2019,47.02999878,47.45000076,46.77999878,47.41999817,41.96408844,5704200
10/7/2019,47.72999954,48.15000153,47.43000031,47.95000076,42.4331131,11059000
10/8/2019,48.25999832,48.40000153,47.59999847,47.86000061,42.35346603,13089700
10/9/2019,48.20000076,49.06000137,48.16999817,48.68000031,43.07912445,11033100
10/10/2019,48.90999985,49.38999939,48.49000168,48.93000031,43.30036163,9566500
10/11/2019,49.45000076,49.79000092,49.33000183,49.41999817,43.73397827,7499100
10/14/2019,49.41999817,50.13000107,49.29999924,49.90999985,44.16760254,7974000
10/15/2019,50.20000076,50.63999939,50.11000061,50.38999939,44.59237289,9323200
10/16/2019,50.34000015,51.13000107,50.06999969,50.13000107,44.36229324,13615700
10/17/2019,51.13999939,51.20999908,49.25999832,49.75,44.02602386,12410200
10/18/2019,49.65000153,50.09000015,49.13000107,49.27999878,43.61009216,9169200
10/21/2019,49.52999878,50.11000061,49.33000183,50,44.24725342,6538900
10/22/2019,50.29999924,50.83000183,50.18000031,50.63999939,44.81361008,10697300
10/23/2019,50.09999847,50.40000153,49.91999817,50.16999817,44.39768219,7118800
10/24/2019,50.49000168,51.04999924,50.22999954,50.95000076,45.08795166,7006600
10/25/2019,50.79999924,51.22999954,50.68999863,51.13000107,45.24724579,6303500
10/28/2019,51.40000153,51.47999954,51.04999924,51.31000137,45.40655136,7725500
10/29/2019,51.5,51.84000015,51.43999863,51.47000122,45.54813004,5303900
10/30/2019,51.79000092,52.06000137,51.56999969,51.90999985,45.93749619,5198100
10/31/2019,51.88999939,51.93000031,51.34999847,51.63000107,45.68970871,5140800
11/1/2019,51.88999939,52.09999847,51.70000076,52.09999847,46.10562897,5226600
11/4/2019,53.54999924,53.79000092,53.11999893,53.49000168,47.33570862,7233400
11/5/2019,53.63000107,53.97000122,53.49000168,53.54999924,47.38880157,5287100
11/6/2019,53.70000076,53.75,53.09999847,53.63999939,47.46845245,4545100
11/7/2019,53.90000153,54.36999893,53.52000046,53.66999817,47.49499893,7890900
11/8/2019,53.52999878,53.52999878,52.52999878,52.83000183,46.75164413,6558400
11/11/2019,52.38999939,52.75,52.15999985,52.59999847,46.54810715,4046500
11/12/2019,52.68999863,52.68999863,52.02999878,52.15000153,46.14988327,8625100
11/13/2019,52.58000183,52.93999863,52.15000153,52.88000107,46.79588318,5336200
11/14/2019,52.5,52.72999954,52.13000107,52.47999954,46.4419136,5308600
11/15/2019,53.00999832,53.38999939,52.88000107,53.29000092,47.15872955,5986400
11/18/2019,53.38999939,53.95999908,53.38999939,53.41999817,47.27375412,4774400
11/19/2019,54.04999924,54.13999939,53.68000031,53.75999832,47.57465363,4731100
11/20/2019,53.54999924,53.77999878,53.20999908,53.5,47.3445549,5264800
11/21/2019,53.5,53.50999832,52.93999863,52.97999954,46.88438034,6037000
11/22/2019,52.91999817,53.15999985,52.74000168,52.79000092,46.71625519,4172300
11/25/2019,53.09000015,53.93999863,52.79999924,53.75999832,47.57465363,5021500
11/26/2019,53.5,53.79000092,53.38000107,53.63000107,47.45960617,5672800
11/27/2019,54.02999878,54.06000137,53.54000092,53.88999939,47.68968582,2786100
11/29/2019,53.06000137,53.15999985,52.79999924,53.09000015,46.98173141,3391700
12/2/2019,53.54999924,53.59000015,52.77999878,52.97999954,46.88438034,4475800
12/3/2019,52.41999817,52.93000031,52.18000031,52.77999878,46.70740509,5468100
12/4/2019,53.27000046,53.56999969,53.11000061,53.18000031,47.06137466,3905200
12/5/2019,53.61999893,54.54000092,53.49000168,54.40000153,48.14102173,7624300
12/6/2019,54.5,55.02999878,54.5,54.93999863,48.61888123,5429100
12/9/2019,55.04999924,55.18999863,54.31999969,54.45999908,48.19411469,6541900
12/10/2019,54.68000031,55.06000137,54.33000183,54.52000046,48.2471962,4364800
12/11/2019,55.04000092,56.20000076,55.02999878,55.90000153,49.46842575,11028000
12/12/2019,57.25,58.61999893,57.02000046,58.61000061,51.86662292,15788700
12/13/2019,59.04999924,59.52000046,58.25,58.25,51.54804993,9886900
12/16/2019,58.29000092,58.70000076,58.29000092,58.54000092,51.80467606,5779400
12/17/2019,59.70999908,59.70999908,58.77999878,59.22999954,52.41527557,8407500
12/18/2019,59.59999847,59.63999939,58.72000122,59.09999847,52.30025101,10021200
12/19/2019,58.5,58.5,57.88000107,57.95999908,51.64972305,7228700
12/20/2019,57.77999878,58.29999924,57.31999969,57.93000031,51.62298965,8043800
12/23/2019,58.02999878,58.34000015,57.95000076,58.22000122,51.88142395,4022000
12/24/2019,57.99000168,58.09000015,57.54999924,57.75999832,51.47149658,2692200
12/26/2019,57.79999924,58.34999847,57.75999832,58.25,51.90815353,2490400
12/27/2019,58.52999878,58.70999908,58.33000183,58.45999908,52.09528732,2847800
12/30/2019,58.65999985,58.68999863,57.61999893,57.84999847,51.55170441,3519900
12/31/2019,57.68000031,58.13000107,57.45999908,58.09999847,51.77448273,2950200
1/2/2020,59.59999847,60.11999893,59.59999847,60.04000092,53.5032692,8432600
1/3/2020,58.97000122,58.97999954,58.04000092,58.06000137,51.73883438,10546400
1/6/2020,57.59999847,57.68999863,57.13000107,57.38999939,51.14178085,8897200
1/7/2020,57.45000076,58.59999847,56.74000168,58.31999969,51.97053909,7444300
1/8/2020,58.18999863,58.97999954,58.11000061,58.75,52.3537178,5381500
1/9/2020,59.68999863,59.70999908,58.70000076,59.22999954,52.78145218,5112700
1/10/2020,59.70000076,59.70000076,58.77000046,58.86000061,52.45174789,4807700
1/13/2020,60.15000153,60.15999985,59.45000076,60.06000137,53.52109528,6613700
1/14/2020,60.15999985,60.63999939,59.91999817,60.31999969,53.75278854,6715200
1/15/2020,59.66999817,59.70000076,58.25999832,58.38999939,52.03290176,10075100
1/16/2020,59.20000076,59.68999863,58.29999924,58.75,52.3537178,11215700
1/17/2020,58.63999939,58.75,58.00999832,58.58000183,52.20223618,8125700
1/21/2020,57.99000168,59,57.47000122,58.24000168,51.89923859,9873700
1/22/2020,58.90000153,58.93999863,58.31999969,58.34999847,51.99726105,8124500
1/23/2020,57.86000061,58.06999969,56.61999893,57.47999954,51.22200012,9999200
1/24/2020,58.09000015,58.13999939,57.45999908,57.72999954,51.44476318,10402200
1/27/2020,55.61999893,55.99000168,55.06000137,55.25999832,49.24368286,9675500
1/28/2020,55.72999954,57.11999893,55.47999954,57.09000015,50.8744545,8124400
1/29/2020,57.52000046,57.52000046,56.84999847,57.18999863,50.96356583,7693400
1/30/2020,55.08000183,56.04000092,55.06000137,55.79999924,49.72489166,10295700
1/31/2020,55.43000031,55.47999954,53.59999847,53.93999863,48.06739426,13467200
2/3/2020,54.34999847,54.93999863,54.13999939,54.77000046,48.80704117,9594300
2/4/2020,56.91999817,57.63999939,56.90000153,57.52000046,51.25762558,12746600
2/5/2020,58.09999847,58.15000153,57.16999817,57.91999817,51.61407852,6594400
2/6/2020,58.27000046,58.27999878,57.27999878,58.02000046,51.70319748,4236300
2/7/2020,57.13999939,57.13999939,56.06000137,56.20000076,50.08134079,6808400
2/10/2020,56.43999863,57.04999924,56.34000015,57.02000046,50.81206894,4281200
2/11/2020,57.95000076,58.90000153,57.81000137,58.65999985,52.27351761,6523200
2/12/2020,59.25,59.75,58.90000153,59.63000107,53.13790512,5962900
2/13/2020,59.13000107,59.70000076,58.74000168,59.33000183,52.87056732,6460100
2/14/2020,59.02000046,59.16999817,57.86999893,58.18999863,51.85467911,6932400
2/18/2020,56.09999847,56.56000137,55.63000107,56.18000031,50.06351852,10989000
2/19/2020,57.25,57.93999863,57,57.63999939,51.36456299,7866300
2/20/2020,56.93999863,57.04000092,55.81000137,56.47999954,50.33086014,7192900
2/21/2020,56.65000153,56.65000153,55.52000046,55.59000015,49.53774643,6816600
2/24/2020,53.54999924,54.68999863,53.18000031,54.11999893,48.22779465,9968800
2/25/2020,55.33000183,55.47000122,53.83000183,53.86000061,47.99610519,12670700
2/26/2020,54.49000168,55.40999985,54.38000107,55.02999878,49.03871918,10969300
2/27/2020,54.20000076,54.59999847,53.27000046,53.29000092,47.48816681,11878900
2/28/2020,51.34999847,54.04999924,51,53.84000015,47.97828674,13604500
3/2/2020,54.36999893,56.00999832,53.83000183,55.97999954,49.88529587,13797700
3/3/2020,56.29999924,56.36999893,54.04000092,54.88000107,48.905056,14661800
3/4/2020,55.97000122,57.09000015,55.54999924,57.08000183,50.86552429,9878200
3/5/2020,56.11000061,56.38999939,55.25,55.72999954,49.66250992,10004200
3/6/2020,54.59999847,55.08000183,53.97000122,55.06999969,49.07436752,12971200
3/9/2020,51.54999924,54.13999939,51.06000137,51.83000183,46.18712997,13781100
3/10/2020,53.70999908,54.61999893,52.49000168,54.50999832,48.57533264,11698700
3/11/2020,53.11000061,53.56000137,52.09000015,52.24000168,46.55248642,14498000
3/12/2020,49.65999985,50.99000168,48.50999832,48.68999863,43.38896942,15942200
3/13/2020,51.90000153,52.45999908,49.29000092,52.22999954,46.54357147,14948700
3/16/2020,46.34000015,48.34999847,44.90000153,44.90000153,40.01160049,16628200
3/17/2020,45.75,48.56000137,45.02999878,48.54000092,43.25531006,13415700
3/18/2020,43.79999924,46.09000015,43.25999832,44.36999893,39.53931046,15018500
3/19/2020,43.74000168,45.18000031,42.70000076,43.88999939,39.48263168,11182600
3/20/2020,48.02000046,48.27999878,44.47999954,44.52999878,40.05836487,14157700
3/23/2020,45.11999893,45.61000061,43.52000046,45.25999832,40.715065,10508600
3/24/2020,48,48.91999817,47.5,48.86999893,43.96254349,12216200
3/25/2020,49.29999924,50.04999924,48.04999924,49,44.07949448,9796600
3/26/2020,49.09999847,50.45999908,48.91999817,49.86999893,44.86213303,10577500
3/27/2020,47.22999954,48.09000015,46.50999832,46.90999985,42.19937134,12158500
3/30/2020,47.18000031,48.15999985,46.77000046,47.81999969,43.01799393,8428300
3/31/2020,47.79999924,49.02999878,47.65999985,47.79000092,42.99100494,9595700
4/1/2020,46.83000183,47.56000137,46.29999924,46.50999832,41.83954239,8755200
4/2/2020,46.91999817,48.22000122,46.61000061,48.13000107,43.29685974,6174700
4/3/2020,47.79000092,48.15000153,46.77999878,47.06000137,42.33430099,5486200
4/6/2020,48.63000107,50.09999847,48.50999832,49.97000122,44.95209122,7370300
4/7/2020,51.29000092,51.31999969,49.65999985,49.72000122,44.7271843,6568700
4/8/2020,50.20999908,50.59999847,49.54000092,50.27000046,45.22197342,6325900
4/9/2020,50.27999878,50.65999985,47.72000122,48.33000183,43.47677612,12274000
4/13/2020,48.74000168,49.09000015,47.95999908,48.75,43.854599,9873200
4/14/2020,50,51.27000046,49.95000076,50.63000107,45.54581451,11068800
4/15/2020,49.75999832,49.97000122,49.04000092,49.65999985,44.67322159,9398100
4/16/2020,51.81000137,53.13999939,51.68000031,52.40000153,47.13806915,18615900
4/17/2020,54.13000107,54.18999863,53,53.68999863,48.29852676,11288500
4/20/2020,53,53.81999969,52.56000137,52.59000015,47.30898666,9901700
4/21/2020,51.59999847,51.81000137,50.52000046,51.36999893,46.21150208,13102500
4/22/2020,52.47999954,53.11000061,52.40999985,52.95000076,47.63284683,8255500
4/23/2020,52.81000137,53.13000107,52.25999832,52.63999939,47.35398102,7619900
4/24/2020,52.59999847,52.88999939,52,52.72999954,47.43493652,5701800
4/27/2020,53.15000153,53.75,52.97000122,53.50999832,48.13660812,5812300
4/28/2020,53.50999832,53.72999954,52.68000031,52.75999832,47.46191788,8561100
4/29/2020,53.75,54.68999863,53.43000031,54.47999954,49.00920105,8565500
4/30/2020,54.20000076,54.40999985,52.95999908,53.13000107,47.7947731,6337900
5/1/2020,52.47999954,52.56000137,51.09000015,51.09999847,45.9686203,10238700
5/4/2020,51.79000092,52.18000031,51.27999878,52.15000153,46.9131813,7514000
5/5/2020,52.20999908,52.58000183,51.58000183,51.70999908,46.51735687,7780700
5/6/2020,52.11000061,52.61999893,52,52.13000107,46.89518356,8206700
5/7/2020,52.95000076,52.97999954,52.09999847,52.33000183,47.07510757,5493400
5/8/2020,52.61999893,53.34000015,52.47000122,52.90999985,47.59686279,6086000
5/11/2020,52.61000061,52.83000183,52.38000107,52.40000153,47.13806915,6459300
5/12/2020,52.63999939,52.63999939,51.08000183,51.09999847,45.9686203,8584500
5/13/2020,51.90999985,52.02000046,50.47999954,50.91999817,45.8066864,8611000
5/14/2020,50.43000031,52.15000153,49.79000092,52.09999847,46.86819458,13695600
5/15/2020,50.56000137,51.04999924,49.38000107,49.79999924,44.79914856,17777200
5/18/2020,50.93999863,52.18999863,50.77000046,51.86999893,46.66129303,12726500
5/19/2020,51.34999847,51.45999908,50.79999924,50.81000137,45.70774078,12940300
5/20/2020,51.58000183,52.09000015,50.5,51.84000015,46.63430786,8406200
5/21/2020,52.09999847,52.20999908,50.68999863,50.75,45.65376282,7842600
5/22/2020,50.84000015,50.86000061,49.61000061,49.79999924,44.79914856,12462300
5/26/2020,51.29999924,51.40000153,50.79000092,50.81999969,45.71673965,8872000
5/27/2020,51.02999878,51.74000168,50.75,51.74000168,46.54434967,11405700
5/28/2020,51.45999908,51.61999893,50.09999847,50.27999878,45.23096466,8178700
5/29/2020,50.34000015,50.72999954,49.86000061,50.33000183,45.27594757,10918500
6/1/2020,50.90999985,51.27999878,50.54000092,51.02999878,45.90564728,6187300
6/2/2020,51.45000076,52.04000092,51.29000092,52.00999832,46.78723526,6063600
6/3/2020,52.63999939,53.25,52.41999817,53.06000137,47.73180008,8380200
6/4/2020,53.06000137,54.36999893,53.02999878,54.27999878,48.82928848,13269500
6/5/2020,55.5,56.34000015,55.06000137,55.20000076,49.65690613,9776100
6/8/2020,55.74000168,55.77999878,54.70999908,55.56999969,49.98974609,6302100
6/9/2020,55.29000092,56.63000107,54.95000076,56.61000061,50.92531586,9355100
6/10/2020,56.81999969,58.04000092,56.81999969,57.54999924,51.77091599,9194300
6/11/2020,55.84999847,56.40999985,55.00999832,55.04000092,49.5129776,9877100
6/12/2020,56.5,56.86999893,55.34999847,56,50.37657166,9838800
6/15/2020,54.70999908,56.11999893,54.52000046,56.02000046,50.39456558,7509700
6/16/2020,56.59000015,57,55.54000092,55.79999924,50.19665909,8827200
6/17/2020,56.15000153,56.81999969,55.88999939,56.59999847,50.91631699,8248700
6/18/2020,56.04000092,56.54000092,55.79000092,56.15000153,50.88913727,6831500
6/19/2020,56.47999954,56.5,55.27000046,55.31000137,50.12783432,6965100
6/22/2020,55.5,56,55.31999969,56,50.75318527,4480400
6/23/2020,56.63999939,57.15999985,56.52999878,56.75999832,51.44197083,7836500
6/24/2020,56.70999908,57.06000137,56.15999985,56.58000183,51.2788353,7080200
6/25/2020,56.56000137,57.09000015,55.95000076,57.04000092,51.69573975,4509600
6/26/2020,57,57.25999832,56.20999908,56.33000183,51.05226898,6229300
6/29/2020,56.34000015,56.40999985,55.65999985,56.38999939,51.10663986,5016600
6/30/2020,56.25,56.99000168,56.18999863,56.77000046,51.45104599,7158700
7/1/2020,56.97000122,57.47000122,56.75999832,56.81999969,51.49634933,6866500
7/2/2020,57.95000076,59.06999969,57.95000076,58.61999893,53.12770462,10021200
7/6/2020,60.66999817,62.13000107,60.56000137,61.88000107,56.08226776,12725600
7/7/2020,61.25999832,61.5,60.68000031,60.70999908,55.02187347,6672300
7/8/2020,61.63999939,62.74000168,61.5,62.59000015,56.72574615,8721900
7/9/2020,62.95000076,64.97000122,62.88999939,64.77999878,58.71055222,16903300
7/10/2020,64.47000122,64.55999756,63.18999863,63.84999847,57.8676796,10700000
7/13/2020,65.19999695,67.08000183,64.98000336,65.06999969,58.97338867,16667700
7/14/2020,66,67.02999878,65.33000183,66.95999908,60.68630981,10482700
7/15/2020,67.18000031,67.20999908,65.16000366,66.05999756,59.87062454,12432500
7/16/2020,65.37999725,66.62999725,64.31999969,66.58999634,60.35096359,15709400
7/17/2020,67.30999756,68,66.37000275,66.40000153,60.17878342,11716600
7/20/2020,66.69999695,66.98000336,65.80000305,66.88999939,60.62285995,6357300
7/21/2020,68.83999634,69.25,67.70999908,67.80999756,61.45664978,10619700
7/22/2020,68.09999847,68.90000153,68.02999878,68.52999878,62.10920334,7366100
7/23/2020,68.26000214,68.5,66.75,67.37000275,61.05789948,8559500
7/24/2020,71.40000153,76.88999939,71.34999847,73.90000153,66.97607422,41226800
7/27/2020,81.36000061,83.40000153,80.43000031,83.25,75.45002747,39899200
7/28/2020,79.34999847,79.58000183,76.48999786,76.91999817,69.71312714,31500100
7/29/2020,77.11000061,83.37000275,77.05999756,82.66999817,74.92436218,28304000
7/30/2020,80.01000214,81.27999878,78.61000061,79.93000031,72.44110107,16820300
7/31/2020,79.62999725,79.76999664,77.51000214,78.88999939,71.49853516,12021200
8/3/2020,77.76999664,79.15000153,77.41000366,78.94999695,71.55292511,10129800
8/4/2020,79.33000183,80.19000244,78.73999786,80.19000244,72.67675018,12569400
8/5/2020,80.98000336,84,80.56999969,81.62999725,73.98182678,14436300
8/6/2020,82.04000092,82.09999847,80.22000122,80.51999664,72.97581482,9838700
8/7/2020,80.48999786,80.79000092,79.41000366,80.02999878,72.53173828,8705800
8/10/2020,80.55000305,80.84999847,79.22000122,79.87000275,72.38672638,7421400
8/11/2020,79.08999634,79.19999695,77.94000244,77.94000244,70.63755035,7056300
8/12/2020,78.16000366,79.55000305,77.73000336,79.38999939,71.9516983,8354400
8/13/2020,79,79.09999847,77.83000183,78.30000305,70.96382141,6551800
8/14/2020,78.41999817,79.23000336,78.05000305,78.41000366,71.06352234,5611200
8/17/2020,79.80000305,80.88999939,79.66000366,80.19000244,72.67675018,8663900
8/18/2020,80.22000122,80.81999969,79.25,79.41000366,71.96981049,6804800
8/19/2020,79.01000214,79.23000336,78.25,78.54000092,71.18133545,7976800
8/20/2020,76.31999969,77.09999847,75.98000336,76.80999756,69.61343384,11457100
8/21/2020,78.01999664,78.73000336,77.86000061,78.33999634,71.00007629,7942300
8/24/2020,79.73000336,79.91000366,78.48999786,78.90000153,71.50761414,6405600
8/25/2020,79.84999847,80.48000336,79.47000122,80.04000092,72.54079437,6113100
8/26/2020,81.25,82.16999817,81.01000214,81.75,74.09056854,7821600
8/27/2020,82.18000031,82.30999756,80.16999817,80.59999847,73.04833221,8018200
8/28/2020,80.05999756,80.87999725,79.91000366,80.44000244,72.90332794,5699500
8/31/2020,79,79.76000214,78.69000244,79.25,71.82480621,9812900
9/1/2020,80.12000275,81.59999847,79.98999786,81.55000305,73.90932465,10193300
9/2/2020,81.34999847,82.70999908,79.87999725,82.16999817,74.47123718,12567800
9/3/2020,81.12000275,81.80999756,78.37999725,81.18000031,73.57397461,20090100
9/4/2020,80.5,81.47000122,77.41000366,78.91000366,71.51667786,13638700
9/8/2020,78.01999664,79.15000153,77.22000122,77.31999969,70.07563782,11553500
9/9/2020,78.62000275,79.69999695,78.55000305,79.40000153,71.96076202,7867500
9/10/2020,80.73999786,81.23000336,78.76000214,78.90000153,71.50761414,11241800
9/11/2020,80.01000214,80.30000305,78.59999847,78.81999969,71.435112,7853500
9/14/2020,80.5,81.12000275,79.94999695,80.5,72.95768738,7091100
9/15/2020,81.55999756,86.79000092,81.37999725,85.84999847,77.80644989,21048400
9/16/2020,86.48999786,86.48999786,83.04000092,83.12999725,75.34128571,14492600
9/17/2020,81,82.29000092,80.61000061,81.91000366,74.6188736,10090200
9/18/2020,82.37000275,82.83999634,80.11000061,80.23000336,73.08840179,10528300
9/21/2020,79.80000305,80.65000153,79.08000183,80.58999634,73.41636658,8417100
9/22/2020,80.83000183,80.88999939,79.40000153,80.48000336,73.31617737,6375200
9/23/2020,79.69999695,79.93000031,77.88999939,77.91999817,70.98403168,9094700
9/24/2020,76.81999969,79,76.16999817,78.37999725,71.4030838,9940900
9/25/2020,78.16999817,78.91999817,77.38999939,78.87999725,71.85857391,6057500
9/28/2020,80.30999756,80.37000275,79.47000122,79.76999664,72.6693573,5999300
9/29/2020,79.69999695,81.23999786,79.30999756,80.51000214,73.3434906,6114600
9/30/2020,80.58999634,81.94000244,80.56999969,81.06999969,73.85364532,5878900
10/1/2020,82.05999756,82.72000122,81.73999786,82.62000275,75.26567841,6253800
10/2/2020,80.70999908,82.19999695,80.61000061,80.80000305,73.60770416,6145900
10/5/2020,81.55000305,84.62999725,81.55000305,84.54000092,77.01477051,10129100
10/6/2020,83.76999664,84.44999695,82.76999664,83.12000275,75.72116852,7795600
10/7/2020,84.77999878,87,84.77999878,86.91999817,79.1829071,11446400
10/8/2020,88.86000061,88.86000061,86.51999664,87.80000305,79.98458099,10920800
10/9/2020,88.33999634,88.80000305,87.63999939,88.77999878,80.87734985,7608800
10/12/2020,89.12000275,91.26999664,88.68000031,90.91000366,82.81773376,10022000
10/13/2020,90.5,90.65000153,89.43000031,89.63999939,81.66079712,8247000
10/14/2020,89.65000153,89.87999725,88.26999664,88.59999847,80.71336365,8159000
10/15/2020,87.29000092,89.48999786,87.19000244,88.15000153,80.30340576,10327900
10/16/2020,88.55000305,88.58999634,86.44000244,86.69999695,78.98248291,7457200
10/19/2020,88.33999634,89.62000275,87.29000092,87.55999756,79.76593781,7994500
10/20/2020,87.79000092,88.98000336,87.76999664,88.26000214,80.40364075,7357600
10/21/2020,88,88.87000275,87.56999969,87.63999939,79.83882904,7387600
10/22/2020,88.44000244,88.94000244,87.87999725,88.20999908,80.35808563,5656200
10/23/2020,88.25,88.44999695,87.43000031,88.30999756,80.4491806,4165400
10/26/2020,87.20999908,87.77999878,85.76999664,86.73000336,79.00984192,5568000
10/27/2020,86.95999908,87.22000122,85.98000336,86.70999908,78.99159241,5315800
10/28/2020,85.15000153,85.41000366,83.83999634,83.84999847,76.38617706,8727300
10/29/2020,84.26999664,85.33000183,84.01999664,84.88999939,77.33361053,5845600
10/30/2020,84.43000031,84.75,83.16000366,83.87000275,76.40439606,4963600
11/2/2020,84.59999847,85.95999908,84.52999878,85.70999908,78.08061218,6597100
11/3/2020,86.19000244,88.23999786,86.05999756,87.69000244,79.8843689,6274700
11/4/2020,88.72000122,89.76999664,88.45999908,89.44999695,81.48769379,7620800
11/5/2020,90.41999817,90.95999908,89.76999664,90.43000031,82.38047791,6670100
11/6/2020,89.80999756,91.5,89.05000305,91.41000366,83.27324677,6403000
11/9/2020,92.19999695,92.48000336,88.94000244,89.02999878,81.10507202,8978000
11/10/2020,88.40000153,88.80000305,86.69999695,87.66000366,79.85703278,8350100
11/11/2020,89.5,91.18000031,89.36000061,90.87999725,82.79042816,7707300
11/12/2020,90.87999725,91.88999939,89.77999878,89.81999969,81.82476807,7474600
11/13/2020,91.54000092,93.80999756,91.20999908,93.22000122,84.92214966,9170900
11/16/2020,96.41999817,102.4400024,96.36000061,99.26999664,90.43357849,18436200
11/17/2020,97.98000336,98.08999634,95.69000244,95.70999908,87.19047546,10843700
11/18/2020,98.51999664,98.80000305,96.37000275,96.93000031,88.30187988,8526600
11/19/2020,96.76999664,96.86000061,95.62000275,96.61000061,88.01036072,5542800
11/20/2020,96.66000366,97.19999695,95.30000305,95.33000183,86.84431458,5329800
11/23/2020,97.16000366,98.93000031,96.84999847,98.12999725,89.39505005,8802400
11/24/2020,98.48999786,98.58999634,96.01999664,96.63999939,88.0377121,7022800
11/25/2020,96.19999695,97.98999786,96.13999939,97.48999786,88.81204224,5194900
11/27/2020,98.54000092,99.26999664,98.05000305,98.73999786,89.95074463,4367100
11/30/2020,97.55999756,97.94999695,96.19999695,97.01999664,88.38385773,13840500
12/1/2020,98.69000244,104.3000031,98.51999664,100.8600006,91.88204193,16157300
12/2/2020,102,102.0400009,99.51999664,99.54000092,90.6795578,8676300
12/3/2020,101.0599976,101.1900024,99.43000031,99.5,90.64311218,7359000
12/4/2020,101.5100021,103.75,100.6999969,103.7300034,94.49659729,10824500
12/7/2020,106.0199966,107.6100006,104.9700012,106.3899994,96.91980743,11793000
12/8/2020,107.7799988,107.8399963,105.1100006,105.6399994,96.23655701,9876200
12/9/2020,106.0100021,106.5999985,103.5100021,104.4199982,95.12517548,8204100
12/10/2020,103,105.1100006,102.1999969,104.2300034,94.9520874,7135000
12/11/2020,104.0100021,105.1200027,103.2200012,104.0299988,94.76988983,7492600
12/14/2020,103.7699966,104.9000015,103.5,103.5599976,94.34170532,5878000
12/15/2020,105.6800003,106.3799973,104.4199982,105.0899963,95.7355423,7399900
12/16/2020,105.6500015,105.6699982,103.9599991,105.1999969,95.83573151,5986900
12/17/2020,104.9000015,105.3199997,103.8499985,103.9000015,95.05081177,7779300
12/18/2020,104,104.8000031,103.1600037,104.2799988,95.3984375,7417000
12/21/2020,103.5599976,104.9599991,103.3199997,104.8300018,95.90162659,6116400
12/22/2020,105.0699997,105.2200012,102.9100037,103.9400024,95.08740997,5597100
12/23/2020,104.6699982,104.8700027,103.5999985,103.7600021,94.92272949,3320800
12/24/2020,104.7600021,106.3399963,104.6699982,105.9700012,96.94451904,3172100
12/28/2020,107.5999985,108.1699982,105.9499969,106.1500015,97.10918427,5157000
12/29/2020,107,107.1500015,105.2200012,105.5599976,96.56942749,4602400
12/30/2020,107.6999969,109.6999969,107.4000015,108.9000015,99.62497711,9571800
12/31/2020,109.6600037,109.6699982,108.4400024,109.0400009,99.7530365,4909500
1/4/2021,111.4700012,114.0999985,110.4499969,111.6999969,102.1865005,11262100
1/5/2021,112.4100037,114.9499969,112.0100021,112.7699966,103.1653519,10583600
1/6/2021,113.8499985,116.3899994,112.5500031,115.6100006,105.7634659,10609300
1/7/2021,119.3399963,122.9400024,117.5899963,121.4300003,111.0877838,13556100
1/8/2021,125.9100037,126.2900009,116.9800034,118.6900024,108.5811539,18976800
1/11/2021,119.7399979,123.5999985,118.8000031,122.5999985,112.1581345,12006800
1/12/2021,125.1600037,125.1999969,121.6800003,123,112.5240707,14163200
1/13/2021,124.4000015,124.8000031,118,119.2300034,109.0751648,20650500
1/14/2021,123.4499969,134.6499939,121.6699982,126.4499969,115.6802216,37125400
1/15/2021,128.4700012,128.5399933,123.2099991,125.2300034,114.5641327,17343100
1/19/2021,130.5899963,134.0500031,128.4400024,131.3000031,120.117157,20443800
1/20/2021,135.1900024,136.1300049,130.1000061,130.6399994,119.5133896,17360700
1/21/2021,133.25,135.3999939,132.3399963,134.1600037,122.7335739,15460100
1/22/2021,130.0399933,131.25,128.8099976,129.1399994,118.1411057,19163200
1/25/2021,131.8300018,132.1699982,127.3499985,130.5200043,119.4035873,20469300
1/26/2021,129.0500031,129.3200073,126.25,126.6500015,115.8631821,17084600
1/27/2021,124.9499969,125.0999985,121.5,121.7399979,111.3713837,16732700
1/28/2021,124.5,127.5800018,123.5800018,125.8300018,115.1130447,14148100
1/29/2021,124,124.3600006,120.5500031,121.5199966,111.170105,15169200
2/1/2021,124.5400009,126.8499985,123.3799973,126.6600037,115.872345,10179900
2/2/2021,129.4700012,130.25,127.4499969,128.4400024,117.5007477,9302400
2/3/2021,129,129.1399994,126.0599976,127.5,116.6408005,9676600
2/4/2021,127.5,128.1999969,125.9700012,128.1499939,117.2354202,7445100
2/5/2021,128.7899933,128.8800049,126.6999969,127.7799988,116.896965,6226800
2/8/2021,128.6999969,133.25,128.6999969,132.5500031,121.2606735,11160000
2/9/2021,133.9799957,134.4100037,131.75,132.6799927,121.3795929,7929100
2/10/2021,134.1199951,136,132.5099945,133.6900024,122.3036118,12196300
2/11/2021,135.3999939,139.2299957,134.0599976,139.1600037,127.3077316,12347900
2/12/2021,138.9199982,139.8099976,137.1600037,138.0599976,126.3013992,11114100
2/16/2021,141.6100006,142.1999969,139.4199982,140.0500031,128.1219025,11833600
2/17/2021,139.2100067,139.6399994,136.1000061,136.2700043,124.6638641,12311200
2/18/2021,134.8500061,135.8800049,133.3999939,134.6300049,123.1635437,11614600
2/19/2021,136.1499939,137.9499969,135.7200012,136.6600037,125.020668,10771900
2/22/2021,133.5899963,135.2799988,133.1799927,133.5700073,122.1938248,10363800
2/23/2021,129.1000061,131.7400055,125.3799973,129.1000061,118.1045456,18444700
2/24/2021,129.5099945,132.3800049,127.6800003,132.3000031,121.0319824,12782900
2/25/2021,131.5200043,131.5399933,125.7200012,126,115.2685471,13581200
2/26/2021,125.4300003,127.3899994,122.8300018,125.9400024,115.2136612,17281000
3/1/2021,129.6300049,130.3000031,127.2399979,129.1300049,118.1319733,9714900
3/2/2021,128.4299927,128.5200043,126,126,115.2685471,8274500
3/3/2021,126.7200012,127.7600021,122.7099991,122.8899994,112.4234314,10660300
3/4/2021,121.9499969,123.1500015,113.4899979,115.5899963,105.7451782,24454200
3/5/2021,120.9000015,121.3000031,115.3799973,120.8000031,110.5114517,17448700
3/8/2021,120.5400009,121,113.6999969,113.9300003,104.2265472,17246900
3/9/2021,117.0699997,118.4000015,115.3300018,116.3799973,106.4678802,17717100
3/10/2021,117.8000031,118.0299988,113.4100037,113.8300018,104.1350937,15240300
3/11/2021,118.2399979,120.8000031,117.0699997,120.5800018,110.3101807,15091600
3/12/2021,119,119,117.2799988,118.3000031,108.2243729,8171000
3/15/2021,118.6500015,119.1100006,116.7099991,119.0800018,108.9379501,8935000
3/16/2021,119.7200012,121.25,118.0999985,119.3499985,109.1849136,10793400
3/17/2021,117.75,119.5199966,115.3899994,118.7600021,109.0545502,9890400
3/18/2021,118,118.3300018,114.0999985,114.5,105.1426773,10283800
3/19/2021,114.3799973,114.8899994,113.2099991,113.6299973,104.3437805,11536000
3/22/2021,114.7900009,118.3300018,114.7900009,117.1800003,107.6036758,9376400
3/23/2021,116.0999985,116.75,114.6200027,114.8899994,105.5008163,8977400
3/24/2021,112.4700012,114.6900024,108.8499985,108.9599991,100.0554428,24196100
3/25/2021,108,112.75,107.8899994,110.4499969,101.4236603,16772400
3/26/2021,112,116.6999969,111.1999969,116.5599976,107.0343246,12910900
3/29/2021,116.5500031,116.7600021,112.3899994,114.3899994,105.0416794,10863600
3/30/2021,115.2799988,116.0899963,114.2900009,115.0699997,105.6661072,8206200
3/31/2021,115.7900009,118.3600006,115.5599976,118.2799988,108.6137695,9806500
4/1/2021,122.8099976,124.8799973,121.6399994,124.8000031,114.6009216,17904000
4/5/2021,127.0699997,127.4000015,122.6800003,124.5,114.3254471,14113900
4/6/2021,124,124.0100021,121.5400009,122.4400024,112.4337997,13042300
4/7/2021,122.4400024,122.6100006,119.8399963,119.8899994,110.0922012,11193200
4/8/2021,121.3799973,123.8199997,121.3799973,123.4300003,113.3429031,10226700
4/9/2021,122.75,123.4400024,121.6999969,122.8000031,112.7643814,8315200
4/12/2021,122.2099991,122.4599991,119.2399979,120.9000015,111.0196381,9868400
4/13/2021,122.4000015,122.9000015,120.3499985,121.2699966,111.359436,8384800
4/14/2021,121.9899979,122.4300003,120.5,120.8399963,110.9645691,9521900
4/15/2021,121.6999969,122,116.5599976,118.3499985,108.6780701,18709100
4/16/2021,119.1900024,120.5999985,117.8499985,118.8399963,109.1279831,9512100
4/19/2021,118,118.8799973,115.1999969,115.4000015,105.9691315,12630300
4/20/2021,116.0500031,116.7799988,114.5500031,114.9499969,105.5559082,9299200
4/21/2021,114.5,117.4899979,113.7699966,117.4000015,107.805687,8472200
4/22/2021,117.5,117.5,114.4100037,115.3199997,105.8956757,7411800
4/23/2021,116.5800018,118.7200012,115.9300003,118.6399994,108.9443512,8380300
4/26/2021,120,121.5400009,119.4000015,121.5199966,111.588974,8444000
4/27/2021,121.5,121.6500015,119.8899994,121.2699966,111.359436,5491800
4/28/2021,120,120.4199982,118.7300034,119.6600037,109.8809967,6476500
4/29/2021,120.7200012,120.8300018,117.6100006,119.0999985,109.366745,8831800
4/30/2021,118.0100021,118.1800003,116.6500015,116.7399979,107.1996078,7950700
5/3/2021,117.4700012,117.5500031,115.7300034,115.9400024,106.4649963,10229500
5/4/2021,115,115.8199997,113.7399979,115.3600006,105.9324036,9638300
5/5/2021,116,116.4899979,114.8499985,115.3799973,105.9507828,7059000
5/6/2021,115.3000031,117.6399994,114.4599991,117,107.4383774,8581700
5/7/2021,118.4000015,119.4199982,116.0500031,116.8300018,107.2822571,9614300
5/10/2021,114.9800034,115.3799973,112.2300034,112.3099976,103.1316452,12281200
5/11/2021,109.7300034,112.9899979,109.1299973,112.8499985,103.6275253,10007700
5/12/2021,109.3499985,110.0899963,108.0599976,108.2099991,99.36673737,15058900
5/13/2021,109.3600006,111.4300003,107.9000015,108.75,99.86258698,10552000
5/14/2021,110.6100006,112.8300018,110.2399979,112.4599991,103.2694092,8425200
5/17/2021,109.0699997,110.0299988,107.8700027,109.8000031,100.8267899,10688600
5/18/2021,113,113.4800034,110.7399979,110.8399963,101.7817688,7476600
5/19/2021,108.5,112.4899979,108,112.4000015,103.2143097,7280500
5/20/2021,112.3899994,113.7200012,112.0999985,113.2799988,104.0223846,6442500
5/21/2021,114,114,111.6900024,111.8499985,102.7092514,5979400
5/24/2021,112.2600021,114.5400009,112.1200027,113.6299973,104.3437805,6653600
5/25/2021,114.8499985,114.9400024,113.5999985,114.2799988,104.9406662,5331700
5/26/2021,114,116,114,116,106.5200806,6605100
5/27/2021,116,116.5299988,115,115.7699966,106.308876,6513700
5/28/2021,116.3000031,117.8399963,115.9499969,117.3600006,107.768959,5386500
6/1/2021,119.7099991,120.0400009,117.4300003,118.5100021,108.8249817,7596100
6/2/2021,118.9000015,119.4499969,117.9199982,118.9499969,109.2290115,5383400
6/3/2021,118.0500031,118.2600021,116.4599991,116.8199997,107.2730789,4912200
6/4/2021,118.2300034,119.8499985,118.0500031,119.5100021,109.7432709,5352100
6/7/2021,118.1399994,118.75,117.5699997,118.2200012,108.5586853,6266000
6/8/2021,117.5500031,117.6800003,115.0599976,115.9199982,106.4466248,11564800
6/9/2021,116,117.6500015,115.9700012,117.1299973,107.5577621,6401600
6/10/2021,117.0400009,118.8499985,116.6299973,118.2399979,108.5770416,8566600
6/11/2021,118.2900009,118.4199982,117.1600037,118.25,108.5862198,6036600
6/14/2021,118.5500031,121,118.4599991,120.9899979,111.1022949,7610300
6/15/2021,120.3499985,122,119.2699966,119.4499969,109.6881409,8196900
6/16/2021,119.5500031,119.9000015,117.5,118.0199966,108.3750153,8059400
6/17/2021,117.6800003,120.2399979,117.5899963,119.1200027,109.804718,7608100
6/18/2021,117.5100021,117.8899994,115.2099991,115.7900009,106.7351456,12532800
6/21/2021,115.3799973,115.4000015,113.0199966,114.1399994,105.2141495,11116200
6/22/2021,113.5,114.4899979,112.0100021,114.3300018,105.3892899,11792400
6/23/2021,116.1999969,117.4199982,115.8099976,116.0500031,106.9748001,8913700
6/24/2021,116.7200012,117.6699982,116.2699966,117.2399979,108.0717545,6772200
6/25/2021,117.4499969,117.9300003,116.5299988,116.5299988,107.4172516,6712800
6/28/2021,117.2900009,119.9499969,117.1800003,119.6100006,110.2564087,11026600
6/29/2021,119.4000015,120.2900009,118.4199982,120.2300034,110.8279343,7874900
6/30/2021,120.1600037,120.7600021,119.0100021,120.1600037,110.763382,7936400
7/1/2021,120.0999985,120.2099991,118.0299988,118.4199982,109.159462,8295600
7/2/2021,118.75,119.1800003,118.4100037,118.9100037,109.6111526,5144300
7/6/2021,119.8499985,120.9599991,118.2200012,120.0500031,110.6620102,7181500
7/7/2021,120.6399994,121.0500031,118.2099991,118.25,109.0027695,7391800
7/8/2021,115.8700027,118.2799988,115.3799973,117.8700027,108.6524811,7565400
7/9/2021,118,120.7900009,117.6200027,120.5599976,111.1321182,8374200
7/12/2021,121.1900024,122.7300034,119.5199966,122.6299973,113.0402451,10668700
7/13/2021,123.1900024,125.4800034,122.1299973,123.9000015,114.2109451,13460200
7/14/2021,125.1500015,125.7799988,124.0699997,124.3899994,114.6626129,10587700
7/15/2021,120.1200027,120.6999969,116.8700027,117.5299988,108.3390579,23734500
7/16/2021,118.75,118.9899979,115.1699982,115.7399979,106.6890411,12110000
7/19/2021,114,115.6200027,113.2300034,115.3499985,106.3295441,9230200
7/20/2021,115.8799973,116.8700027,114.4300003,116.4000015,107.2974319,7108000
7/21/2021,116.2300034,117.8700027,115.9300003,117.8700027,108.6524811,5564700
7/22/2021,118.0899963,118.0899963,116.2099991,116.5599976,107.4449081,5746500
7/23/2021,117.6500015,117.6500015,115.3300018,116.7900009,107.656929,5773900
7/26/2021,115.7900009,116.0999985,114.8700027,115.6500015,106.6060944,6440600
7/27/2021,115.3199997,115.4000015,112.0500031,113.5400009,104.6610947,11127500
7/28/2021,113.9400024,115.5100021,113.8799973,115.0699997,106.0714417,6819700
7/29/2021,116,117.1100006,115.6100006,116.1500015,107.0669632,7162000
7/30/2021,115.5,117.4199982,115.1900024,116.6399994,107.5186691,6482600
8/2/2021,117.5,118.3799973,116.6600037,116.8600006,107.7214508,6028800
8/3/2021,117.3099976,118.6399994,116.8399963,118.4100037,109.1502457,5874700
8/4/2021,118.4300003,119.5500031,118.2799988,118.7399979,109.4544449,4254000
8/5/2021,119.0699997,119.2399979,118.2399979,119.2200012,109.896904,4452300
8/6/2021,118.3700027,118.5999985,117.4499969,118.2099991,108.9658813,4338100
8/9/2021,118.4199982,118.7900009,117.3199997,118.2200012,108.9751129,4280200
8/10/2021,118.5,119.0500031,114.0800018,116.3600006,107.2605438,5132800
8/11/2021,116.5,117.2900009,115.1999969,115.9899979,106.9194946,4490400
8/12/2021,115.5500031,115.9499969,114.4400024,115.6999969,106.6521835,6338400
8/13/2021,115.0699997,115.5199966,114.4899979,115.5,106.4678116,4593200
8/16/2021,115.0999985,115.4800034,114.0999985,114.6299973,105.6658478,5435900
8/17/2021,113.7300034,113.8499985,110.75,111.1100006,102.4211044,13398800
8/18/2021,111.7399979,113,110.3799973,110.4499969,101.8127289,9167300
8/19/2021,109,110.9700012,107.6800003,110.5199966,101.8772583,12146900
8/20/2021,109.1399994,109.7099991,107.7300034,108.1200027,99.66491699,13042000
8/23/2021,110.0800018,111.3300018,109.2699966,110.9599991,102.2828369,9533500
8/24/2021,111.8199997,113.0699997,111.8000031,112.1100006,103.3428955,6719800
8/25/2021,115.7099991,119.1800003,115.6100006,117.0299988,107.8781586,22106800
8/26/2021,117.9800034,118.4599991,116.3499985,118.0999985,108.8644867,9892100
8/27/2021,118.3300018,119.3000031,117.6900024,118.4899979,109.2239914,6827700
8/30/2021,118.8799973,119.5,118.4700012,118.9899979,109.6848907,6434200
8/31/2021,120.0100021,120.8000031,118.6999969,119.0100021,109.7033234,8424900
9/1/2021,120.2200012,121.3600006,119.5599976,120.4599991,111.0399323,8603900
9/2/2021,120.9400024,121.3899994,120.4599991,120.7900009,111.3441315,6866400
9/3/2021,121.5800018,124.4800034,121.2600021,123.9700012,114.2754593,10361400
9/7/2021,124.6200027,125.2799988,123.8899994,124.6999969,114.9483643,9739900
9/8/2021,122.9700012,123.1399994,121.2300034,121.8899994,112.3581085,7983300
9/9/2021,122.1900024,123.4899979,121.8799973,122.6800003,113.0863113,5101300
9/10/2021,123.0199966,124.3399963,122.8899994,122.9700012,113.3536377,5163900
9/13/2021,122.9400024,124.0999985,122.1999969,123.6200027,113.9528122,6622800
9/14/2021,123.6299973,123.6299973,122.4000015,123.0899963,113.4642715,5110500
9/15/2021,122.4100037,122.5,120.8799973,121.5,111.9986038,5566500
9/16/2021,120,121.1299973,119.3499985,120.7900009,111.8014526,7301400
9/17/2021,120.1900024,120.4700012,117.6900024,117.75,108.9876785,10722700
9/20/2021,115.1999969,116.0100021,113.5500031,114.6999969,106.1646576,8991000
9/21/2021,115.6500015,115.8700027,114.5500031,114.9599991,106.4052887,8182200
9/22/2021,115.2300034,116.2399979,114.9100037,115.8700027,107.2475891,5345600
9/23/2021,116.9700012,116.9700012,115.5899963,116.1900024,107.5437622,5484700
9/24/2021,116,116.5599976,115.5299988,115.6399994,107.0346985,4455900
9/27/2021,115.6999969,116.5699997,115.0100021,116.1500015,107.5067368,5198800
9/28/2021,114.3300018,115.0400009,111.8499985,111.9000015,103.572998,9792300
9/29/2021,112.3000031,112.8499985,111.0199966,111.6200027,103.3138275,6522400
9/30/2021,112.4300003,113.3499985,111.6500015,111.6500015,103.3416061,6433400
10/1/2021,112,112.3000031,110.3000031,111.5599976,103.2583008,5315200
10/4/2021,111,111.4300003,108.5199966,109.0199966,100.9073181,8514500
10/5/2021,109.8000031,110.3499985,109.2200012,109.2600021,101.1294708,8039600
10/6/2021,108.4400024,109.5199966,107.5800018,109.3399963,101.2034988,7553600
10/7/2021,111,111.7099991,110.4899979,110.8300018,102.5826416,7821900
10/8/2021,110.9800034,111.0699997,109.5100021,110.0400009,101.8514175,5143400
10/11/2021,110.0800018,111.7099991,109.9000015,110.2600021,102.0550385,5318500
10/12/2021,110.4700012,111.0299988,108.5599976,109.1999969,101.0739212,9294600
10/13/2021,109.3199997,110.0500031,108.9499969,109.9800034,101.7958832,7845100
10/14/2021,114.1399994,114.7399979,111.1600037,112.5599976,104.1838913,16930500
10/15/2021,114.7799988,114.9499969,112.9599991,114.8600006,106.3127289,11558800
10/18/2021,113.4199982,115.3499985,113.4199982,115.3399963,106.757019,6773800
10/19/2021,115.8000031,116.9800034,115.6299973,116.9599991,108.2564545,5406100
10/20/2021,116.8799973,117.0299988,115.5500031,115.5899963,106.9884109,8205800
10/21/2021,115.0100021,116.3499985,114.6100006,116.2900009,107.636322,4640300
10/22/2021,116.2399979,117.1500015,114.2300034,114.2300034,105.7296143,6283000
10/25/2021,114.4000015,114.5500031,113.1100006,113.6399994,105.1835251,6667700
10/26/2021,114.9400024,115.3000031,113.7200012,114.1800003,105.6833496,4852300
10/27/2021,114.0299988,115.0599976,113.7099991,113.75,105.285347,5394500
10/28/2021,113.6600037,116.0199966,113.5400009,116.0100021,107.3771667,5714300
10/29/2021,114.0699997,114.1900024,113.2200012,113.6999969,105.2390518,7118900
11/1/2021,113.5800018,114.3399963,113.3499985,114.1200027,105.6278076,4955700
11/2/2021,113.5899963,114.8000031,113.5400009,114.1100006,105.618576,4479700
11/3/2021,113.4400024,114.0999985,112.7300034,114.0100021,105.5259781,6073000
11/4/2021,113.3700027,117.8499985,112.4100037,117.7900009,109.0247116,14682800
11/5/2021,118.1699982,119.5299988,116.25,117.8000031,109.0339661,8668100
11/8/2021,118.3899994,122.25,117.0500031,120.9100037,111.912529,15776300
11/9/2021,121.25,123.2699966,120.1699982,121.7799988,112.7177811,10874100
11/10/2021,119.5999985,120.8000031,117.6800003,118.1999969,109.4041824,9046100
11/11/2021,119.2600021,120.4700012,117.8000031,118.1900024,109.3949432,6994000
11/12/2021,118.3899994,118.8199997,117.2699966,118.6900024,109.8577194,6947200
11/15/2021,119.3199997,119.6399994,117.5100021,118.1200027,109.3301544,5157000
11/16/2021,117.6900024,118.3799973,117.1600037,118.0800018,109.293129,5555100
11/17/2021,118,119.5500031,117.5100021,119.0599976,110.2001953,6391400
11/18/2021,119.9700012,123.5599976,119.8000031,123.3899994,114.2079773,13229700
11/19/2021,122.0299988,124.8000031,122.0199966,124.2600021,115.0132217,9071800
11/22/2021,123.5,128.0899963,123.2099991,124.75,115.466774,16076100
11/23/2021,122.7200012,123.1999969,119.5199966,121.3600006,112.3290482,10984000
11/24/2021,120,120.8700027,118.4000015,120.7099991,111.727417,6992600
11/26/2021,117.5,119.0400009,116.5199966,117.0899963,108.3768005,6766900
11/29/2021,118.3600006,119.8799973,117.9000015,119.2799988,110.4038162,7634000
11/30/2021,118.0999985,120.1699982,115.7600021,117.1500015,108.4323273,10561800
12/1/2021,119.2200012,123.5100021,119.2200012,120.6299973,111.6533585,12924400
12/2/2021,120.3499985,123.4000015,120.0199966,121.6999969,112.6437378,8425500
12/3/2021,121,121.8499985,117.9800034,119.3300018,110.4500961,7809000
12/6/2021,118.8899994,119.5,116.5800018,119.1399994,110.2742462,5681200
12/7/2021,120.5400009,122.5800018,120.2600021,122.3199997,113.2176132,7459200
12/8/2021,121.6299973,122.2200012,120.1100006,121.8000031,112.7363129,5795700
12/9/2021,121.1800003,122.0899963,119.4899979,119.5,110.6074524,6103900
12/10/2021,120,120.7900009,118.2399979,119.1299973,110.2649841,5973900
12/13/2021,118.8600006,119.0299988,116.3899994,116.4199982,107.7566452,5854300
12/14/2021,115.4400024,116.9800034,115.25,116.2900009,107.636322,6267300
12/15/2021,116.7900009,120.5100021,116.4800034,120.4000015,111.4404678,6700700
12/16/2021,120.3399963,120.75,116.1399994,116.5699997,108.3418121,9116100
12/17/2021,116.2900009,117.4899979,115.9300003,116.3199997,108.1094513,11725600
12/20/2021,115.9199982,116.6200027,113.9100037,114.9400024,106.8268661,6980800
12/21/2021,116.0699997,117.5,115.0800018,117.4400024,109.1504059,6122900
12/22/2021,116.9199982,121.4400024,116.8300018,121.3000031,112.7379379,9300100
12/23/2021,120.9599991,121.7900009,119.8399963,120.6800003,112.1617279,6512500
12/27/2021,121.2200012,123.2600021,121.1999969,122.6999969,114.0391235,6309900
12/28/2021,123.3799973,123.6600037,121.8700027,122.0599976,113.4442902,6321000
12/29/2021,121.8000031,123.1500015,120.9700012,121.4100037,112.8401794,5847700
12/30/2021,121,121.5500031,120.1900024,120.4199982,111.9200516,4187800
12/31/2021,121.3499985,121.75,120.2200012,120.3099976,111.8178253,3888200
1/3/2022,124.1299973,129.5899963,124,128.8000031,119.7085648,18592000
1/4/2022,130.8699951,135.5,130.3000031,133.3999939,123.9838257,25554900
1/5/2022,130.7100067,130.8800049,126.8799973,127.0599976,118.0913544,17891200
1/6/2022,127,129,124.8099976,128.4700012,119.401825,16249000
1/7/2022,126.5500031,127.1399994,123.3099976,123.5,114.7826462,21248100
1/10/2022,125.1100006,125.8700027,123.2600021,125.0100021,116.1860657,11857700
1/11/2022,126.5400009,129.5500031,125.5,129.1699982,120.0524368,12113100
1/12/2022,130.5,132.9199982,130.2200012,132.2299957,122.8964462,16389200
1/13/2022,140.75,145,138.9199982,139.1900024,129.3651276,52020000
1/14/2022,136.0899963,143.8800049,136.0899963,140.6600037,130.7313843,28255300
1/18/2022,136.75,137.1799927,133.2899933,133.8300018,124.3834991,15191400
1/19/2022,134.6199951,135.8999939,130.9400024,131.0099945,121.7625504,11155100
1/20/2022,131.9199982,132.75,128.1999969,128.3300018,119.2717133,11421900
1/21/2022,127.0800018,127.9800034,124.2699966,124.5299988,115.7399521,15573700
1/24/2022,123.7699966,126.0699997,120.1299973,125.9599991,117.0690231,17083400
1/25/2022,125.4899979,125.8199997,121.6999969,122.4800034,113.8346405,11370500
1/26/2022,125.3799973,126.6699982,121.8899994,123.0800018,114.3922958,13592100
1/27/2022,124,124.1399994,116.0299988,116.3799973,108.1652069,18599800
1/28/2022,118.7099991,119.5999985,114.1900024,117.6100006,109.308403,14005900
1/31/2022,119.5199966,122.7699966,118.8099976,122.6299973,113.9740677,10189100
2/1/2022,122.9000015,123.2399979,120.0999985,123.0500031,114.3644257,6956300
2/2/2022,126.2300034,126.4700012,122.5500031,124.1500015,115.3867722,8562900
2/3/2022,121.4499969,123.8799973,119.25,119.8399963,111.3809891,9926800
2/4/2022,120.4400024,121.8300018,119.3899994,121.0199966,112.4776993,5743200
2/7/2022,122.5599976,124.0999985,121.8799973,122.3099976,113.6766434,6562900
2/8/2022,122,123.8600006,121.6100006,123.7099991,114.9778137,7036200
2/9/2022,124.8799973,125.5500031,122.7600021,125.5199966,116.6600571,10979700
2/10/2022,124.8000031,128.6600037,124.3600006,124.7099991,115.9072571,10474900
2/11/2022,125.5,126.5800018,120.4499969,121.0100021,112.4684067,9845700
2/14/2022,119.9499969,121.5500031,118,119.7699966,111.3159256,8081800
2/15/2022,122.0199966,124.6100006,121.4599991,124.5199966,115.7306366,9248700
2/16/2022,123.1399994,124.2900009,121.5699997,123.5999985,114.8755951,5749500
2/17/2022,122.4899979,122.75,119.6500015,119.7600021,111.3066483,7976700
2/18/2022,120.5199966,120.6900024,118.4499969,119.3099976,110.8883972,8389000
2/22/2022,117.5,119.3600006,115.7200012,116.9100037,108.6578217,9793500
2/23/2022,118.5500031,119.4300003,115.7600021,115.9000015,107.719101,8114700
2/24/2022,108,111.9800034,104.3799973,111.8799973,103.9828568,27539100
2/25/2022,112.2900009,113,109.3600006,111.2300034,103.3787537,14258900
2/28/2022,109.3700027,109.7699966,105,107.0100021,99.45661163,26390800
3/1/2022,110,111.1100006,107.0500031,108.0500031,100.4232101,20377900
3/2/2022,108.4000015,109.9700012,107.8600006,109.6100006,101.873085,13342400
3/3/2022,109.9100037,110,107.5999985,108.7900009,101.1109695,10841700
3/4/2022,107,108.1200027,103.8099976,105.0599976,97.64425659,22372100
3/7/2022,103.2900009,104.0899963,99.05999756,99.29000092,92.28153992,29422900
3/8/2022,100.2099991,103.1100006,98.62000275,100,92.94142151,25650000
3/9/2022,104.5100021,105.7200012,102.7600021,104.9499969,97.54202271,14348400
3/10/2022,104.1900024,105.5299988,102.5199966,103.9599991,96.62189484,11811000
3/11/2022,105.3600006,105.3600006,101.3000031,101.4100037,94.25190735,18116400
3/14/2022,101.5199966,101.8600006,99.06999969,99.30000305,92.29085541,17959400
3/15/2022,98.02999878,102.1399994,97.62000275,102.0899963,94.88388824,13415600
3/16/2022,102.9899979,105.7900009,102.8099976,105.6900024,98.70352173,20347100
3/17/2022,105.75,106.5299988,104.75,106.4899979,99.45064545,8042000
3/18/2022,105.7099991,107.0400009,104.8899994,106.7200012,99.66544342,10218200
3/21/2022,106.7200012,107.2200012,105.1299973,106.9199982,99.852211,10366100
3/22/2022,106.3899994,107.9599991,106.2300034,107.0400009,99.96430969,10401200
3/23/2022,106.5,108.1900024,105.3499985,105.3499985,98.38600159,12905300
3/24/2022,106.7799988,107.9800034,105.8300018,107.9199982,100.7861176,10834000
3/25/2022,107.6900024,107.9800034,105.8399963,106.7300034,99.67479706,7432100
3/28/2022,105.6200027,106.7200012,104.6100006,106.3300018,99.30122375,8151200
3/29/2022,107.9199982,109.7600021,106.7900009,109.25,102.0282059,14076200
3/30/2022,107.7900009,109.3399963,106.5100021,106.7300034,99.67479706,15456300
3/31/2022,106.9599991,107.1500015,104.1900024,104.2600021,97.36804962,13021600
4/1/2022,105.7699966,105.9499969,102.2099991,102.7900009,95.99523163,12085100
4/4/2022,104.0199966,105.5699997,103.2799988,104.7900009,97.86302185,9077200
4/5/2022,104.4800034,104.5999985,102.1100006,102.5,95.72440338,12291000
4/6/2022,100.4199982,102.1399994,99.72000122,101.1800003,94.49165344,14902600
4/7/2022,100.4199982,101.2300034,99.65000153,100.5199966,93.87528992,12431000
4/8/2022,100.6200027,100.6999969,99.12000275,99.29000092,92.72659302,11796200
4/11/2022,98.22000122,98.37999725,96.91000366,97.56999969,91.12028503,12480500
4/12/2022,100,100.1500015,97.44000244,97.44000244,90.99889374,13291500
4/13/2022,99.80000305,102.2200012,99.5,101.5,94.79049683,15776800
4/14/2022,104,104.5,98.33000183,98.36000061,91.85806274,17828500
4/18/2022,97.94999695,99.83999634,97.47000122,98.76999664,92.2409668,10277400
4/19/2022,98.44000244,99.44999695,97.70999908,99.44999695,92.87599945,10103000
4/20/2022,100.4000015,101,98.90000153,99.01000214,92.46508789,8596900
4/21/2022,99.75,100.6500015,97.41000366,97.66000366,91.20433807,13038500
4/22/2022,97.02999878,97.79000092,95.36000061,95.68000031,89.35521698,11650100
4/25/2022,95.05000305,96.27999878,94.44999695,96.23999786,89.87818909,10654400
4/26/2022,94.94000244,95.01999664,92.76999664,92.76999664,86.63758087,14176000
4/27/2022,91.83999634,92.69000244,90.22000122,90.26000214,84.29348755,15846300
4/28/2022,92.16000366,96.19999695,91.77999878,95.22000122,88.92565155,15176200
4/29/2022,93.18000031,95.58999634,92.76999664,92.93000031,86.78702545,10629300
5/2/2022,92.5,94.26999664,91.23999786,93.76000214,87.56214905,8251900
5/3/2022,92.77999878,94.05000305,92.51000214,93.62999725,87.44075012,9511900
5/4/2022,93.91000366,96.06999969,91.91999817,95.98999786,89.64472961,9082500
5/5/2022,94.04000092,94.37999725,91.22000122,92.15000153,86.05857086,11517200
5/6/2022,91.40000153,92.87999725,90.26999664,91.62999725,85.57293701,7944900
5/9/2022,89.94000244,90.19000244,87.01000214,87.30000305,81.5291748,11428600
5/10/2022,90.01999664,90.29000092,88.08999634,88.81999969,82.94869995,11690400
5/11/2022,88.87000275,90.56999969,87.80000305,87.83000183,82.02412415,11531300
5/12/2022,86.22000122,88.20999908,85.38999939,87.69000244,81.89338684,11592900
5/13/2022,88.87000275,91.36000061,88.16000366,90.95999908,84.94723511,11180600
5/16/2022,89.87000275,91.37000275,89.5,90.41000366,84.43360138,6729100
5/17/2022,93.30000305,93.48999786,92.37000275,93.31999969,87.15122223,7668800
5/18/2022,92.06999969,93.23000336,90.37000275,90.52999878,84.5456543,9610900
5/19/2022,89.83999634,92.09999847,89.55999756,90.20999908,84.24681091,7739000
5/20/2022,93.04000092,93.04000092,88.83000183,90.77999878,84.7791214,10469900
5/23/2022,91.01999664,91.91000366,90.65000153,91.5,85.45152283,6920500
5/24/2022,89.51999664,89.80000305,88.51999664,88.72000122,82.8553009,8788600
5/25/2022,89.33000183,90.91999817,89.04000092,90.41000366,84.43360138,9113500
5/26/2022,89.41000366,91.37000275,89.04000092,91,84.98458862,9762700
5/27/2022,92.62000275,93.81999969,92.52999878,93.76999664,87.57146454,6279000
5/31/2022,95.54000092,96.29000092,94.51000214,95.30000305,89.00035858,9621700
6/1/2022,95.59999847,96.36000061,93.83000183,94.75,88.48670197,6152400
6/2/2022,93.98999786,96.37000275,93.62000275,96.33999634,89.97159576,6335000
6/3/2022,94.36000061,94.58000183,92.90000153,93.76999664,87.57146454,9137100
6/6/2022,95,95.54000092,92.87000275,93.11000061,86.95510864,9440200
6/7/2022,92.66999817,93.86000061,91.76999664,93.83999634,87.63685608,7360200
6/8/2022,94,94.93000031,93.13999939,93.47000122,87.29130554,6446300
6/9/2022,93,93.5,90.80000305,90.84999847,84.84450531,8086700
6/10/2022,90.54000092,90.72000122,88.62999725,88.68000031,82.81793976,10460400
6/13/2022,86.05999756,86.83000183,85.01999664,85.55000305,79.89485168,14603700
6/14/2022,86.73999786,87.87999725,86.29000092,87.19000244,81.42644501,10449600
6/15/2022,87.51000214,89.80999756,87.37000275,89.12999725,83.23819733,11742500
6/16/2022,85.22000122,85.93000031,83.98999786,84.51999664,79.34867859,10505200
6/17/2022,85,85.59999847,83.94999695,85,79.79931641,9735500
6/21/2022,86,87.75,86,86.94999695,81.62999725,9604000
6/22/2022,84.63999939,86.18000031,84.55000305,84.91000366,79.71483612,7868700
6/23/2022,84.12999725,84.23000336,82.76000214,84.12000275,78.97317505,10370300
6/24/2022,84.15000153,86.55000305,84.15000153,85.91999817,80.6630249,10670100
6/27/2022,86.91999817,87,85.58000183,85.86000061,80.60670471,7358000
6/28/2022,86.15000153,86.80999756,84.33999634,84.33999634,79.17970276,8289200
6/29/2022,84.43000031,84.61000061,83.33000183,83.65000153,78.53191376,7981300
6/30/2022,81.45999908,82.22000122,80.12000275,81.75,76.74816895,14201600
7/1/2022,79.04000092,79.22000122,76.18000031,77,72.28879547,19531700
7/5/2022,74.55000305,76.15000153,73.73999786,76.11000061,71.4532547,22253100
7/6/2022,74.29000092,76.30000305,73.77999878,75.55999756,70.93689728,11530500
7/7/2022,78.59999847,80.95999908,78.33999634,80.65000153,75.71546173,15847800
7/8/2022,79.91999817,82.16000366,79.76000214,81.51000214,76.52285767,10004200
7/11/2022,79.76999664,80.26999664,78.81999969,79.11000061,74.26970673,9519600
7/12/2022,81.16000366,81.48000336,78.93000031,79.09999847,74.26029968,10363700
7/13/2022,79.27999878,81.72000122,78.90000153,81.29000092,76.31630707,14706500
7/14/2022,82.94999695,84.04000092,80.51000214,83.66999817,78.5506897,23377000
7/15/2022,85.58000183,86.04000092,83.97000122,85.62999725,80.39077759,14061000
7/18/2022,86.05999756,86.08000183,83.37000275,83.58000183,78.46620941,11352500
7/19/2022,85,86.47000122,84.55999756,86.15000153,80.87895966,10673100
7/20/2022,85.18000031,86.75,85.11000061,86.55999756,81.26387024,11664800
7/21/2022,86.68000031,87.80000305,86.40000153,87.79000092,82.41862488,7135000
7/22/2022,87.41000366,87.73000336,85.80000305,86.31999969,81.03855133,8612100
7/25/2022,86.30000305,86.69999695,85.62999725,86.30000305,81.01977539,5960900
7/26/2022,84.76000214,85.19999695,83.84999847,84.41999817,79.25481415,6977700
7/27/2022,85.30999756,87.90000153,85.30999756,87.62999725,82.26840973,9399500
7/28/2022,87.12999725,88.62000275,86.44999695,88.61000061,83.1884613,10668200
7/29/2022,87.81999969,89.20999908,87.79000092,88.48000336,83.06639862,10366200
8/1/2022,85.30000305,86.88999939,84.30000305,86.30999756,81.02915955,20102600
8/2/2022,84.51999664,87.51000214,84.16999817,86.05000305,80.78507996,15541600
8/3/2022,85.95999908,86.76999664,84.55999756,86.51000214,81.21694183,20779400
8/4/2022,87,88.41999817,86.62000275,88.41999817,83.01007843,13472500
8/5/2022,88.02999878,90.98000336,88.01000214,89.76999664,84.27745819,13293500
8/8/2022,88.98000336,89.09999847,86.91000366,87.94000244,82.55944061,12120300
8/9/2022,86.94000244,87.13999939,84.44000244,85.20999908,79.99647522,13075000
8/10/2022,86.80999756,88.66999817,86.30999756,88.66999817,83.24476624,10704600
8/11/2022,89.95999908,91,89.30999756,89.51999664,84.04275513,11158800
8/12/2022,89.68000031,91.34999847,89.63999939,90.86000061,85.30078888,12098800
8/15/2022,90.01000214,91.94000244,90,91.56999969,85.96735382,15949500
8/16/2022,91.13999939,91.34999847,88.56999969,89.94999695,84.44645691,10566100
8/17/2022,89,89.76999664,88.48000336,89.19999695,83.74234009,9093100
8/18/2022,88.70999908,89.66999817,88.41999817,89.26999664,83.80806732,10947700
8/19/2022,88.5,88.58999634,87.01999664,87.19999695,81.86470795,9602800
8/22/2022,85.41000366,86.02999878,84.94000244,85.23999786,80.02462769,8054000
8/23/2022,85.16000366,86.59999847,84.98999786,86.02999878,80.76631165,8462500
8/24/2022,85.80000305,86.12999725,85.19999695,85.55999756,80.32506561,7085800
8/25/2022,86.33000183,87.58999634,86.01000214,87.56999969,82.21208954,6602100
8/26/2022,87.5,87.79000092,84.65000153,84.73999786,79.55524445,9381500
8/29/2022,83.91000366,84.31999969,82.77999878,82.84999847,77.78087616,9639700
8/30/2022,83.77999878,83.98000336,81.73000336,82.79000092,77.72454071,8392300
8/31/2022,84.11000061,84.87000275,83.05999756,83.34999847,78.25025177,8887100
9/1/2022,81.44999695,81.83000183,80.12000275,81.63999939,76.64490509,11566000
9/2/2022,81.55000305,82.98000336,80.61000061,80.90000153,75.95018768,8850100
9/6/2022,81.02999878,81.02999878,79.51999664,80.02999878,75.13339996,12704400
9/7/2022,78.38999939,80.18000031,78.23000336,79.94999695,75.05830383,9843500
9/8/2022,79.01000214,80.73999786,78.76999664,80.23999786,75.33055115,8181700
9/9/2022,80.83000183,81.66000366,80.73999786,81.52999878,76.54162598,7084700
9/12/2022,81.97000122,82.5,81.76000214,82.15000153,77.12371063,7903000
9/13/2022,80.41999817,81.13999939,78.51999664,78.80999756,73.98806,12835100
9/14/2022,79.73999786,80.16000366,78.98000336,79.66000366,74.78603363,8849600
9/15/2022,78.58000183,79.25,77.66999817,77.98000336,73.62288666,10533100
9/16/2022,77.11000061,78,76.91999817,77.88999939,73.53791046,10604500
9/19/2022,76.55000305,78.23000336,76.55000305,78.23000336,73.85891724,10378600
9/20/2022,77.54000092,78.44000244,77.51000214,78.15000153,73.78338623,8202800
9/21/2022,77.58000183,79.30999756,77.13999939,77.13999939,72.82980347,10869000
9/22/2022,76.44999695,76.75,75.36000061,75.62999725,71.40416718,10817900
9/23/2022,74.30000305,74.38999939,73.08999634,73.87000275,69.74253082,12685500
9/26/2022,73.47000122,74.19000244,72.91999817,73.01000214,68.93056488,13441500
9/27/2022,73.51000214,74.04000092,72.34999847,73.02999878,68.94944763,12430600
9/28/2022,71.11000061,72.29000092,70.69999695,72.12999725,68.09973145,12943600
9/29/2022,70.51999664,70.68000031,68.48000336,69.27999878,65.40899658,16120300
9/30/2022,67.80999756,69.65000153,67.73999786,68.55999756,64.72923279,10472400
10/3/2022,68.08000183,69.56999969,67.65000153,69.25,65.38066864,11945100
10/4/2022,70.80000305,72.93000031,70.72000122,72.80999756,68.74173737,14900700
10/5/2022,72.91999817,74.91000366,72.58000183,74.48000336,70.3184433,14037100
10/6/2022,73.97000122,74.91999817,73.86000061,74.34999847,70.19569397,11796800
10/7/2022,71.80999756,72.02999878,69.75,69.75,65.85272217,14758600
10/10/2022,69.84999847,69.87999725,67.01000214,67.44000244,63.67180252,16042200
10/11/2022,64.19999695,64.91000366,62.61999893,63.45000076,59.90474319,28699300
10/12/2022,63.59999847,64.23000336,63.36999893,64.11000061,60.52786636,16468700
10/13/2022,63.06000137,70.19999695,62.31999969,66.62000275,62.89762115,36639300
10/14/2022,67.26000214,67.44999695,63.77999878,63.91999817,60.34848404,19440900
10/17/2022,64.98000336,65.34999847,64.04000092,64.88999939,61.26428986,11280100
10/18/2022,65.90000153,66.11000061,62.77999878,63.70999908,60.15022278,16656100
10/19/2022,62.74000168,64.11000061,62.16999817,63.65999985,60.10300827,12385200
10/20/2022,63.75,65.27999878,63.38000107,63.58000183,60.02747345,11300900
10/21/2022,62.02000046,63.77999878,62.02000046,63.75,60.18798065,13699000
10/24/2022,60.58000183,61.61999893,59.68000031,61.29000092,57.86544037,25010800
10/25/2022,59.95999908,61.36000061,59.50999832,61.13999939,57.72381973,21700600
10/26/2022,60.86000061,61.97999954,60.43000031,60.84000015,57.44057083,14006000
10/27/2022,61.84999847,62.45000076,60.90999985,60.95000076,57.54443359,12937600
10/28/2022,60.77000046,62.02999878,60.06999969,62.00999832,58.54520035,11972300
10/31/2022,61.59000015,62.27000046,61.06999969,61.54999924,58.11090851,10802800
11/1/2022,63.25999832,63.43000031,61.58000183,61.58000183,58.13923264,11561900
11/2/2022,62.5,62.88999939,60.52000046,60.52000046,57.13845825,16547200
11/3/2022,60,60.88999939,59.43000031,60.27999878,56.91186142,11040900
11/4/2022,61.50999832,62.5,61.02000046,62.47999954,58.98893738,14662800
11/7/2022,62.61999893,62.93000031,61.97000122,62.75999832,59.25329208,8507100
11/8/2022,64.37000275,65.75,64.22000122,65.01999664,61.38701248,14102800
11/9/2022,66.52999878,66.59999847,64.94999695,65,61.36812973,15086800
11/10/2022,67.73999786,70.87000275,67.31999969,70.83999634,66.88181305,21367900
11/11/2022,72.73999786,74.59999847,72.37999725,73.83000183,69.70477295,15524700
11/14/2022,73.23999786,73.68000031,72.23999786,72.80000305,68.73231506,11575300
11/15/2022,81.91999817,82.93000031,80.01000214,80.45999908,75.96430969,48742400
11/16/2022,80.55999756,80.56999969,78.90000153,79.44999695,75.01074982,24006600
11/17/2022,79.30000305,82.94000244,78.69000244,81.48000336,76.92732239,24278400
11/18/2022,82.77999878,82.83999634,81,82.26999664,77.67317963,18578400
11/21/2022,80.80999756,81.02999878,79.47000122,79.93000031,75.46392059,18659700
11/22/2022,81.34999847,83.19000244,81.23000336,82.54000092,77.92809296,16504700
11/23/2022,82.44000244,82.94999695,81.73000336,81.97000122,77.38995361,14683800
11/25/2022,82.13999939,82.37000275,81.40000153,81.40000153,76.85179138,5908300
11/28/2022,80.26999664,81.08000183,78.88999939,79.22000122,74.79359436,13214200
11/29/2022,79.91000366,80.20999908,78.95999908,79.33000183,74.89744568,11502300
11/30/2022,80.62999725,83.43000031,80.47000122,82.98000336,78.34350586,21667300
12/1/2022,83.04000092,83.62999725,81.13999939,82.68000031,78.06027985,15975100
12/2/2022,81.80999756,82.16000366,81.15000153,81.5,76.94620514,10519800
12/5/2022,81.94000244,82.18000031,80.94999695,81.62000275,77.05950928,11523300
12/6/2022,81.40000153,81.44000244,79.16000366,79.55999756,75.11460114,13992100
12/7/2022,79,79.70999908,78.58999634,79.23999786,74.81247711,14925300
12/8/2022,79.44999695,80.97000122,79.09999847,80.80000305,76.28533936,11197500
12/9/2022,80.84999847,82.19000244,80.69000244,80.69000244,76.18146515,13787900
12/12/2022,79.79000092,80.43000031,78.80000305,80.43000031,75.93601227,11516600
12/13/2022,82.08999634,82.08999634,79.62999725,80.51000214,76.01152039,16938000
12/14/2022,80.81999969,81.51000214,79.51999664,80.01999664,75.54888916,17910000
12/15/2022,79.20999908,79.20999908,77.38999939,77.61000061,73.68888092,17080200
12/16/2022,77.61000061,78.05999756,76.23000336,76.30000305,72.4450531,11929100
12/19/2022,76.91999817,77.12000275,75.76000214,76.09999847,72.2551651,12561300
12/20/2022,75.11000061,76.19999695,74.90000153,75.62000275,71.79941559,12080600
12/21/2022,75.86000061,77.41999817,75.76999664,77.13999939,73.24261475,10806100
12/22/2022,76.27999878,76.43000031,74.01999664,75.27999878,71.47659302,13019700
12/23/2022,74.88999939,75.34999847,74.16999817,74.88999939,71.10629272,7452600
12/27/2022,74.33000183,74.73999786,74.16000366,74.31999969,70.56510925,8974800
12/28/2022,74.19000244,74.55000305,72.83999634,73.05999756,69.36876678,10275700
12/29/2022,74.34999847,76.04000092,74.15000153,76,72.16020966,11142500
12/30/2022,74.29000092,74.56999969,73.65000153,74.48999786,70.72652435,7784100
1/3/2023,75.84999847,75.97000122,73.76999664,74.02999878,70.28974152,9276200
1/4/2023,74.98999786,76.61000061,74.47000122,76.31999969,72.46403503,12316400
1/5/2023,76,76.44000244,75.33999634,75.73000336,71.90386963,10039200
1/6/2023,76.5,78.73999786,76.15000153,78.06999969,74.12561798,13744100
1/9/2023,80.55999756,81.22000122,80.05999756,80.30999756,76.25245667,22247600
1/10/2023,80.51000214,81.58000183,80.45999908,81.26999664,77.16395569,10269000
1/11/2023,81.56999969,81.88999939,80.62999725,81.77999878,77.64819336,11771400
1/12/2023,84.95999908,88.83000183,84.41999817,87,82.6044693,36086800
1/13/2023,85.41000366,87.09999847,84.90000153,86.80000305,82.41457367,18719900
1/17/2023,86.22000122,89.73000336,86.16000366,88.98999786,84.49391174,21850000
1/18/2023,90.48000336,91.22000122,89.36000061,89.47000122,84.94966125,19209800
1/19/2023,89.02999878,90.01000214,88.26000214,88.40000153,83.93372345,13651100
1/20/2023,90,91.02999878,89.19999695,91.02999878,86.43084717,14287200
1/23/2023,91.76000214,95.73000336,91.72000122,95.66000366,90.82693481,22875100
1/24/2023,95.79000092,98,91.55000305,94.55999756,89.78248596,11370500
1/25/2023,92.68000031,93,91.12000275,92.41000366,87.74111938,14147300
1/26/2023,93.88999939,94.27999878,92.63999939,93.44999695,88.72856903,15759400
1/27/2023,92.81999969,94.12000275,92.23999786,93.30000305,88.58615875,13646600
1/30/2023,92.84999847,94.25,92.58000183,93.12999725,88.42474365,14079800
1/31/2023,91,92.76000214,90,92.73000336,88.04496002,13342100
2/1/2023,93,95.76999664,92.56999969,94.73999786,89.95339203,16788500
2/2/2023,96.59999847,97.5,95.83999634,96.65000153,91.76690674,14925300
2/3/2023,95.04000092,96.94999695,94.30999756,94.66000366,89.87744904,12242200
2/6/2023,91.80000305,92.05000305,90.73999786,91.83000183,87.19042969,12425200
2/7/2023,91.77999878,94.69999695,91.68000031,94.55000305,89.77301025,15258900
2/8/2023,95.01999664,95.94000244,94.23000336,94.27999878,89.51663971,12899700
2/9/2023,96,98.56999969,95.62000275,96.69000244,91.80488586,16997400
2/10/2023,95.94999695,96.5,94.25,95.37000275,90.55158234,11511400
2/13/2023,95.47000122,96.38999939,94.91000366,96.11000061,91.25419617,7803500
2/14/2023,95.81999969,98.98999786,95.22000122,97.95999908,93.0107193,15345100
2/15/2023,92.33000183,93.68000031,90.76999664,92.76000214,88.07343292,30208300
2/16/2023,90.98000336,91.79000092,89.87999725,90.81999969,86.23145294,15568400
2/17/2023,89.97000122,90.30000305,88.94000244,90.09999847,85.5478363,11235300
2/21/2023,88.37999725,89.41999817,87.48000336,87.63999939,83.21212769,14007600
2/22/2023,87.75,88.08999634,86.66000366,86.83000183,82.4430542,10106400
2/23/2023,90.30000305,91.98999786,89.45999908,90.08000183,85.52883911,15468300
2/24/2023,88.08999634,88.15000153,87.23999786,88.11000061,83.65837097,8817600
2/27/2023,88.69999695,88.84999847,87.23999786,87.30000305,82.88931274,10609400
2/28/2023,87.13999939,88.15000153,86.90000153,87.06999969,82.67090607,7520400
3/1/2023,89.04000092,90.04000092,88.26999664,88.41999817,83.95271301,8176700
3/2/2023,87.63999939,89.33999634,87.12000275,89.02999878,84.53189087,9761600
3/3/2023,88.66999817,89.84999847,87.87999725,89.79000092,85.25350189,10844000
3/6/2023,90.08000183,91.33000183,89.51000214,89.58000183,85.05410767,9960000
3/7/2023,89.94999695,90.23999786,88.30000305,88.84999847,84.3609848,8761100
3/8/2023,88.34999847,90.83999634,88.13999939,90.83000183,86.24095154,8813000
3/9/2023,89.70999908,90.69000244,88.56999969,88.87999725,84.38948822,10354700
3/10/2023,88.02999878,89.16999817,87.19999695,87.25,82.84182739,11928800
3/13/2023,86.37999725,89,86.30999756,87.73999786,83.3070755,11847600
3/14/2023,88.02999878,89.62999725,87.70999908,89.29000092,84.77875519,11100100
3/15/2023,87.19999695,87.23999786,85.44000244,86.69999695,82.31960297,12171500
3/16/2023,85.94999695,89.47000122,85.81999969,89.30000305,85.22963715,13184600
3/17/2023,89.05999756,90.02999878,89,89.47000122,85.39188385,13287700
3/20/2023,89.20999908,90.37000275,88.66000366,90.04000092,85.93592072,8217500
3/21/2023,91,93,90.80000305,92.5,88.28378296,12299700
3/22/2023,93.5,95.02999878,92.54000092,92.62000275,88.39832306,12812400
3/23/2023,94.48999786,95.81999969,93.43000031,94.58999634,90.27851105,11169700
3/24/2023,93.94999695,94.18000031,92.08999634,92.79000092,88.56056213,7653700
3/27/2023,92.04000092,92.18000031,90.55000305,90.66000366,86.52764893,9349800
3/28/2023,90.66000366,90.87000275,89.91999817,90.80999756,86.67081451,7521300
3/29/2023,91.76000214,93.22000122,91.44999695,92.76000214,88.53192139,9264000
3/30/2023,93.34999847,93.51999664,92.02999878,92.47000122,88.25515747,10232800
3/31/2023,91.23999786,93.26000214,91.12999725,93.01999664,88.78007507,8701800
4/3/2023,93.01000214,93.59999847,91.70999908,92.83999634,88.60827637,6863600
4/4/2023,93.04000092,93.27999878,91.72000122,92.16999817,87.96881104,6338400
4/5/2023,91.59999847,92.18000031,89.05000305,90.19999695,86.08860016,9171800
4/6/2023,89.66000366,90.91000366,89.40000153,90.23999786,86.12678528,5874500
4/10/2023,88.41999817,89.02999878,86.47000122,89.01999664,84.96238708,12232900
4/11/2023,88.63999939,89.83999634,88.47000122,89.23999786,85.17237854,11079200
4/12/2023,88.91000366,89.5,86.86000061,86.87000275,82.91040802,11299100
4/13/2023,86.55999756,87.62999725,85.97000122,87.05000305,83.08219147,7910500
4/14/2023,87.94999695,88.37000275,86.54000092,87.19999695,83.2253418,7656400
4/17/2023,87.75,88.05000305,87.16000366,87.98999786,83.97934723,8163600
4/18/2023,88.19999695,88.40000153,87.5,88.13999939,84.12251282,8468200
4/19/2023,86.23000336,87.37999725,86.04000092,87.23000336,83.25399017,11191300
4/20/2023,88.31999969,91.87999725,88.09999847,89.29000092,85.2201004,19206300
4/21/2023,87.77999878,87.91000366,85.27999878,85.37000275,81.4787674,13175400
4/24/2023,85.40000153,85.95999908,83.98999786,84.63999939,80.78205109,10567600
4/25/2023,83.26999664,83.40000153,82.26000214,82.29000092,78.53915405,13423700
4/26/2023,82.23999786,82.37999725,81.20999908,82.25,78.50097656,11583500
4/27/2023,82.90000153,83.86000061,82.16000366,83.66999817,79.85626221,10013700
4/28/2023,84.48000336,84.51000214,83.72000122,84.30000305,80.45754242,8262600
5/1/2023,84.30000305,84.69000244,83.90000153,83.98000336,80.1521225,4931100
5/2/2023,83.5,84.05000305,82.55000305,82.95999908,79.17861938,6875000
5/3/2023,82.62000275,83.76000214,82.44000244,82.69999695,78.93045044,7151600
5/4/2023,83,83.76000214,82.63999939,83.48999786,79.6844635,7290600
5/5/2023,84.30000305,85.56999969,83.75,84.97000122,81.09700775,6865000
5/8/2023,84.5,85.54000092,84.41000366,85.54000092,81.64103699,6746600
5/9/2023,85.25,85.48000336,84.30000305,85.05999756,81.18289185,7287800
5/10/2023,84.51000214,85.15000153,84.16999817,84.90000153,81.03019714,7442300
5/11/2023,84.13999939,84.13999939,82.52999878,83.43000031,79.62718964,8730900
5/12/2023,83.37999725,83.93000031,82.94999695,83.43000031,79.62718964,5069800
5/15/2023,83.33000183,85.66999817,83.23000336,85.66000366,81.75556183,8707300
5/16/2023,85.69000244,86.75,85.58999634,85.87999725,81.96552277,11283200
5/17/2023,88.30000305,91.80000305,88.05999756,90.87999725,86.73761749,23215600
5/18/2023,91.25,93.40000153,91.06999969,92.65000153,88.42694092,14879000
5/19/2023,92.12999725,92.79000092,91.55999756,92.58000183,88.36012268,9295200
5/22/2023,92.06999969,92.44000244,91.19999695,91.72000122,87.53932953,9259800
5/23/2023,91,91.33999634,90.33000183,90.44000244,86.3176651,7656700
5/24/2023,89.27999878,90.15000153,89.18000031,90.12999725,86.02179718,9443900
5/25/2023,97.05999756,102.3700027,96.98000336,100.9499969,96.34861755,60793200
5/26/2023,100.8499985,104.4400024,100.7300034,103.2099991,98.50559998,26135800
5/30/2023,103.7900009,105.2399979,101.5299988,101.9800034,97.3316803,25248000
5/31/2023,99.73000336,99.98000336,98.05999756,98.58999634,94.09619904,22206700
6/1/2023,98.68000031,100.5899963,98.59999847,98.83999634,94.33480072,14998500
6/2/2023,101.25,101.3000031,98.62000275,98.94000244,94.43024445,13085100
6/5/2023,98.01000214,98.80999756,94.25,98.05000305,93.58081818,10568500
6/6/2023,97.61000061,100.5999985,97.41999817,99.81999969,95.27011108,13827600
6/7/2023,101.3799973,103.0199966,99.54000092,100.2900009,95.71869659,14367500
6/8/2023,98.98999786,100.6999969,98.62999725,99.94000244,95.38465118,9074200
6/9/2023,102.6999969,104.6800003,102.25,102.8000031,98.11431122,14902400
6/12/2023,104.3399963,107.3899994,104.3099976,107.0599976,102.18013,20568100
6/13/2023,110,110.6900024,106.7399979,106.8000031,101.9319763,17858600
6/14/2023,106.0299988,107.6999969,105.2200012,107.4100037,102.514183,12862600
6/15/2023,106.2699966,106.6600037,105.0699997,105.1800003,100.8062668,11987900
6/16/2023,105.4300003,105.75,104.3499985,104.5699997,100.2216568,11430800
6/20/2023,104.1800003,104.8799973,103.0699997,103.9800034,99.65617371,9295500
6/21/2023,103.1500015,103.7300034,101.6200027,101.6399994,97.41348267,9340400
6/22/2023,101.4199982,103.4300003,101.3300018,103.1299973,98.84151459,8575900
6/23/2023,101.5199966,102.1900024,101.0100021,101.9100037,97.6722641,8919000
6/26/2023,102.0199966,103.0400009,100.0899963,100.1100006,95.94710541,8560000
6/27/2023,101.1500015,102.7900009,100.0199966,102.0800018,97.83519745,9732000
6/28/2023,100.5,101.8799973,100.2200012,100.9199982,96.72342682,8160900
6/29/2023,101.3399963,101.5199966,100.0199966,100.6399994,96.4550705,7383900
6/30/2023,101.4000015,101.8899994,100.4100037,100.9199982,96.72342682,11704600
7/3/2023,102.25,103.6800003,102.0699997,103.1500015,98.86069489,5638400
7/5/2023,101.4000015,103.0899963,100.9599991,100.9899979,96.79051208,9010800
7/6/2023,99.09999847,99.55999756,98.59999847,99.41000366,95.27620697,9140800
7/7/2023,99.08000183,101.9400024,99,100.2300034,96.0621109,8036600
7/10/2023,100.25,100.75,99.40000153,99.76999664,95.62123871,8041600
7/11/2023,102.3300018,102.3300018,100.1399994,101.2600021,97.04927826,7677800
7/12/2023,102.8300018,104.4300003,102.7600021,103.9000015,99.57949829,10202000
7/13/2023,105,105.6500015,102.5199966,105.5699997,101.1800613,9265900
7/14/2023,106,107.3000031,104.8600006,105.1399994,100.7679291,9518300
7/17/2023,104.6800003,105.0299988,102.5899963,104.7900009,100.4324875,10722600
7/18/2023,103.6900024,103.7300034,102.0100021,103.1500015,98.86069489,10343600
7/19/2023,103.9000015,104.7900009,102.5699997,103.0599976,98.77442169,11204800
7/20/2023,98.55000305,100.4499969,97.05000305,97.86000061,93.79065704,22810200
7/21/2023,97.87999725,97.98999786,96.33000183,97.25,93.2060318,15381200
7/24/2023,97.26999664,98.26999664,96.77999878,98.25,94.1644516,9054900
7/25/2023,99.51999664,100.8899994,99.11000061,100.3199997,96.14836884,9202200
7/26/2023,99.48999786,100.1299973,98.56999969,99.41000366,95.27620697,8993500
7/27/2023,101.5,101.7600021,98.91000366,99.34999847,95.21871185,8049800
7/28/2023,100.1100006,100.9899979,99.77999878,100.8600006,96.66589355,6758700
7/31/2023,99.18000031,99.77999878,98.41999817,99.15000153,95.02701569,8647900
8/1/2023,99.13999939,99.19000244,98.08999634,98.40000153,94.30821228,6428500
8/2/2023,97.5,97.5,95.20999908,95.69999695,91.72047424,9820900
8/3/2023,94.83999634,95.80999756,94.58000183,94.98000336,91.03042603,8571700
8/4/2023,95.27999878,97.58000183,95.12999725,96.16000366,92.16136169,7562600
8/7/2023,96.73000336,96.94000244,95.23000336,96.34999847,92.34344482,6601400
8/8/2023,94.87999725,94.90000153,93.66999817,94.48999786,90.56079865,7659000
8/9/2023,95.83000183,95.84999847,93.70999908,93.98000336,90.07201385,6426900
8/10/2023,95.44999695,95.97000122,94.27999878,94.80000305,90.85790253,7459600
8/11/2023,93.5,93.5,91.97000122,91.98999786,88.1647644,10658400
8/14/2023,91.69000244,93.29000092,91.30000305,93.06999969,89.19984436,7489700
8/15/2023,92.51999664,92.70999908,91.48999786,91.68000031,87.86764526,6069500
8/16/2023,91.44000244,92.72000122,91.31999969,91.77999878,87.96347809,7439500
8/17/2023,92.91999817,92.91999817,91.34999847,91.63999939,87.82933044,7712500
8/18/2023,90.06999969,91.33000183,89.55999756,91.09999847,87.31175995,9066200
8/21/2023,90.5,92.91000366,90.5,92.55999756,88.71105194,8618300
8/22/2023,93.34999847,93.48999786,91.80999756,92.23999786,88.40435791,7059000
8/23/2023,93.79000092,95.09999847,93.23999786,94.22000122,90.30202484,10362600
8/24/2023,96.52999878,96.77999878,92.47000122,92.52999878,88.68231201,12254400
8/25/2023,92.25,93.41000366,91.41000366,93.09999847,89.22860718,10356000
8/28/2023,93.81999969,94.15000153,93.25,94,90.09117889,5174800
8/29/2023,93.76999664,95.62000275,93.51000214,95.08000183,91.12625885,8910300
8/30/2023,95.44999695,95.91999817,94.62999725,94.77999878,90.83872986,6073400
8/31/2023,93.33999634,94.40000153,93.26999664,93.56999969,89.67904663,8661200
9/1/2023,94.30000305,94.58000183,93.08999634,93.19000244,89.31487274,7094600
9/5/2023,93.40000153,95.05000305,92.87000275,94.59999847,90.66622162,6396500
9/6/2023,93.84999847,93.95999908,91.58999634,92.26000214,88.42353821,7933700
9/7/2023,90.06999969,90.29000092,88.43000031,90.05000305,86.30543518,14684400
9/8/2023,90.75,91.06999969,89.31999969,89.63999939,85.91246796,5820800
9/11/2023,90.09999847,90.38999939,89.16000366,89.59999847,85.87414551,7268600
9/12/2023,90.45999908,91.56999969,90.41999817,90.48000336,86.71755981,8242600
9/13/2023,90.59999847,91.88999939,90.48000336,91.22000122,87.4267807,5757800
9/14/2023,92.77999878,92.93000031,91.26999664,91.47000122,88.12138367,6506300
9/15/2023,90.51000214,91.13999939,88.86000061,89.25,85.98265839,19940500
9/18/2023,88.54000092,89.66999817,88.43000031,88.83000183,85.57801819,6647400
9/19/2023,88.44999695,88.83999634,87.79000092,88.16999817,84.94217682,7172100
9/20/2023,88.51999664,89.31999969,87.29000092,87.29000092,84.09440613,6935300
9/21/2023,86.04000092,86.13999939,85.34999847,85.36000061,82.23505402,10652500
9/22/2023,86.25,86.76999664,85.44999695,85.63999939,82.50480652,7967200
9/25/2023,85.38999939,86.23999786,85.01999664,86.23999786,83.08283997,8758000
9/26/2023,84.94999695,85.23000336,84.01999664,84.29000092,81.20424652,8877600
9/27/2023,85.16999817,85.55999756,84.09999847,85.44000244,82.31211853,7860700
9/28/2023,85.25,87.12999725,84.98000336,86.41000366,83.24662781,6647700
9/29/2023,87.75,88.02999878,86.69999695,86.90000153,83.71868134,7338300
10/2/2023,87.18000031,88.41999817,87.01999664,87.65000153,84.44122314,6305000
10/3/2023,87,87.31999969,85.05999756,85.41000366,82.28322601,8201700
10/4/2023,85.47000122,86.76000214,85.37999725,86.66999817,83.4970932,7658500
10/5/2023,86.83000183,87.94000244,86.52999878,87.02999878,83.84391022,6651700
10/6/2023,88.08999634,90.01999664,87.37999725,89.29000092,86.02118683,9777100
10/9/2023,88.80000305,89.33999634,88.04000092,88.98999786,85.73215485,4781300
10/10/2023,89.26999664,90.66000366,89.13999939,90.61000061,87.29285431,7182900
10/11/2023,91.26000214,92.01000214,90.62999725,92,88.63198853,8051700
10/12/2023,92.51000214,93.44000244,91.83999634,92.41999817,89.03659821,8897800
10/13/2023,92.75,92.94000244,90.19999695,90.45999908,87.14834595,7985100
10/16/2023,90.48000336,91.90000153,90.43000031,91.22000122,87.88053894,8791800
10/17/2023,89.80999756,91.69999695,88.51999664,91,87.66858673,7997100
10/18/2023,88.87999725,90.01000214,88.58000183,89.59999847,86.31983948,9982700
10/19/2023,93.08999634,94.76000214,92.36000061,92.91000366,89.50868225,22751600
10/20/2023,92,94.31999969,91.08999634,91.30999756,87.96724701,12197300
10/23/2023,89.98000336,92.26000214,89.16000366,91.11000061,87.77456665,8227900
10/24/2023,91.19999695,92,90.86000061,91.63999939,88.28517151,7374800
10/25/2023,90.80000305,90.84999847,86.68000031,87.63999939,84.43159485,13027100
10/26/2023,87.12000275,88.13999939,86.54000092,87.44999695,84.24855042,9377300
10/27/2023,87.54000092,87.77999878,85.88999939,85.98999786,82.84197998,12480700
10/30/2023,87.30999756,88.30000305,86,86.05999756,82.9094162,9785500
10/31/2023,86.15000153,86.43000031,84.94999695,86.30999756,83.15026855,9004900
11/1/2023,86.47000122,87.87000275,86.33999634,87.80000305,84.58573151,9508800
11/2/2023,90.40000153,91.05000305,89.47000122,90.48000336,87.16763306,11032600
11/3/2023,91.65000153,92.44999695,90.83999634,91.79000092,88.42966461,9226700
11/6/2023,92,92.61000061,91.29000092,92.59999847,89.21000671,8402700
11/7/2023,92.25,93.05000305,91.75,92.41000366,89.02696228,6241300
11/8/2023,93.33000183,93.44000244,91.93000031,92,88.63198853,6537700
11/9/2023,92.62999725,93.37000275,91.59999847,91.62000275,88.26589203,8166000
11/10/2023,94.04000092,97.75,93.61000061,97.44000244,93.87283325,19281700
11/13/2023,97.01000214,97.18000031,95.72000122,96.41999817,92.89015961,9526300
11/14/2023,98,99.69000244,97.94999695,98.91000366,95.28900146,13873200
11/15/2023,99.94999695,100.6999969,98.41999817,98.80000305,95.1830368,10422900
11/16/2023,98.23999786,99.09999847,97.91000366,98.54000092,94.93255615,8459000
11/17/2023,98.94000244,99.72000122,98.31999969,99.58000183,95.93448639,7243000
11/20/2023,99.90000153,100.5899963,99.54000092,99.95999908,96.30056763,6448900
11/21/2023,100,100.1500015,98.23999786,98.41000366,94.80731201,10112600
11/22/2023,98.72000122,99.65000153,97.94999695,98.65000153,95.03853607,7413500
11/24/2023,98.48000336,98.73000336,97.47000122,97.83000183,94.24853516,4297600
11/27/2023,97.41999817,97.55000305,96.41999817,97.20999908,93.65123749,6856100
11/28/2023,97.87000275,98.25,97.23999786,97.98000336,94.39305115,6358100
11/29/2023,99,99.73000336,98.59999847,98.87999725,95.26011658,7091100
11/30/2023,98.93000031,98.98000336,96.90000153,97.30999756,93.74757385,9681400
12/1/2023,97.69999695,98.77999878,97.01999664,98.55000305,94.94219208,7500400
12/4/2023,97.05000305,97.19999695,95.25,97.01000214,93.45857239,10619400
12/5/2023,96.45999908,97.01999664,95.87999725,96.69000244,93.15028381,8009600
12/6/2023,97.80000305,98.56999969,97.44999695,97.84999847,94.26780701,11262300
12/7/2023,97.95999908,99.63999939,97.88999939,99.29000092,95.65509796,11373700
12/8/2023,99.12000275,100.3700027,98.94999695,100.3499985,96.67628479,10572500
12/11/2023,99.56999969,101.2099991,99.37000275,100.9499969,97.25432587,9482800
12/12/2023,100.1500015,101.6500015,99.94999695,101.5999985,97.88053131,7378600
12/13/2023,101.4000015,102.6800003,100.9100037,102.1200027,98.38149261,8988800
12/14/2023,103.3499985,103.8099976,102.8000031,103.4499969,100.1324615,10074500
12/15/2023,103.5,104.7600021,102.3899994,102.5400009,99.25167084,16379200
12/18/2023,102.8399963,103.3099976,102.0800018,102.9300003,99.62915802,5660600
12/19/2023,103.2399979,103.9800034,103.0899963,103.8700027,100.5390091,8498500
12/20/2023,102.6999969,103.0899963,99.94000244,100.0400009,96.83183289,10814100
12/21/2023,101.3000031,102.7200012,101.1600037,102.5500031,99.26134491,9068200
12/22/2023,102.9300003,103.5899963,102.7099991,103.1500015,99.84210205,5566400
12/26/2023,103.6100006,104.9599991,103.5699997,104.4499969,101.1004105,6407500
12/27/2023,105.0500031,105.3700027,104.0800018,104.6500015,101.2939987,5889700
12/28/2023,105,105.5199966,104.6999969,104.6999969,101.3423843,5335100
12/29/2023,104.7200012,104.9700012,103.6699982,104,100.6648407,4409600
1/2/2024,102.25,102.6200027,100.5899963,101.5299988,98.27404785,9020900
1/3/2024,100.3399963,101.25,99.66000366,100.1699982,96.95767212,6650600
1/4/2024,99.52999878,100.4400024,99.12000275,99.12999725,95.95102692,7996700
1/5/2024,99,100.6399994,98.80000305,99.61000061,96.41562653,7347300
1/8/2024,100.6299973,102.7900009,100.5,102.2399979,98.96128845,12455600
1/9/2024,101.0500031,101.9700012,100.2099991,101.8899994,98.62251282,7764000
1/10/2024,102.5199966,102.7799988,99.98000336,100.8000031,97.56747437,6975700
1/11/2024,101.6999969,102.1600037,99.98999786,101.2200012,97.97398376,7862700
1/12/2024,100.8899994,102.3799973,100.8700027,101.2399979,97.9933548,6519700
1/16/2024,100.5299988,102.3499985,100.1999969,101.6699982,98.40955353,11185500
1/17/2024,100.8700027,103.3300018,100,102.9499969,99.64852142,17649500
1/18/2024,111.1999969,113.3899994,109.4800034,113.0299988,109.4052734,58783700
1/19/2024,113.2200012,115.1500015,111.0199966,114.1999969,110.537735,37812600
1/22/2024,114.7799988,115.0999985,112.5199966,113.0299988,109.4052734,17755500
1/23/2024,113.5199966,114.6200027,113.1600037,114.1299973,110.469986,11667900
1/24/2024,115.3300018,118.8499985,114.6100006,116.5199966,112.7833405,21859200
1/25/2024,118.0199966,118.8399963,116.4800034,116.5599976,112.822052,15485300
1/26/2024,116.9000015,118.0400009,116.3000031,117.2600021,113.4996185,10196400
1/29/2024,117.1699982,117.8700027,115.7600021,116.9800034,113.2285919,10042200
1/30/2024,116.3600006,118.0100021,115.5599976,116.0599976,112.338089,11030800
1/31/2024,113.5,114.7399979,112.8799973,112.9599991,109.3375092,12853900
2/1/2024,113.8000031,114.0299988,112.6100006,113.3899994,109.7537155,8807600
2/2/2024,114.8600006,115.9599991,113.9199982,115.75,112.0380249,10044000
2/5/2024,117.1299973,119.5400009,116.5800018,118.7900009,114.980545,13267600
2/6/2024,120.1200027,120.9899979,118.2799988,119.3799973,115.5516205,11503800
2/7/2024,120.0100021,125,120,124.9800034,120.9720383,18172500
2/8/2024,127,134.75,126.1100006,133.7299957,129.441452,33367000
2/9/2024,134.5,135.1699982,130.5899963,133.1100006,128.8413239,16984200
2/12/2024,133.2700043,133.5099945,130.2599945,130.4600067,126.2763062,14203800
2/13/2024,127.9300003,129.9199982,126.4800034,127.5500031,123.4596252,14494000
2/14/2024,129.6300049,130.7899933,127.9599991,129.2700043,125.1244659,13069700
2/15/2024,130.8000031,131.1300049,128.3500061,129.0299988,124.8921661,12554000
2/16/2024,127.1299973,128.6399994,125.8099976,126.6900024,122.6272049,13104400
2/20/2024,126.8899994,127.0599976,124.1500015,125.3300018,121.3108292,12038800
2/21/2024,124.4300003,125.3799973,122.9100037,125.3399963,121.3204956,11469700
2/22/2024,129.6900024,131.4799957,129,129.0700073,124.9308853,17014100
2/23/2024,130.5,131.0099945,127.7300034,129.5299988,125.3761368,10123300
2/26/2024,130.0200043,131.2299957,128.5599976,130.6399994,126.4505386,9526700
2/27/2024,130.7700043,131.9700012,128.5899963,128.5899963,124.4662781,8851800
2/28/2024,128.5,128.5800018,126.6500015,127.3799973,123.2950745,6519100
2/29/2024,128.0299988,129.1900024,127.1500015,128.6699982,124.5437012,9369900
3/1/2024,130.1300049,136.6499939,130.1000061,133.8999939,129.6059875,24393000
3/4/2024,139.9400024,141.9900055,137.6799927,138.2599945,133.8261719,26544600
3/5/2024,137.1199951,137.4299927,133.7299957,134.9700012,130.6416626,13694700
3/6/2024,138.8000031,144,138.6100006,141.5700073,137.030014,22292700
3/7/2024,144.8999939,151.6000061,144.1499939,149.1999969,144.415329,34675700
3/8/2024,153.8999939,158.3999939,144.9299927,146.3699951,141.6760712,43856900
3/11/2024,143.6199951,144.3999939,138.9299927,139.0200043,134.5618134,29227100
3/12/2024,144.5200043,146.6999969,140.5700073,144.3999939,139.7692566,21218500
3/13/2024,143.0500031,143.2299957,141.3699951,142.1399994,137.5817261,12923100
3/14/2024,142.6100006,143.1000061,139.0200043,139.6199951,135.1425476,14961900
3/15/2024,135.4400024,137.6999969,134.6300049,136.9799957,132.587204,22751200
3/18/2024,140.1799927,141.5399933,136.6100006,136.6399994,132.7951965,14732900
3/19/2024,135.3000031,136.2700043,133.0299988,134.8699951,131.0749817,17341100
3/20/2024,136.5299988,137.3099976,135.0099945,136.75,132.9020996,12750200
3/21/2024,142.5500031,142.6000061,139.0399933,139.4499969,135.5261383,17809400
3/22/2024,139.3999939,141.3399963,139.1100006,140.5399933,136.5854797,9944100
3/25/2024,140.1600037,141.6799927,139.2599945,140.2299957,136.2841644,9922200
3/26/2024,140.6100006,140.9600067,138.6399994,138.8399963,134.9332886,10786400
3/27/2024,138.8600006,139.2799988,135.1499939,136.6900024,132.8437805,13842800
3/28/2024,135.6799927,136.8000031,135.4400024,136.0500031,132.2218018,10019400
4/1/2024,137.2899933,142.9600067,137.0500031,141.4900055,137.508728,14222700
4/2/2024,140.3800049,141.0399933,139.3500061,140.2200012,136.2744598,9869200
4/3/2024,138.5800018,142.9299927,138.3899994,142,138.0043793,9707500
4/4/2024,144,146.75,139.4299927,139.6600037,135.7302551,15759500
4/5/2024,140,142,138.9199982,141.3600006,137.3823853,8263600
4/8/2024,145.2400055,146,142.7599945,142.7899933,138.7721252,16307400
4/9/2024,146.2599945,148.1699982,142.9499969,145.3999939,141.3087158,18443400
4/10/2024,146.6300049,148.4299927,145.2599945,146.2200012,142.1056366,18861300
4/11/2024,147.1999969,147.5599976,144.1300049,147.1999969,143.0580597,11818800
4/12/2024,145,146.5099945,142.1499939,142.5200043,138.5097504,12024000
4/15/2024,145.0200043,145.4799957,139.8800049,140.1399994,136.196701,13458800
4/16/2024,137.8899994,140.5399933,137.0599976,139.8000031,135.866272,14218200
4/17/2024,141.1300049,142.5700073,137.3600006,139.0299988,135.1179352,18823200
4/18/2024,132.8899994,135.1300049,130.3000031,132.2700043,128.548172,39306100
4/19/2024,129.3699951,131.5500031,126.6399994,127.6999969,124.1067429,28284000
4/22/2024,126.75,130.6600037,125.7799988,129.75,126.0990753,18556800
4/23/2024,131.3600006,133.7100067,130.6600037,133.4299927,129.6755066,12573800
4/24/2024,136.0899963,136.2899933,131.5399933,132.9700012,129.2284698,15558000
4/25/2024,130,137.8399963,128.8600006,136.5800018,132.7368774,18034300
4/26/2024,136.8099976,138.7400055,135.9499969,138.3000031,134.4085236,9453400
4/29/2024,138,138.6499939,135.9100037,138.5,134.6028595,9997100
4/30/2024,137.9400024,139.6999969,137.2599945,137.3399963,133.4755096,10980600
5/1/2024,137.4199982,139.4299927,133.2100067,134.9400024,131.1430359,12561800
5/2/2024,135.6000061,136.7400055,133.2200012,136.2299957,132.3967438,9261900
5/3/2024,138.8999939,142.1100006,138.7599945,141.5599976,137.5767517,13264300
5/6/2024,140.4700012,142.8300018,139.8099976,142.8300018,138.8110046,8601600
5/7/2024,141.8699951,142.2899933,140.5099945,141.1100006,137.1394348,8682900
5/8/2024,141.1100006,144.2599945,140.8000031,143.6000061,139.5593719,10202300
5/9/2024,142.9400024,143.3500061,141.1300049,142.7899933,138.7721252,8012700
5/10/2024,147.2200012,150.5,146.9299927,149.2599945,145.0601044,23671400
5/13/2024,148.0200043,148.4400024,146.3000031,146.4100037,142.2902985,8278700
5/14/2024,146.4900055,152.0099945,146.25,151.9499969,147.6743774,12316500
5/15/2024,153.3600006,156,152.7299957,155.5800018,151.2022705,14027100
5/16/2024,154.1000061,155.0599976,152.2100067,152.2299957,147.9465179,13394100
5/17/2024,154,154,150.8399963,151.6799927,147.4119873,7711200
5/20/2024,151.6699982,154.2400055,150.8200073,153.5500031,149.2293701,9261200
5/21/2024,152.3000031,153.9900055,151.9499969,153.6699982,149.345993,7919400
5/22/2024,155.8800049,157.2299957,154.5399933,156.1499939,151.7562103,13455200
5/23/2024,159.1799927,160.7799988,155.8699951,157.0899963,152.6697845,20873000
5/24/2024,157.1999969,160.6600037,156.7100067,160,155.4978943,11908200
5/28/2024,159.6799927,160.3800049,157.6000061,159.4100037,154.9244995,13964400
5/29/2024,156.75,156.8800049,153.2100067,154.3399963,149.9971619,15780000
5/30/2024,153.5899963,154.0500031,151.8899994,152.9600067,148.6559906,9687800
5/31/2024,151.4799957,152.5,147.8099976,151.0399933,146.7899933,13782600
6/3/2024,155.1199951,157.1499939,152.4600067,154.9499969,150.5899658,12924400
6/4/2024,153.3999939,153.7899933,150.9900055,152.4700012,148.1797638,10066700
6/5/2024,158.5899963,163.7299957,157.9499969,162.9199982,158.3357086,23192600
6/6/2024,164.5200043,164.6999969,160.3600006,162.0700073,157.5096436,14819100
6/7/2024,163.5700073,166.1199951,161.9600067,164.3899994,159.7643585,14023300
6/10/2024,164,169.8399963,162.4199982,168.1600037,163.428299,12418900
6/11/2024,168.1799927,168.4100037,163.7899933,165.7100067,161.047226,11508600
6/12/2024,173.3600006,176.0599976,171.5399933,172.9799957,168.1126556,20309500
6/13/2024,172.9499969,174.0700073,170.5099945,172.9100037,168.5747833,15591800
6/14/2024,172,173.6399994,170.3600006,172.5099945,168.1847839,9192500
6/17/2024,177.8399963,178.6699982,173.4799957,177.2400055,172.7962036,18593700
6/18/2024,180.0200043,184.8600006,178.9900055,179.6900024,175.1847687,27155100
6/20/2024,182.5800018,183.1699982,173.5,175.3800049,170.9828491,28403200
6/21/2024,172.7100067,177.4799957,172.2100067,173.9600067,169.5984497,20175600
6/24/2024,170.4299927,171.4199982,167.1199951,167.8099976,163.6026154,19741700
6/25/2024,169.9499969,172.6399994,169.0099945,172.6000061,168.2725525,13346800
6/26/2024,172.1199951,173.6900024,170.1999969,172.0700073,167.7558289,11901500
6/27/2024,173.7899933,175.4799957,171.1499939,171.6300049,167.3268433,10864600
6/28/2024,172.8099976,176.8200073,172.8099976,173.8099976,169.4522247,11216100
7/1/2024,174.2400055,175.3000031,170.4499969,172.3300018,168.0093231,10717000
7/2/2024,171.1300049,176.7100067,171.0299988,175.6999969,171.2948151,10655500
7/3/2024,177.9900055,182.4900055,177.8800049,182.4900055,177.9145813,11808700
7/5/2024,184.1399994,185.0800018,182.3000031,183.9900055,179.3769531,11372900
7/8/2024,190,192.8000031,185.1300049,186.6300049,181.9507904,22582400
7/9/2024,188.0899963,188.4400024,182.5,184.5200043,179.893692,19935200
7/10/2024,188.2799988,191.4199982,186.6999969,191.0500031,186.2599792,19293500
7/11/2024,193.0899963,193.4700012,183.0099945,184.5,179.874176,21584200
7/12/2024,183.0700073,190.3800049,182.75,187.3500061,182.6527252,19220300
7/15/2024,188.6799927,190.0599976,184.0800018,185.2200012,180.5761108,15683100
7/16/2024,188.2700043,189.5899963,185.0200043,186.0399933,181.3755798,16663300
7/17/2024,175.2200012,176.5800018,170.5099945,171.1999969,166.9076385,45052600
7/18/2024,175.5,178.6900024,164.5099945,171.8699951,167.5608368,52903600
7/19/2024,169.1699982,170.5200043,165.2200012,165.7700043,161.6137848,22585300
7/22/2024,166.6100006,170.8800049,166.1799927,169.3500061,165.1040497,21037200
7/23/2024,169.4199982,171.5399933,167.9700012,169.8200073,165.5622406,11690700
7/24/2024,165.0899963,165.4499969,159.5899963,159.8000031,155.7934723,19536600
7/25/2024,158.1600037,163.3999939,152.1100006,160.2799988,156.2614136,25731800
7/26/2024,164.3000031,164.5899963,159.1900024,161.9400024,157.8798218,13089200
7/29/2024,162.6799927,163.2299957,158.6300049,160.0099945,155.9981842,12663100
7/30/2024,160.4400024,161.1499939,152.5500031,154.5399933,150.6653137,22018000
7/31/2024,163.7700043,166.6499939,162.0700073,165.8000031,161.6430206,19860400
8/1/2024,163.4799957,167.6699982,156.8399963,158.1799927,154.2140808,21095600
8/2/2024,151.25,153.8600006,146.8899994,149.8600006,146.1027069,31095300
8/5/2024,133.8600006,150,133.5700073,147.9499969,144.2405548,31193100
8/6/2024,150.4400024,157.7100067,147.7200012,155.3899994,151.4940491,24528100
8/7/2024,161.5500031,162.6499939,154.5200043,155.0399933,151.1528168,22379000
8/8/2024,159.2700043,164.75,155.5399933,164.5500031,160.4243622,18889600
8/9/2024,166.3200073,167.8000031,163.2400055,167.1199951,162.9299316,20519400
8/12/2024,166,169.5299988,165.5399933,167.6300049,163.4271545,14727300
8/13/2024,168,172.4499969,166.3399963,172.3399963,168.019043,15243500
8/14/2024,171.8800049,172.5099945,167.1900024,169.9700012,165.7084808,11510300
8/15/2024,172.4299927,175.4400024,170.8200073,173.9600067,169.5984497,15393500
8/16/2024,173.3899994,175,172.25,174.5399933,170.1638947,10710000
8/19/2024,174.7599945,175.4499969,171.1000061,175.4499969,171.0510712,11511000
8/20/2024,175.3999939,175.3999939,169.8500061,172.0399933,167.7265625,13555500
8/21/2024,170.3600006,173.0800018,169.9100037,171.4400024,167.1416168,9434800
8/22/2024,172,173.2799988,166.0599976,166.4400024,162.2670135,13546100
8/23/2024,169,173.2899933,167.9199982,171.2799988,166.9856262,12189100
8/26/2024,170.3800049,171.0500031,167.8200073,169.0700073,164.8310547,9611300
8/27/2024,166.4199982,170.5800018,165.0399933,170.5500031,166.2739716,9186000
8/28/2024,171.3200073,172.4700012,166.1999969,169.1999969,164.9577789,10581400
8/29/2024,168.6499939,175.4199982,167.5099945,169.1499939,164.9090424,13213200
8/30/2024,170.0599976,172.2299957,168.75,171.6999969,167.3951111,9481400
9/3/2024,168,168.6799927,159.8000031,160.4900055,156.4661865,18464400
9/4/2024,159.3000031,163.8800049,158.9499969,160.8699951,156.8366241,11317400
9/5/2024,161.5399933,164.5899963,161.0500031,163.6999969,159.5956879,10260600
9/6/2024,164.8899994,165.4100037,156.0099945,156.8200073,152.8881989,14964400
9/9/2024,160.7599945,163.1000061,160.25,162.7799988,158.698761,10339000
9/10/2024,162.8899994,162.8899994,157.6900024,162.4299927,158.3575134,11910800
9/11/2024,163.8000031,170.3800049,161.4199982,170.2299957,165.9619446,15059500
9/12/2024,170.6000061,172.1499939,169,171.4299927,167.7487488,13399900
9/13/2024,172.2400055,174.7700043,171.4499969,172.5,168.7957764,8787800
9/16/2024,169.9100037,170.5599976,166.7700043,169.0800018,165.4492188,12194300
9/17/2024,169.3500061,170.2400055,166.3600006,167.3500061,163.7563782,8629100
9/18/2024,168.4600067,171.6000061,167,167.2799988,163.6878662,9116000
9/19/2024,174.3800049,177.7799988,172.6300049,176.2200012,172.4358978,15855000
9/20/2024,174.8699951,176.0200043,173.6499939,174.0800018,170.3418427,18429800
9/23/2024,174.8399963,175.3999939,173.6999969,174.7599945,171.0072327,5794200
9/24/2024,179.5,182.7799988,177.0500031,181.9700012,178.0624084,14576100
9/25/2024,181.5200043,183.8200073,181.2100067,182.3500061,178.4342499,8280900
9/26/2024,188.5,189.3300018,183.8000031,186.8300018,182.8180389,15103400
9/27/2024,185.8399963,185.9400024,177.3999939,177.9700012,174.1483154,17908400
9/30/2024,174.2700043,176.8200073,171.9299927,173.6699982,169.9406433,13540200
10/1/2024,175.3099976,175.9900055,170.7799988,172.0700073,168.3750153,11850200
10/2/2024,172.9600067,176.9700012,170.7899933,175.8000031,172.0249176,11164400
10/3/2024,175.8000031,180.7899933,175.1199951,179.4799957,175.6258698,12555000
10/4/2024,179.6999969,181.2299957,177.5500031,181.1600037,177.2698059,9993800
10/7/2024,181.6000061,185,180.9299927,184.5099945,180.5478668,12054200
10/8/2024,184.9600067,186.5399933,182.0299988,186.0500031,182.0547943,10394200
10/9/2024,187.8000031,188,182.2599945,187.1399994,183.1213837,11925000
10/10/2024,185.8600006,187.0800018,184.3999939,185.7799988,181.7906036,6443800
10/11/2024,188.1699982,191.4900055,188.0099945,190.8099976,186.7125854,12163900
10/14/2024,190.6100006,194.25,190.5,192.2100067,188.0825195,11714400
10/15/2024,192.9600067,193.6199951,184.25,187.1300049,183.1115875,21812700
10/16/2024,189.7799988,190.0099945,186.6600037,187.4799957,183.4541168,18689200
10/17/2024,203.3500061,212.6000061,201.9700012,205.8399963,201.4198151,62274700
10/18/2024,205.9499969,205.9499969,200.7599945,200.7799988,196.4685059,21030800
10/21/2024,200.8099976,203.4400024,199.6600037,201.9499969,197.6133575,14820000
10/22/2024,199.0700073,200.1699982,197.1100006,198.4799957,194.2178802,11165100
10/23/2024,196.6799927,203.1300049,196.2299957,200.8600006,196.5467834,16535700
10/24/2024,198.9600067,200.5,197.4100037,197.9299927,193.6796875,9935800
10/25/2024,200.25,205.1999969,200,203.4400024,199.0713959,13434900
10/28/2024,199.2599945,199.7400055,194.5200043,194.6799927,190.4994812,20135300
10/29/2024,194.3899994,198.7899933,193.6000061,196.9400024,192.7109528,13779100
10/30/2024,194.3800049,195.4499969,192.6100006,194.4799957,190.3037872,10007800
10/31/2024,192.8600006,192.8600006,187.6600037,190.5399933,186.4483643,13062700
11/1/2024,194.1999969,198.1699982,192.5500031,192.9499969,188.8066406,12691200
11/4/2024,193.6999969,194.3600006,190.6000061,191.5599976,187.4464722,10917300
11/5/2024,193.5800018,198.3399963,193.4900055,195.7599945,191.5562897,10339200
11/6/2024,192.0399933,194.2599945,188.5,193.2200012,189.0708466,19834900
11/7/2024,196.3099976,202.0099945,196.25,201.1900024,196.8696747,14865200
11/8/2024,203.8899994,206.6100006,200.0200043,201.1999969,196.8794861,13112100
11/11/2024,197.9600067,198.1999969,191.4900055,194.0500031,189.8830261,16610000
11/12/2024,193.8300018,194,189.7200012,191.7700043,187.6519928,11819000
11/13/2024,192.4400024,192.4799957,186.5,186.6600037,182.6517029,13882200
11/14/2024,188.3999939,192.6600037,187.5399933,188.5,184.4521942,11453900
11/15/2024,188.1799927,188.8000031,184.8099976,186.0099945,182.015686,9834800
11/18/2024,184.3500061,188,183.4900055,187.4799957,183.4541168,10681500
11/19/2024,189.1300049,190.0200043,188.0200043,189.6699982,185.5970459,9390100
11/20/2024,188.8500061,188.8500061,184.0599976,188.3600006,184.3152008,10624500
11/21/2024,189.4100037,192.3000031,186.7400055,191.2400055,187.1333771,18137300
11/22/2024,192.9499969,193,189.4299927,190.0800018,185.9982452,8838900
11/25/2024,188.0899963,188.25,183.7100067,185.0800018,181.1056519,14380000
11/26/2024,185.3999939,185.8999939,182.3300018,183.8399963,179.8922577,10186600
11/27/2024,182,182.4499969,178.0500031,181.1900024,177.2991943,9895200
11/29/2024,181.5099945,186.9499969,181.1799927,184.6600037,180.6946411,8045300
12/2/2024,189.3399963,195.2899933,188.9400024,194.3999939,190.2254944,16646900
12/3/2024,193.5,199,192.6000061,198.8899994,194.6190796,11217700
12/4/2024,199.8500061,202.6000061,198.2700043,200.6900024,196.3804321,12761100
12/5/2024,201.25,205.6300049,200.75,204.3000031,199.9129181,12483700
12/6/2024,202,203.1900024,199.9299927,203.0200043,198.6604004,9672900
12/9/2024,200.9299927,203.1300049,198.9799957,199.1699982,194.8930817,9699700
12/10/2024,199.1000061,199.9100037,190.3699951,191.9400024,187.8183289,15307900
12/11/2024,194.6699982,196,193.2599945,194.6000061,190.4211884,9027600
12/12/2024,194.6300049,195.4199982,191.2899933,191.4600067,187.943573,7944900
12/13/2024,198.5099945,202.5399933,197.2700043,200.9900055,197.2985229,19477000
12/16/2024,203.1999969,205.5,200.8699951,202.2200012,198.5059509,15139300
12/17/2024,201,202.3999939,197.4700012,200.6600037,196.9745941,11169400
12/18/2024,203,205.2400055,193.9600067,195.5599976,191.9682617,14721100
12/19/2024,198.3999939,198.5700073,193.9499969,194.6399994,191.065155,10553400
12/20/2024,192.6000061,198.0800018,191.9799957,197.2100067,193.5879822,16170100
12/23/2024,201,208.0500031,200.9100037,207.3600006,203.5515442,17847000
12/24/2024,205.9199982,207.1999969,204.5500031,206.3300018,202.5404358,7634500
12/26/2024,205.5,208.1600037,202.8899994,203.0599976,199.3305054,8044900
12/27/2024,204.5,204.5,199.0500031,201.6300049,197.9267883,10664400
12/30/2024,199.8399963,201.9700012,198.4799957,200.3899994,196.709549,11235200
12/31/2024,200.7899933,201.7799988,197.3600006,197.4900055,193.8628235,6427900
1/2/2025,197,203.7700043,196.6900024,201.5800018,197.8777008,10951400
1/3/2025,204.1000061,208.8000031,203.6999969,208.6100006,204.7785645,10261900
1/6/2025,218.7700043,222.1999969,215.6900024,220.0099945,215.9692078,24339900
1/7/2025,221.2400055,221.4799957,211.3200073,211.4199982,207.536972,17010000
1/8/2025,209.9700012,210.3000031,205.9199982,207.1199951,203.3159332,13262700
1/10/2025,207.6000061,209.9799957,203.2299957,208.3699951,204.542984,17265200
1/13/2025,200.5200043,203.5899963,200.0500031,201.3600006,197.6617279,16612400
1/14/2025,205.1900024,206.2599945,198.5,201.4499969,197.7500916,14182900
1/15/2025,202.4900055,209.0399933,199.3500061,206.8000031,203.0018158,18286500
1/16/2025,218.8899994,221.9499969,213.1699982,214.7899933,210.8450775,38539600
1/17/2025,215.1699982,215.6799927,211.0599976,211.5,207.6154938,21606100
1/21/2025,214.4600067,220.1499939,212.0500031,218.6999969,214.6832428,19061300
1/22/2025,221.9499969,225.4299927,219.3099976,223.1999969,219.1006012,17294500
1/23/2025,220.1000061,224.6999969,219.4100037,224.6199951,220.4945374,8986800
1/24/2025,226.2200012,226.3999939,220.9600067,221.8800049,217.8048553,13183800
1/27/2025,197.0399933,207,187.6699982,192.3099976,188.7779541,68667500
1/28/2025,195.6499939,202.8399963,192.4600067,202.3999939,198.6826477,31738800
1/29/2025,204.4900055,206.4499969,199.75,202.3300018,198.6139221,15199500
1/30/2025,206.5700073,209.6199951,205.4199982,208.1499939,204.3270111,13539000
1/31/2025,209.9299927,215,208.1999969,209.3200073,205.4755402,15746900
2/3/2025,199.6300049,204.9900055,197.9799957,199.8000031,196.1303864,17719800
2/4/2025,204.0700073,205.75,202.0800018,204.0500031,200.3023224,12692900
2/5/2025,206,210.4799957,203.8300018,208.5700073,204.7393036,10997800
2/6/2025,210.0599976,211.1799927,207,210.5,206.6338654,8491400
2/7/2025,213.0099945,213.1799927,205.7200012,206.1199951,202.3343048,11616200
2/10/2025,208,209.9799957,206.5299988,207.9499969,204.1306915,9296500
2/11/2025,205.1300049,209.8399963,201,208.7400055,204.9062195,9224500
2/12/2025,204.8999939,207.0700073,203.0099945,206.3800049,202.5895386,7373700
2/13/2025,201.8800049,202.3000031,199.2299957,201.8300018,198.1230927,15580900
2/14/2025,199.9799957,206.25,197.4600067,203.8999939,200.1550751,23220300
2/18/2025,204.7599945,205.8500061,200.5200043,202.7400055,199.0163879,14988100
2/19/2025,202.0099945,202.6000061,200.0200043,200.9499969,197.2592621,13163100
2/20/2025,200.2799988,200.3399963,197.6100006,200.1000061,196.4248657,10639300
2/21/2025,201.3300018,202.6900024,196.0099945,198.2400055,194.5990448,13757300
2/24/2025,196.8800049,198.7899933,191.4600067,191.6499939,188.1300812,15114300
2/25/2025,190.6499939,193.5299988,187.4700012,189.3699951,185.8919525,20581000
2/26/2025,191.0899963,196.0800018,191.0899963,194.6199951,191.0455017,14112300
2/27/2025,194.6900024,194.7700043,181.0800018,181.0899963,177.7640076,24219200
2/28/2025,179.3099976,182.1600037,175.5200043,180.5299988,177.2143097,27929400
3/3/2025,181.1499939,181.5700073,171.0700073,172.9700012,169.7931519,37403000
3/4/2025,175.0599976,183.6000061,174.1799927,180,176.6940308,29395200
3/5/2025,183,184.7400055,180.7200012,184.2799988,180.8954468,17334000
3/6/2025,178.5800018,181.5500031,175.7899933,175.8500061,172.6202698,17864300
3/7/2025,175.7899933,178.4700012,171.0200043,177.1000061,173.8473053,21012700
3/10/2025,172.4700012,174.8899994,167.9100037,170.6499939,167.5157623,18265100
3/11/2025,170.6499939,173.3300018,168.1000061,170.9700012,167.829895,16561100
3/12/2025,175.6000061,178.1300049,174.7599945,177.1699982,173.9160004,14737600
3/13/2025,173.8899994,173.8899994,170.5,171.5899963,168.4385223,14381600
3/14/2025,172.6499939,174.3699951,171.9299927,174.0899963,170.8925934,11449400
3/17/2025,173.9499969,177.1600037,173.8200073,176.2400055,173.0031281,9678100
3/18/2025,174.3800049,174.5800018,170.4299927,173.1300049,170.612381,9986000
3/19/2025,173,175.7299957,171.7400055,173.7599945,171.2332153,10678500
3/20/2025,174.8500061,178.6699982,174.5500031,177.4700012,174.8892822,12209700
3/21/2025,174.9100037,177.1999969,173.7899933,176.7299957,174.1600189,9993200
3/24/2025,179.9900055,182.9299927,179.6799927,181.1600037,178.5256042,11440000
3/25/2025,182.4700012,182.5099945,179.8000031,180.8999939,178.2693634,8718800
3/26/2025,179.2299957,179.5500031,171.4700012,173.5,170.9769897,14612400
3/27/2025,171.3899994,171.6100006,167.5500031,168.2400055,165.7934875,17559100
3/28/2025,168.0399933,168.6300049,164.0599976,165.25,162.8469543,16332000
3/31/2025,160.3600006,166.1300049,159.7299957,166,163.5860748,19408300
4/1/2025,166.3899994,168.8699951,165.0599976,168.6399994,166.1876678,9180000
4/2/2025,166.8500061,171.75,166.3500061,170.3899994,167.9122162,10072700
4/3/2025,160.0599976,161.8000031,157.2100067,157.3800049,155.0914307,28370500
4/4/2025,150.8899994,151.3099976,144.8399963,146.8000031,144.6652527,36085100
4/7/2025,134.5099945,153.75,134.25,146.1699982,144.0444489,46388300
4/8/2025,151.9799957,152.6100006,138.9799957,141.3699951,139.3142242,30479700
4/9/2025,140.1999969,160.6199951,137.8999939,158.75,156.4414978,45612500
4/10/2025,155.5,156,146.9100037,151.1300049,148.9322968,24503500
4/11/2025,156,158.0099945,153.25,157.0800018,154.7957611,19632200
4/14/2025,158.3000031,158.5899963,154.0299988,155.8399963,153.5738068,17509400
4/15/2025,156.4900055,158.25,156.0500031,157.3300018,155.0421448,14306600
4/16/2025,150.6000061,153.5399933,148.4900055,151.6699982,149.4644623,23806100
4/17/2025,156.0500031,157.5,151.4499969,151.7400055,149.533432,27239900
4/21/2025,149.9900055,150.2799988,145.8399963,147.8600006,145.7098541,15170500
4/22/2025,148,152.6000061,147.4400024,151.3999939,149.1983643,12668600
4/23/2025,159.3699951,160.3800049,156,157.8099976,155.515152,17667900
4/24/2025,157.7799988,164.5500031,157.3899994,164.1799927,161.792511,18761100
4/25/2025,163.9299927,165.9100037,161.1600037,165.1000061,162.6991577,14654800
4/28/2025,165,165.3200073,160.5,163.3999939,161.02388,11415600
4/29/2025,164.3800049,166,163.5,164.4799957,162.0881653,9830100
4/30/2025,163.5399933,166.9199982,161.75,166.6900024,164.2660217,10073000
5/1/2025,172.8000031,174.7799988,170.9499969,172.7200012,170.2083435,22670600
5/2/2025,179.8000031,180.6499939,177.1399994,179.2799988,176.6729431,21691200
5/5/2025,179,180.0800018,176.25,176.3999939,173.8348236,14618900
5/6/2025,172.6000061,174.7400055,170.5899963,172.2799988,169.7747498,14565600
5/7/2025,174.1000061,175.9799957,171.3699951,174.5399933,172.0018616,9682500
5/8/2025,175.3399963,177.4499969,173.6600037,175.2200012,172.6719971,10343000
5/9/2025,179.8000031,180.4600067,176.4700012,176.5200043,173.9530945,11582800
5/12/2025,187.2799988,189.1699982,184.6100006,186.9799957,184.2609558,22064900
5/13/2025,187.7200012,194.2799988,187.7200012,193.9900055,191.1690521,19996000
5/14/2025,195.2799988,196.2200012,193.2299957,194.7599945,191.9278259,12359000
5/15/2025,193.1000061,194.4900055,191.6300049,194.2200012,191.3956909,10241800
5/16/2025,194.5299988,195.0800018,192.5700073,194.2200012,191.3956909,9146700
5/19/2025,189,193.5,188.8099976,193.5,190.6861572,10144400
5/20/2025,191.8000031,193.7299957,190.8099976,193.4499969,190.6368866,7054100
5/21/2025,193.1000061,195.2700043,190.5299988,191.7599945,188.9714508,7375700
5/22/2025,191.3399963,196.8300018,191.3399963,196.1900024,193.3370514,11825000
5/23/2025,192.0200043,192.8000031,190.0299988,191.9799957,189.1882629,9403100
5/27/2025,194.1000061,198.3099976,193.6999969,197.6799927,194.8053894,12228200
5/28/2025,196.0899963,198.0700073,195.4799957,196.1399994,193.2877808,17787600
5/29/2025,199.4600067,199.8000031,196.0800018,197.1499939,194.2830811,14609900
5/30/2025,195.7700043,195.9100037,190.5599976,193.3200073,190.5087891,11998300
6/2/2025,193.0399933,195.1600037,192.1999969,194.8399963,192.0066833,7447400
6/3/2025,194.3500061,198.1699982,193.6399994,197.6100006,194.7364044,9548300
6/4/2025,201.3800049,204.0299988,200.3800049,202.3999939,199.4567413,13531100
6/5/2025,204.8800049,205.7599945,202.2799988,203.3399963,200.3830719,12214300
6/6/2025,203.5800018,206.2899933,203.2299957,205.1799927,202.1963043,8532000
6/9/2025,206.3999939,209.2700043,205.8699951,207,203.9898682,11472300
6/10/2025,211.6100006,213.2299957,209.9600067,212.4600067,209.3704529,14514000
6/11/2025,215,217.4299927,212.9499969,214.1000061,210.9866333,13326400
6/12/2025,212.9199982,215.8800049,211.9100037,215.4299927,213.0735016,9796100
6/13/2025,210.1100006,213.2599945,209.3999939,211.1000061,208.7908936,10152500
6/16/2025,213,217.6000061,212.7299957,215.6799927,213.3208008,10932900
6/17/2025,213.8899994,215.9400024,213.5,213.8999939,211.560257,8389700
6/18/2025,214.6999969,215.1699982,212.8899994,213.5,211.1646271,6932000
6/20/2025,215.1999969,215.5,208.1499939,209.5099945,207.218277,16992000
6/23/2025,206.6300049,210.5899963,206.1999969,210.3200073,208.0194244,7535500
6/24/2025,214.3899994,220.3699951,213.8800049,220.0899963,217.6825409,14814700
6/25/2025,220.8000031,223.5,220.8000031,222.7400055,220.3035736,9168400
6/26/2025,224.9799957,225.2200012,222.6999969,224.0099945,221.5596619,7982200
6/27/2025,224.3000031,228.8800049,224.0299988,228.5700073,226.0697937,13133000
6/30/2025,227.4400024,228.1499939,224.8000031,226.4900055,224.0125427,9279800
7/1/2025,227.4299927,228.6000061,221.1799927,224.6799927,222.2223358,9990200
7/2/2025,224.4799957,233.8200073,224,233.6000061,231.0447845,12012500
7/3/2025,233.8699951,237.5800018,233.2700043,234.8000031,232.2316284,7779600
7/7/2025,231.6300049,232.5500031,227.4400024,229.1699982,226.6632233,13817500
7/8/2025,229.7799988,230.3300018,227.5399933,227.8600006,225.3675537,8854400
7/9/2025,230.4499969,233.2700043,230.2400055,231.8399963,229.3040161,9475300
7/10/2025,232.7799988,233.0500031,227.7700043,229.7599945,227.2467804,13124700
7/11/2025,231,232.2700043,229.3999939,230.3999939,227.879776,8817800
7/14/2025,229.3300018,229.8500061,226.3099976,228.6699982,226.1687012,10673500
7/15/2025,234.4600067,237.7100067,233.8500061,236.9499969,234.3581238,14270100
7/16/2025,236.3999939,238.3099976,234.1499939,237.5599976,234.961441,15092800
7/17/2025,245.7899933,248.2799988,241.3899994,245.6000061,242.9135132,27395700
7/18/2025,245.3099976,245.9700012,238.6900024,240.3999939,237.770401,16252000
7/21/2025,240.1199951,242.3399963,238.7100067,238.8500061,236.2373657,11971800
7/22/2025,237.8300018,238,231.7599945,234.6000061,232.0338593,11919500
7/23/2025,238.5200043,240.5,236.3800049,240.3300018,237.7011414,9885400
7/24/2025,240.2100067,241.9499969,238.0299988,241.6000061,238.9572601,9081900
7/25/2025,241.3200073,246.2400055,240.9400024,245.6000061,242.9135132,11593400
7/28/2025,243,243.9499969,241.0500031,242.75,240.0946808,11892200
7/29/2025,241.5,243.9700012,239.8200073,241.3300018,238.6902313,9411500
7/30/2025,242.1199951,244.5700073,241.2200012,242.9100037,240.2529297,6823800
7/31/2025,245.9799957,247.4100037,239.8000031,241.6199951,238.9770508,13490700
8/1/2025,235.6199951,237.1900024,231.8399963,235.2100067,232.6371613,13549800
8/4/2025,237.9100037,239,236.3899994,239,236.3856964,6450700
8/5/2025,238.3300018,238.6300049,230.1699982,232.4700012,229.9271393,11868900
8/6/2025,231.0299988,232.1999969,228.8200073,231.3699951,228.8391571,9457200
8/7/2025,244.4700012,247.8399963,240.8000031,242.6199951,239.966095,17691000
8/8/2025,243.1600037,243.1600037,238.9700012,241.8300018,239.1847534,10552500
8/11/2025,242.0399933,245.3500061,241.5399933,242.0899963,239.4418945,8272900
8/12/2025,243.7200012,244.7700043,241.6999969,244.2899933,241.6178284,7295800
8/13/2025,246.4299927,246.4299927,239.9400024,241.4400024,238.7990112,7971900
8/14/2025,237.9700012,241.3800049,236.8200073,241,238.3638306,11040500
8/15/2025,240.3300018,240.8000031,237.2599945,238.8800049,236.2669983,8155500
8/18/2025,239.9900055,242.8600006,239.9900055,241.4100037,238.7693481,6919800
8/19/2025,240.0200043,240.1699982,232.5800018,232.6999969,230.1546173,14594700
8/20/2025,228.1399994,229.0299988,223.6999969,228.6000061,226.0994568,17165200
8/21/2025,228.1499939,230.3300018,226.2599945,227.3300018,224.8433533,7449100
8/22/2025,228,234.4499969,226.1699982,232.9900055,230.441452,10299500
8/25/2025,234.3000031,237.2799988,232.25,235.5899963,233.0130005,7655000
8/26/2025,236.3699951,238.8300018,235.7299957,238.7200012,236.1087646,9793100
8/27/2025,236.8699951,239.3999939,235.4400024,239.2899933,236.6725311,9516400
8/28/2025,236.3000031,240.6600037,236,238.2700043,235.6637115,8466200
8/29/2025,235.8399963,235.9499969,230.5800018,230.8699951,228.344635,15526000
9/2/2025,226.1499939,229.3399963,225.6300049,228.3899994,225.8917542,13974900
9/3/2025,231.5200043,232.4499969,228.6000061,231.3899994,228.8589478,7198500
9/4/2025,231.3500061,235.3099976,230.3000031,235.2100067,232.6371613,6241900
9/5/2025,240.2400055,244.5500031,237.8999939,243.4100037,240.7474823,14056600
9/8/2025,241.9900055,247.8800049,241.6199951,247.1900024,244.4861145,12986600
9/9/2025,246.9299927,254.7299957,246.9299927,250.9199982,248.1753235,13443400
9/10/2025,258.8699951,264.5799866,257.75,260.4400024,257.5911865,18822400
9/11/2025,260.3500061,261.6400146,258.230011,258.9100037,256.0778809,10005000
9/12/2025,260.8500061,260.9500122,258.3800049,259.3299866,256.4932861,8496600
9/15/2025,260,262.7999878,258.75,261.3800049,258.5209351,8147700
9/16/2025,265.9200134,266.4400024,260.6099854,262.0599976,260.0111389,10381900
9/17/2025,264.3399963,264.8099976,259.730011,262.7900085,260.7354431,10422000
9/18/2025,258,270.5400085,257.980011,268.6400146,266.5397034,16917300
9/19/2025,266.3699951,266.5700073,262.8099976,264.8699951,262.7991943,17640200
9/22/2025,266.5400085,276.3599854,265.4500122,272.6300049,270.4985352,15630300
9/23/2025,282.3999939,286,280,282.7099915,280.4996948,17830300
9/24/2025,280.3099976,281.2099915,276.7200012,280.7099915,278.5153503,10231000
9/25/2025,273.1199951,277.1400146,270.1900024,276.6600037,274.4970093,11863400
9/26/2025,273.8900146,275.5,270.6199951,273.3599854,271.2228088,10451900
9/29/2025,276.4899902,279.8699951,273.230011,273.230011,271.0938416,8046200
9/30/2025,275.3200073,279.4899902,273.8299866,279.2900085,277.1064758,8348800
10/1/2025,278.4400024,290.480011,277.1700134,288.4700012,286.2146912,14620100
10/2/2025,296.519989,296.7200012,287.0299988,288.1099854,285.8575134,10198000
10/3/2025,292.8599854,296.0599976,290.4899902,292.1900024,289.9055786,10572500
10/6/2025,300.0100098,307.2999878,299.9400024,302.3999939,300.0357971,15785000
10/7/2025,306.6199951,307.1000061,293.2799988,294.0299988,291.7311707,13081000
10/8/2025,295,306.3999939,293.980011,304.519989,302.1391602,12821200
10/9/2025,302.3099976,302.8299866,297.4200134,299.8800049,297.5354919,10259900
10/10/2025,299.9599915,300.2000122,280.3299866,280.6600037,278.4657288,23398000
10/13/2025,298.2399902,304.6300049,292.3200073,302.8900146,300.5219727,20318300
10/14/2025,295.6300049,301.75,291.3399963,295.9400024,293.6262512,16567900
10/15/2025,306.2900085,306.6099854,300.0700073,304.7099915,302.3276978,20788000
10/16/2025,310.9299927,311.3699951,296.6900024,299.8399963,297.4957886,26341500
10/17/2025,298.3999939,303.2999878,294.9200134,295.0799866,292.7729797,17633300
10/20/2025,300,303.6499939,297.0599976,297.7000122,295.3725281,13391600
10/21/2025,299,299.3699951,293.6600037,294.5100098,292.2074585,11190500
10/22/2025,293,295.2000122,284.3999939,288.8800049,286.6214905,15409100
10/23/2025,289.7999878,294.0899963,289.6300049,290.730011,288.4570313,10379900
10/24/2025,295.5700073,297.9500122,294.3900146,294.9599915,292.6539307,8747000
10/27/2025,298.6499939,300.480011,293.6900024,298.25,295.9182129,13615000
10/28/2025,298.3200073,302.1300049,296.0799866,301.5299988,299.1725464,11804200
10/29/2025,305.7999878,307.9599915,302.3800049,305.0899963,302.7047424,16177300
10/30/2025,303.0799866,307.3099976,300.8200073,303.2200012,300.8493652,14507100
10/31/2025,305.9899902,307.6799927,296.6799927,300.4299927,298.0811768,12667900
11/3/2025,302.5899963,310.1199951,302.1199951,304.8599854,302.4765015,12466600
11/4/2025,296.8800049,301.9899902,293.5100098,294.0499878,291.7510681,16224300
11/5/2025,292.6199951,298.2200012,291.5,293.6400146,291.3442688,10502500
11/6/2025,294.1000061,294.6400146,287.3800049,289.2399902,286.9786377,11516900
11/7/2025,285.2099915,287.8900146,277.1300049,286.5,284.2600708,15715700
11/10/2025,294.3599854,297.1300049,291.75,295.269989,292.9615173,10869200
11/11/2025,292.0599976,294.9200134,288.9100037,291.1700134,288.8935547,9666300
11/12/2025,293.7000122,294.8699951,289.5799866,290.6199951,288.3479004,9715900
11/13/2025,289.1700134,289.5,280,282.2000122,279.9937134,13827600
11/14/2025,275.9100037,286.8599854,273.230011,284.8200073,282.5932312,11486800
11/17/2025,281.4400024,286.5299988,279.7999878,282.0100098,279.8052063,10227100
11/18/2025,277.5499878,280.1900024,272.7200012,277.9100037,275.7372437,11850400
11/19/2025,276.9200134,284.5499878,276.3200073,282.3699951,280.162384,11179200
11/20/2025,292.2099915,292.8500061,276.4100037,277.5,275.3304443,15747300
11/21/2025,272.8099976,278.6900024,266.8200073,275.0599976,272.9095154,20872800
11/24/2025,273.1900024,285.0599976,273.1900024,284.6400146,282.4146423,13570300
11/25/2025,282.730011,285.3999939,273.0799866,284.6799927,282.4542847,13726800
11/26/2025,289.1000061,292.8099976,287.730011,289.9599915,287.6930237,12220300
11/28/2025,292.480011,292.6700134,289,291.5100098,289.230896,5515400
12/1/2025,286.9200134,291.1600037,283.1900024,287.6799927,285.4308472,7713000
12/2/2025,292,294.5,289.1799927,292.0899963,289.806366,10746400
12/3/2025,292.1799927,296.6199951,286.0700073,295.4500122,293.1401367,9599200
12/4/2025,293.980011,294.0299988,290.2000122,292.9299927,290.639801,6753000
12/5/2025,296.0499878,300.7999878,293.25,294.7200012,292.4158325,10275300
12/8/2025,301.2000122,302.6199951,296.7200012,301.8699951,299.5098877,16643100
12/9/2025,299.9899902,304.6799927,298.5,303.4100037,301.0378723,11349100
12/10/2025,305.3699951,313.980011,302.5,310.1400146,307.7153015,12429200
12/11/2025,305.3200073,305.8399963,299.6400146,304.8500061,303.2831726,15028400
12/12/2025,304.2799988,304.2799988,290.980011,292.0400085,290.5390015,19306100
12/15/2025,295.1499939,295.7999878,287.5499878,287.7399902,286.2610779,12082400
12/16/2025,287.2600098,288.4599915,283.3200073,286.8699951,285.3955688,11418400
12/17/2025,288.5299988,289.1000061,275.0799866,276.9599915,275.536499,16823000
12/18/2025,285,287.1600037,281.75,284.6799927,283.2168274,11260300
12/19/2025,286.3800049,292.1700134,286.3800049,288.9500122,287.4648743,12735800
12/22/2025,294.6700134,295.0100098,291.2099915,293.2799988,291.772644,6091100
12/23/2025,293.3999939,297.9100037,292.2000122,296.9500122,295.4237671,6802300
12/24/2025,297.7399902,299.1600037,296.230011,298.7999878,297.2642517,2753900
12/26/2025,299.8999939,303.3800049,298.519989,302.8399963,301.2834778,5125900
12/29/2025,301.7799988,304.5,298.6499939,300.9200134,299.3733826,6205100
12/30/2025,302.3599854,304.5499878,299.4500122,299.5799866,298.0402527,6190600
12/31/2025,304,307.3900146,303.4299927,303.8900146,302.328125,8175100
1/2/2026,311.980011,321.5899963,311.7000122,319.6099854,317.9672852,18526900
1/5/2026,330.3999939,331.25,321.5,322.25,320.5937195,17446300
1/6/2026,330.2200012,333.0799866,324.5899963,327.4299927,325.7471008,15599600
1/7/2026,324.6700134,326.2999878,318.5400085,318.6799927,317.0420532,11744800
1/8/2026,324.3900146,324.5,316.1400146,318.0100098,316.3755493,10850800
1/9/2026,319.8299866,324.769989,318.25,323.6300049,321.9666443,12325100
1/12/2026,322.1000061,333.5499878,321.0599976,331.769989,330.0647888,12714800
1/13/2026,332.8699951,336.4200134,330.7799988,331.2099915,329.5076599,11473600
1/14/2026,329.8599854,329.8599854,324.8200073,327.1099854,325.4287415,11210800
1/15/2026,342.8099976,351.3299866,337.9200134,341.6400146,339.8840942,42188500
1/16/2026,346.5100098,349.8500061,341.4599915,342.3999939,340.6401367,18246100
1/20/2026,340.7900085,342.1499939,326.8999939,327.1600037,325.4784851,22809900
1/21/2026,333.4299927,333.6400146,325.6799927,326.1199951,324.4438477,16789800
1/22/2026,333.4200134,335.0499878,326.8999939,327.3699951,325.6874084,12801000
1/23/2026,332.0700073,337.1499939,331.3699951,334.8699951,333.1488647,12904400
1/26/2026,332.7900085,335.1000061,330.230011,332.7099915,330.9999695,8646400
1/27/2026,336.5,341.25,334.5599976,338.3399963,336.6010132,11298100
1/28/2026,343.0299988,345.5,338.6600037,342.2999878,340.5406799,12140100
1/29/2026,339.7999878,343.7399902,328.2000122,339.5499878,337.8048096,13844800
1/30/2026,335.4200134,339.8999939,329.1000061,330.5599976,328.8610229,12028100
2/2/2026,330.7600098,344.2000122,329.1000061,341.3599854,339.6054993,12459100
2/3/2026,345.0700073,347.0499878,330.019989,335.75,334.0243225,12540000
2/4/2026,335.6000061,338.7999878,319.0700073,325.7399902,324.0657959,18176000
2/5/2026,322.8200073,334.5700073,319.6499939,330.730011,329.0301514,14812000
2/6/2026,337.5,349.7200012,336.6499939,348.8500061,347.0570374,17025500
2/9/2026,348.7600098,359.6000061,347.7999878,355.4100037,353.5832825,14594900
2/10/2026,364.3299866,364.7600098,356.3900146,361.9100037,360.0498962,14622100
2/11/2026,370.0799866,379.5799866,368.3900146,374.0899963,372.1672668,18651300
2/12/2026,379,380,322.1000061,368.1000061,366.2080994,16835400
2/13/2026,369.1499939,371.1099854,360.769989,366.3599854,364.4770203,10468200
2/17/2026,361.8699951,366.2000122,356.2399902,364.2000122,362.328125,10063800
2/18/2026,363.8599854,369.3900146,360.7099915,362.2600098,360.3981018,7310500
2/19/2026,359.7200012,362.7999878,357.4400024,360.3900146,358.5377197,6346500
2/20/2026,359.7799988,372.2000122,359.1000061,370.5400085,368.6355591,9009200
2/23/2026,367.0100098,373.4299927,366.4599915,370.0400085,368.138092,9550200
2/24/2026,379.3999939,389.1799927,376.0499878,385.75,383.7673645,13269500
2/25/2026,390.2099915,390.2099915,384.8299866,387.730011,385.7371826,10948400
2/26/2026,386.1799927,386.4700012,369.7000122,376.8099976,374.8733215,14535700
2/27/2026,370.1400146,376.6799927,368.6199951,374.5799866,372.6547546,9186600
3/2/2026,365.3599854,373.1000061,364.6499939,369.1099854,367.2128601,12571600
3/3/2026,349.5499878,355.980011,344.1400146,353.1300049,351.315033,18580200
3/4/2026,357.4299927,361.0899963,354.5499878,357.4400024,355.6028748,12131100
3/5/2026,354.8999939,359.4700012,343.7999878,353.8599854,352.0412598,16249800
3/6/2026,343.5,348.7200012,336.6900024,338.8900146,337.1482239,13803000
3/9/2026,335.6000061,349.3999939,331.9200134,348.7000122,346.9078064,19182800
3/10/2026,348.4700012,353.5,344.3099976,347.0899963,345.3060608,12985600
3/11/2026,353.9299927,357.3500061,350.3599854,354.5599976,352.7376404,10683300
3/12/2026,345.9299927,346.8900146,336.3800049,336.7099915,334.9794006,17549400
3/13/2026,343.9200134,344.519989,336.2200012,338.3099976,336.571167,17299900
3/16/2026,341.25,344.6300049,339.8200073,340.230011,338.4813232,11123500
3/17/2026,340.6000061,346.7600098,338.3999939,345.980011,345.1716614,11434600
3/18/2026,345.7799988,347.9500122,339.3399963,339.5700073,338.7766418,12632600
3/19/2026,329.2200012,339.8999939,325.1900024,338.7900085,337.9984741,15411600
3/20/2026,336.6799927,337.6000061,325.8999939,329.2399902,328.4707642,17424200
3/23/2026,331.1000061,343.4100037,331.1000061,338.4500122,337.6592712,15857200
3/24/2026,335.5700073,344.8800049,334.019989,343.25,342.4480286,9725000
3/25/2026,346,350.4500122,343.5,347.75,346.9375305,12166900
3/26/2026,339.8200073,340.9100037,325.3699951,326.1099854,325.348053,14560200
3/27/2026,324.8299866,329.5599976,322.3099976,326.7399902,325.976593,14484500
3/30/2026,327.2000122,329.6000061,313.7999878,316.5,315.7605286,15740000
3/31/2026,322.3099976,338.4100037,321.1400146,337.9500122,337.1604309,18488000
4/1/2026,343.8999939,348.6799927,339.75,341.4899902,340.6921387,15011600
4/2/2026,326.8399963,342.0700073,326.7999878,339.0400085,338.2478943,8994600
4/6/2026,339.75,344.2000122,338.6199951,341.7600098,340.9615173,5884800
4/7/2026,339.4400024,345.5299988,335.6499939,345.3200073,344.5132141,6823500
4/8/2026,370.2900085,374.2999878,359.2399902,365.8999939,365.045105,16356900
4/9/2026,363.2999878,368.1700134,360.7200012,365.4899902,364.6360779,9246000
4/10/2026,375.5899963,378,369.75,370.6000061,369.7341309,13168200
4/13/2026,370.2600098,371.4599915,366.0499878,369.5700073,368.706543,9596300
4/14/2026,379.0400085,382.1600037,373.2200012,379.8900146,379.0024414,12859500
4/15/2026,381.4100037,381.980011,372.2099915,375.1000061,374.2236328,14955500
4/16/2026,368.8599854,370.2000122,360.5499878,363.3500061,362.5010681,26405800
4/17/2026,373.2000122,375.5799866,365.1400146,370.5,369.6343689,18419400
4/20/2026,369.2200012,370.0700073,364.25,366.2399902,365.3843079,11638300
4/21/2026,368.0799866,370.75,365.1099854,368.0799866,367.2200012,9808200
4/22/2026,371.7799988,387.9100037,370.6400146,387.4400024,386.53479,16317200
4/23/2026,384.25,388.7600098,375.8099976,382.6600037,381.7659607,12224900
4/24/2026,396.1400146,409.4899902,393.8500061,402.4599915,401.5196838,21603600
4/27/2026,413.75,414.5,400.3999939,404.980011,404.0338135,16561200
4/28/2026,392.1199951,397.8699951,384.7000122,392.3399963,391.4233398,14715800
4/29/2026,392.9100037,395.8500061,388.1799927,393.8299866,392.9098511,10313000
4/30/2026,397.8099976,398.7900085,385.7099915,396.0599976,395.1346436,12788100
5/1/2026,393.4400024,403.9899902,392.1300049,397.6700134,396.7409058,9926400
5/4/2026,404.519989,407.7000122,395.2000122,401.6099854,400.6716614,9978500
5/5/2026,404.6000061,406.1300049,392.6000061,394.4100037,393.4885254,14579000
5/6/2026,402.3999939,419.7000122,400.6499939,419.5,418.5198975,17736400
5/7/2026,418.0899963,420,408.1099854,414.1499939,413.182373,13403200
5/8/2026,416.9500122,417,400.8800049,411.6799927,410.7181396,18531200
5/11/2026,406.7399902,407.730011,398.1900024,404.5400085,403.5948486,14680000
5/12/2026,397.75,402.2399902,386.1199951,397.2799988,396.3518066,18121800
5/13/2026,398.269989,404.6799927,391.4700012,399.7999878,398.8659058,13127800
5/14/2026,403.2099915,421.9700012,402.1000061,417.7200012,416.7440491,18577100
5/15/2026,406.5,409.8699951,398.8299866,404.3500061,403.405304,11868600
5/18/2026,406.8800049,406.8800049,391.0499878,395.9500122,395.0249329,12117200
5/19/2026,389.5100098,398.8800049,385.0599976,392.6099854,391.692688,14083000
5/20/2026,397,403.8800049,395.9500122,401.6199951,400.6816711,10254300
5/21/2026,399.5100098,411.4599915,399.5100098,407.1499939,406.1987305,8937900
5/22/2026,409.4299927,410.6700134,402.8599854,404.519989,403.5748901,7111900
5/26/2026,413.1199951,416.4899902,410.0700073,412.3200073,411.3566589,10132000
5/27/2026,427.019989,430.5499878,415.3800049,422.730011,421.7423401,14695600
5/28/2026,422.2200012,427.6000061,414.7099915,424.8599854,423.8673401,8905800
5/29/2026,427.0700073,430.4400024,417.25,418.4500122,417.4723511,11232300
6/1/2026,424.8800049,449.3900146,422.5,435.6300049,434.6122131,18040400
6/2/2026,440.5799866,448.3800049,436.0100098,446.6900024,445.6463623,10147900
6/3/2026,449.9899902,450.1600037,434.5299988,436.6900024,435.6697388,10245200
6/4/2026,430.6300049,448.0100098,427.2999878,444.9200134,443.8805237,10974100
6/5/2026,429.769989,433.8999939,412.7900085,415.1700134,414.2000122,19644200
6/8/2026,423.769989,433.8099976,422.5299988,426.7999878,425.8028259,11245400
6/9/2026,430.8800049,438.1600037,405.5100098,427.9200134,426.9202271,21199500
6/10/2026,413.9599915,426.3200073,407.7000122,408.75,407.7950134,13139700
6/11/2026,413.2600098,422.25,408.8599854,421.0700073,421.0700073,13826500
6/12/2026,420.0499878,426.9400024,417.2099915,423.9299927,423.9299927,10362500
6/15/2026,438.6799927,442.5799866,431.9299927,441.3999939,441.3999939,11184900
6/16/2026,436.019989,440.3299866,425.2000122,425.8299866,425.8299866,10943500
6/17/2026,434.75,442.5,431.6400146,432.1499939,432.1499939,10934100
6/18/2026,438.8800049,465.2200012,438.3900146,462.1199951,462.1199951,25817100
6/22/2026,476.0899963,476.7900085,465.1700134,467.6700134,467.6700134,13686200
6/23/2026,439.1799927,447.3299866,434.1900024,436.3900146,436.3900146,20364500
6/24/2026,433.980011,443.8599854,432.5799866,440.8299866,440.8299866,9991200
6/25/2026,452.8999939,452.8999939,432.4400024,434.9899902,434.9899902,14769500
6/26/2026,425,436.1300049,419.1900024,432.3500061,432.3500061,17974100
6/29/2026,437,456.1000061,431.0899963,455.1000061,455.1000061,14881400
6/30/2026,455.6099854,479,453,477.5700073,477.5700073,15074300
7/1/2026,467.6700134,468.5100098,443.4700012,444.230011,444.230011,18534800
7/2/2026,450.5400085,461.4700012,429.5,434.1600037,434.1600037,18375000
7/6/2026,447.7799988,460.0299988,445.6000061,451.7900085,451.7900085,12788500
7/7/2026,438.019989,439.7999878,428.1099854,432.5700073,432.5700073,14898400
7/8/2026,429,440.4899902,428.75,436.980011,436.980011,11411200
7/9/2026,446.730011,447.6900024,436.3900146,436.9599915,436.9599915,11455600
7/10/2026,438.6700134,439.6600037,428.1000061,434.1099854,434.1099854,9595100
7/13/2026,433.8200073,437.9899902,420.2900085,421.5799866,421.5799866,14329800
7/14/2026,430.8699951,431.0599976,418.8599854,420.3900146,420.3900146,14279000
7/15/2026,425.75,428.8900146,410.75,419.480011,419.480011,17012300
7/16/2026,405.2900085,415.9500122,403.5,409.7399902,409.7399902,24891300
7/17/2026,392.1199951,404.7000122,386.019989,398.3699951,398.3699951,20986500
7/20/2026,407.7099915,409.8900146,400.0799866,402.2999878,402.2999878,11653600
7/21/2026,418.7399902,425.3999939,413.5599976,424.6099854,424.6099854,18210100
7/22/2026,414.9100037,424.8099976,414.2099915,421.2099915,421.2099915,10259500
7/23/2026,415.8399963,420.8399963,411.7999878,415.5799866,415.5799866,11048800
7/24/2026,411.3500061,412.9200134,400.7999878,403.4100037,403.4100037,11525100
7/27/2026,406.0799866,407.4299927,388.7999878,399.0899963,399.0899963,17932300
7/28/2026,385,395.3599854,381.2999878,392.3099976,392.3099976,18276300
7/29/2026,388.0799866,391.25,372.7200012,374.6700134,374.6700134,21700200
7/30/2026,392.4899902,406.769989,387.6000061,403.3099976,403.3099976,17474200
7/31/2026,419.5,420.3500061,398.7999878,404.25,404.25,11956100
8/3/2026,400.5899963,407.4400024,398.2000122,406.1099854,406.1099854,12676900
8/4/2026,418,420.25,412.1099854,417.1700134,417.1700134,13929100
8/5/2026,419.3200073,426.2999878,413.0700073,414,414,12790400
8/6/2026,409.5400085,423.9100037,407.9899902,418.2000122,418.2000122,10628900
8/7/2026,424.7900085,424.7900085,413.1000061,420.0400085,420.0400085,9159600
8/10/2026,420.3399963,425.8800049,416,418.4700012,418.4700012,11776100
8/11/2026,424.2000122,424.8999939,418.8699951,422.0599976,422.0599976,9703600
8/12/2026,432.6499939,433.2799988,427.019989,429.1499939,429.1499939,9534200
8/13/2026,429.1499939,436.0400085,428.3900146,430.4899902,430.4899902,8194000
8/14/2026,429.2000122,429.269989,424.1000061,426.3500061,426.3500061,6324700
8/17/2026,429.9700012,435.7099915,426.7999878,430.9700012,430.9700012,9479400
8/18/2026,417,419.6300049,410.769989,413.4100037,413.4100037,14030100
8/19/2026,418.1300049,419.6000061,407.8800049,412.0899963,412.0899963,8424700
8/20/2026,408.6000061,417.9599915,407.7200012,416,416,10447900
8/21/2026,423.019989,425.6799927,416.7000122,418.9500122,418.9500122,8947200
8/24/2026,413.8699951,414.3399963,405.1499939,410.1199951,410.1199951,10645600
8/25/2026,414.5899963,419.769989,414.0299988,417.4100037,417.4100037,7049800
8/26/2026,418.4500122,420.75,414.4100037,417.6900024,417.6900024,7449300
8/27/2026,423.019989,429.6400146,420.5299988,427.2999878,427.2999878,12749800
8/28/2026,427.4899902,429.1199951,417.3200073,417.519989,417.519989,8896900
8/31/2026,417.230011,423.7999878,414.6000061,415.3200073,415.3200073,6748000
9/1/2026,417.7999878,418.6199951,412.0700073,414,414,7920800
9/2/2026,413.2000122,416.5,411.269989,415.5,415.5,6301000
9/3/2026,413.2900085,417.2999878,407.8200073,417.0100098,417.0100098,7827800
9/4/2026,421.8800049,429.8200073,419.4200134,428.9100037,428.9100037,12276300
9/8/2026,438.019989,444.2900085,433.7200012,439,439,13079900
9/9/2026,434.4599915,439.3999939,431.8699951,435.3599854,435.3599854,7499300
9/10/2026,426.4400024,432.5299988,424.0499878,428.0299988,428.0299988,8341200
